fatigue_score,acceleration,angular_velocity,body_orientation,ground_reaction_force,step_count,cadence,jump_height_cm,range_of_motion,impact_force,gait_symmetry,speed,training_duration,previous_injury_history,rest_period,repetition_count,workload_intensity,acc_rms,injury_risk
54.8318,-0.7181,-0.0038,-84.2362,585.6999,108,78.7004,28.3371,95.615,233.8411,0.9046,4.6569,62.6802,0,5.1179,31,4.754,0.9044,0
59.2241,1.9425,-0.4612,-42.1329,605.1571,121,71.2387,54.6651,116.0551,228.5928,0.8616,9.7373,68.1934,0,6.0456,27,4.7049,1.1847,0
47.615,0.5675,0.5089,19.0752,550.0607,90,78.7966,43.7352,48.9517,233.2825,0.9173,1.5446,89.8554,1,7.2662,36,5.6877,0.9,0
36.0396,-2.0979,0.2654,126.166,592.6405,90,88.4312,45.6024,39.2678,248.6914,0.8988,7.2113,69.3327,0,9.5789,27,6.7708,1.1466,0
55.0665,1.2078,0.2638,43.4657,564.9121,95,90.9639,40.9951,83.0956,607.5576,0.8454,9.9552,119.5893,0,6.2767,28,0.0,0.9003,0
52.5282,-1.1528,0.242,-172.0444,677.7369,94,78.5505,53.0813,68.9322,354.9152,0.6664,2.4861,117.9001,0,8.8458,41,3.7727,1.2053,0
52.7901,0.8934,0.5448,-70.2776,392.3451,85,79.1294,51.8539,59.862,228.822,0.6778,9.6299,78.9318,0,10.1912,32,5.7327,0.9906,0
36.1826,1.2922,-0.0777,131.3899,551.0619,90,61.6064,50.6208,99.779,401.7822,0.9149,3.6751,97.6603,0,8.307,43,4.2445,1.038,0
43.5978,0.1017,-0.6208,-93.5147,682.8189,104,82.7386,43.4846,79.3968,488.0014,0.9424,4.8258,140.9869,0,7.6805,36,7.0445,1.1599,0
40.6163,-0.9969,-0.1036,-47.5459,382.4416,85,77.3451,64.5916,58.9483,248.2239,0.8009,9.0137,60.4821,0,9.3368,26,1.6193,1.0522,0
53.9937,-0.7152,-0.8278,-39.7387,396.3334,82,79.0962,9.8691,78.4014,254.2165,0.9949,9.8785,90.7331,0,6.3984,33,5.6148,1.0802,0
54.3379,0.6293,-0.531,-124.397,578.6551,92,75.186,34.7219,113.932,120.2156,0.7181,3.628,53.8201,0,6.5229,39,3.9886,0.958,0
49.5651,-1.1355,0.8095,-54.0677,707.314,100,70.511,34.0408,53.5751,271.9528,0.8927,2.6446,97.5758,0,5.4426,31,5.1943,0.9473,0
59.6758,-0.5819,-0.5503,114.2715,479.8614,98,71.266,62.9195,70.6785,380.2103,0.8679,6.7107,26.6618,0,11.1791,30,4.4818,1.1278,0
64.9071,0.5129,-0.587,125.6738,514.3303,102,73.2332,39.2196,55.9008,266.3735,0.8986,6.9125,94.8092,1,9.1677,30,9.4101,0.9332,0
53.5306,-0.6512,0.3348,29.1231,554.5776,88,66.7324,30.5343,81.7934,196.3869,0.7664,1.0588,110.46,0,5.3075,23,6.4221,1.1504,0
56.7107,1.4208,0.4316,64.3463,426.9841,104,82.9143,53.4596,111.1748,151.1925,0.6977,6.8092,80.294,0,6.7363,37,5.7494,1.0553,0
44.5845,-1.0381,-0.8332,12.4462,829.0605,99,85.6046,66.0014,88.7289,331.1108,0.7619,7.6341,93.0836,0,8.3846,27,7.564,0.9117,1
42.7457,-3.2882,0.1244,-164.0619,361.3057,98,78.6225,64.7864,47.498,237.6867,0.6759,1.1798,56.7927,0,7.9185,28,9.3858,0.8765,0
60.0974,-0.7782,-0.2742,70.8066,513.5068,96,81.7672,68.5781,41.6251,502.717,0.6447,9.7979,94.9014,0,8.8232,35,6.678,1.1585,0
41.2526,0.3101,0.1653,178.7583,515.9176,95,77.705,52.3762,33.1597,305.3345,0.8737,6.013,117.0622,0,6.8486,30,5.7779,1.205,0
56.9706,0.8633,-0.1513,-97.9836,171.7445,93,91.4232,55.6145,105.659,222.2013,0.9943,7.2122,126.3379,0,10.1452,18,8.9642,1.0293,0
67.1947,-0.4084,-0.6828,173.5744,373.6523,101,80.5405,44.8133,72.4431,388.1424,0.8668,6.2257,76.4798,0,5.9217,30,5.8468,0.9075,0
56.5348,-0.2772,-0.2407,179.1985,297.172,116,82.7766,43.475,68.0469,504.063,0.6538,5.7853,61.1063,1,10.5945,24,5.9781,0.9085,0
49.1907,-0.0309,0.3129,-129.0547,608.0413,107,88.0359,30.5224,53.7695,480.6933,0.8086,3.586,45.98,0,8.068,27,5.2717,1.1976,0
36.5968,1.7419,0.9719,153.4087,246.0197,101,79.7613,63.8636,68.7081,208.0189,0.8417,4.3898,126.4961,1,5.1676,28,8.9656,0.9972,0
51.633,0.3788,0.1949,63.1917,641.2819,110,93.9312,14.0639,61.7172,173.5051,0.8943,8.5401,72.3223,0,8.1457,21,5.126,1.1352,0
60.091,-0.4928,-0.1955,-12.1061,323.0347,104,73.3534,23.8558,96.9361,170.5474,0.9102,7.5783,73.7611,0,6.3054,26,6.6427,1.1175,0
48.2104,2.0518,-0.5898,-55.9221,644.2279,102,97.2605,87.3422,93.6243,369.9254,0.6791,7.2794,22.7056,0,9.1202,27,9.7182,0.9394,0
60.2149,0.0112,-0.0792,46.7286,290.5317,94,78.0325,47.6847,70.1422,270.8372,0.7309,9.6394,80.3882,1,10.7954,28,8.6499,1.0787,0
53.6502,-2.0753,-0.1892,123.4032,563.6054,121,73.4738,52.801,88.8389,231.4923,0.8173,6.4487,173.5297,0,4.5196,30,6.8115,1.1165,0
52.9134,-1.3868,0.1529,-167.7232,640.271,86,64.3121,25.7568,83.0405,382.4902,0.6018,3.6164,146.895,0,9.2284,28,7.2124,1.1223,0
46.8321,0.5582,-0.0298,12.7664,585.9666,95,88.7153,59.7097,87.6934,212.0268,0.6793,7.1282,91.4756,0,7.8857,34,6.7881,1.1866,0
35.4396,-1.7772,0.2398,54.095,316.8322,88,76.3452,77.4883,98.3428,401.6224,0.9828,9.3432,130.7789,0,6.329,33,2.9604,1.0241,0
45.7489,0.4981,-0.1799,-170.7828,669.4657,109,81.4357,79.0133,38.2751,199.6081,0.7429,10.5856,70.0539,0,10.0513,34,5.5991,0.8853,0
45.6695,-0.78,0.8546,140.0679,581.8679,117,82.6125,19.67,104.8682,265.243,0.8982,5.9215,135.9002,0,8.4178,35,8.4918,0.8823,0
55.7544,1.1777,0.2919,162.6444,146.3221,106,75.1231,73.3705,55.4416,438.7125,0.7889,4.2896,96.4889,0,8.6053,38,6.4754,1.062,0
49.8478,0.1675,-0.3533,40.4969,516.604,101,90.734,50.2053,64.3473,312.4635,0.9996,10.1936,110.6142,0,9.4558,34,10.0535,1.1383,0
60.8317,-1.637,0.5006,-137.8796,925.0567,121,84.5488,-0.5377,54.8896,196.7528,0.9606,5.067,73.8246,0,8.8171,31,6.0709,0.9003,0
52.8135,0.9142,-0.578,155.6682,667.4722,89,71.4832,19.2015,104.4141,451.4852,0.7147,11.5755,105.5631,1,12.9037,29,7.739,1.1455,0
44.9565,1.3636,-0.4273,109.8026,425.1483,107,66.5586,12.3844,108.2794,413.4883,0.9211,5.1833,181.8563,0,10.8208,31,4.7276,1.1996,0
41.8512,-1.2768,-0.4005,-169.7226,581.6049,90,87.8125,62.0373,42.6424,443.864,0.8209,11.837,121.1542,1,4.453,38,4.9765,1.2047,0
43.9663,-0.8028,0.6642,28.4967,441.074,92,77.5892,46.2646,76.9809,129.1446,0.7222,1.1791,73.4942,0,10.4965,29,5.0159,1.1573,0
51.6077,0.5024,-0.0894,-138.7666,652.186,99,86.9791,36.9792,64.3604,329.9307,0.8061,4.1397,25.0645,0,7.5328,28,7.9912,0.8088,0
46.2721,0.6817,-0.3143,-129.2161,377.8695,98,77.5037,48.1035,46.3802,229.6326,0.7334,3.3322,68.9734,0,6.7742,24,4.6023,0.8086,0
39.2356,2.3532,0.0821,-110.6964,681.2861,95,82.1215,85.1275,80.0967,239.4714,0.6723,11.9255,92.8973,0,5.6234,33,4.5409,1.1836,0
60.0672,0.8909,0.271,-37.3721,638.0603,100,88.0542,44.1087,62.9037,364.2599,0.787,10.304,72.8418,0,10.9288,22,5.8963,0.849,0
51.5231,2.4008,0.7946,135.4978,596.3929,107,64.9879,56.5742,94.4028,124.9884,0.77,8.8586,93.86,0,5.4917,28,5.227,0.9138,0
52.7472,0.0194,-0.7485,-168.8129,810.6235,109,96.861,62.6076,105.2628,315.8373,0.7259,11.0122,84.5734,0,8.0962,27,5.9842,1.1626,1
41.7738,0.3836,0.6317,68.1159,650.8767,90,83.7563,25.7179,31.2178,453.325,0.8476,10.9878,120.729,0,10.2349,27,4.4358,0.9653,0
39.584,-0.5681,-1.0337,167.2383,653.2376,106,59.5597,61.2928,79.2924,314.5075,0.6513,2.383,35.3841,0,8.5214,25,5.5115,0.9192,0
48.3776,-0.5226,0.4531,50.844,668.9603,100,93.4812,68.3948,82.2769,409.3626,0.9893,4.095,86.6508,0,6.3214,44,3.0277,0.8706,0
29.7178,0.1471,0.5816,113.6178,607.0626,96,89.8867,70.0011,58.6288,312.0432,0.6848,0.5786,102.3287,0,7.5058,39,5.9302,1.157,0
57.7981,-0.5825,0.6075,144.638,569.6295,91,78.101,47.0779,102.2492,214.745,0.8451,3.7024,13.6201,0,7.1561,33,5.3614,1.0206,0
42.9598,-2.5641,0.2844,77.3272,398.4098,92,93.9576,68.7353,111.8617,492.9871,0.7607,8.5649,59.2306,0,6.72,27,8.8702,0.91,0
47.323,-0.6668,-0.5326,57.5434,400.4699,95,73.6122,59.8199,98.7796,280.7731,0.6039,8.5559,125.7266,0,10.0476,29,6.7483,1.0227,0
54.2692,1.0767,0.3735,-173.532,564.8076,110,78.6977,51.3576,77.465,174.0485,0.685,5.337,87.9263,0,5.962,30,6.6938,1.1824,0
47.7536,0.0728,-0.5338,6.8001,591.3805,93,103.4445,68.3152,31.0082,161.2572,0.8205,2.025,104.0786,0,8.458,32,5.894,0.8376,0
38.3163,0.0784,-0.4693,-11.0787,502.6737,101,85.2088,84.8857,67.9688,281.4223,0.7396,0.5442,64.9488,1,9.8716,30,4.5351,1.0265,0
65.057,-0.7634,-0.2281,8.174,427.7631,92,90.839,68.4667,92.439,387.4073,0.9345,2.9883,55.2084,0,5.7969,35,7.217,1.0514,0
34.6742,0.333,-0.1831,-24.3071,479.5838,92,88.1685,48.5136,44.3464,298.9103,0.8692,0.9956,89.4301,0,7.7659,30,4.5884,0.8552,0
27.6345,1.6587,0.1204,146.3607,492.0748,91,66.1423,40.2361,99.8224,150.2692,0.6627,11.8844,132.6357,0,7.3995,26,6.3265,1.0781,0
58.746,1.4007,-0.3477,140.0508,541.259,105,82.9907,60.5441,85.2178,308.3688,0.9741,1.7584,77.0447,0,9.3899,29,1.0521,1.11,0
35.4057,0.3659,0.1648,-134.7485,466.6772,121,82.0716,53.0857,59.8464,409.0924,0.6966,9.7453,88.2611,0,5.2157,28,6.4514,1.1069,0
62.5278,-0.8537,-0.6862,11.8414,674.8563,99,91.8582,72.4521,106.3668,287.2553,0.6243,4.4718,101.4809,1,11.159,24,5.5924,0.8744,0
53.7689,1.7672,0.0194,165.4412,483.3958,92,95.0092,30.9891,87.8805,445.6664,0.7944,7.4305,117.7728,0,9.4013,26,3.1033,1.0618,0
52.83,1.0592,-0.1362,35.5191,403.5023,100,92.8978,70.7407,57.312,216.4022,0.7751,6.4509,111.7058,0,5.1433,28,5.3738,1.0402,0
44.3097,-1.4808,0.5069,108.6006,487.8804,112,75.2692,22.0867,47.7565,389.7612,0.7964,0.6744,118.5748,0,6.7427,29,6.6253,0.9018,0
41.746,-1.7568,0.5572,-45.5904,334.7918,98,65.6292,46.4977,44.1236,348.4092,0.6289,10.8801,50.2174,0,9.2388,27,2.9542,0.8111,0
46.2375,-1.4254,-0.085,-44.1904,801.9984,100,84.9972,61.6652,118.8042,352.8209,0.7187,10.8046,93.7877,0,10.1862,45,8.0209,1.1915,0
41.2278,-0.4937,-0.9797,-62.7526,598.3273,88,79.1132,47.753,108.2052,344.5292,0.9687,3.5765,85.8688,0,6.4824,22,6.3888,1.1285,0
62.0767,0.9018,-0.7371,-172.1356,498.1063,100,69.4824,58.7768,91.9335,267.1136,0.9183,1.6013,73.3761,0,6.7411,23,6.3279,1.0883,0
42.5725,0.878,0.5619,152.9466,712.4686,92,73.0374,77.7133,72.3523,330.0196,0.6591,1.2179,72.2588,0,9.1463,32,7.7599,0.9349,0
55.0635,0.3407,-0.0717,-54.129,469.2433,114,79.4102,38.6564,106.3316,257.3065,0.7153,10.1359,126.5929,0,7.0072,34,6.4404,0.9944,0
60.0521,-0.1405,0.8746,-47.8483,494.9807,89,82.5817,21.9214,93.2882,327.4244,0.8988,7.0025,58.6508,0,6.5027,27,4.0667,1.0447,0
41.1882,2.3713,0.4483,93.4371,394.3773,78,74.4399,27.301,80.1521,329.1988,0.9432,4.4934,29.447,1,9.435,27,3.3117,0.8244,0
53.7659,0.034,0.1276,9.6815,358.9178,92,79.841,48.225,100.1892,276.6895,0.6561,4.0904,68.9927,0,8.4519,30,5.6433,1.0157,0
41.0612,-0.087,0.0643,-49.6648,531.6238,108,79.2707,74.9177,40.7312,285.7648,0.8386,6.5566,51.1858,0,13.177,28,4.7902,0.9797,0
48.2647,-0.5076,-0.5744,138.1023,659.6027,98,82.7485,43.7235,108.6968,157.1392,0.7756,3.264,114.1575,1,5.6571,30,4.9583,0.956,0
45.4137,2.212,-0.3157,117.1365,368.2599,86,70.2411,93.1186,41.507,305.2384,0.7943,0.2351,85.4156,0,4.7806,17,7.3665,1.0375,0
43.0456,0.7209,0.2081,171.6486,464.1091,103,73.0187,24.5739,111.3883,359.0731,0.9172,4.9804,111.8915,0,6.5128,27,7.421,0.9187,0
51.5779,-1.0345,-0.1725,50.7678,469.466,103,93.486,15.0264,49.7848,324.1508,0.8373,10.5129,68.7357,1,11.119,24,8.6715,0.8903,0
37.8588,-1.153,0.2341,68.4348,615.7323,91,77.4094,54.6868,64.947,314.2777,0.8229,9.6362,63.0349,0,8.7716,17,5.836,1.1302,0
59.2923,-1.68,0.5146,-63.1802,435.2847,117,84.7645,38.6654,98.4133,156.3814,0.7521,10.9391,129.0537,0,8.8578,43,3.7796,0.8959,0
39.1846,-0.0968,-0.0898,-144.1512,612.9687,106,67.8199,34.9498,40.2288,338.2281,0.7292,7.972,95.6776,1,9.1365,21,5.317,0.8864,0
37.3291,-1.4985,-0.2158,-141.87,607.3129,104,91.8774,50.4258,117.7251,177.0372,0.8918,0.5978,87.9802,1,6.3701,27,5.2099,0.8804,0
47.477,-1.1676,-0.4482,52.5386,400.7054,103,91.5158,25.3555,97.4205,224.8672,0.966,5.5989,80.3139,0,8.7178,38,7.4878,1.0484,0
46.275,1.0683,0.4174,-139.2222,456.0441,100,82.9889,60.9091,53.4461,184.6405,0.6102,0.255,60.2347,0,8.8333,17,4.8936,1.0014,0
53.5556,0.891,0.3768,146.3856,512.0721,99,73.8601,53.9101,109.8844,196.9311,0.7905,11.6369,76.667,0,10.1107,33,6.8463,1.0217,0
50.8483,1.4914,1.0935,73.3927,434.45,88,65.6373,42.8401,33.7305,314.2665,0.8268,8.1736,99.0393,1,8.0212,26,6.7055,1.0354,0
33.7264,-1.4703,0.0884,-98.5656,365.7724,95,102.7433,54.2187,30.979,164.6239,0.7135,0.1948,137.4797,0,6.6098,35,7.5778,0.854,0
59.8657,-1.0023,-0.0483,-79.4838,722.3615,105,75.9453,88.2457,59.131,176.7718,0.6353,11.5496,102.0852,0,7.1346,32,3.9416,0.9873,0
47.2266,-0.6286,0.2337,75.5905,232.6031,108,65.663,45.0808,39.1384,458.2262,0.6674,4.4755,42.6147,0,9.4532,24,3.8191,1.0713,0
52.4146,1.6401,-0.144,116.6832,534.9216,90,74.0333,40.1857,103.7932,486.6519,0.8829,1.7886,95.4015,0,4.7377,21,7.4823,0.8737,0
72.0216,0.0629,-0.4427,122.1948,704.68,96,83.993,63.4346,64.6064,399.4818,0.6874,8.7386,102.2436,0,7.438,29,5.5565,0.9219,1
62.8644,1.822,0.0444,36.3698,379.1442,98,67.5258,36.7327,85.764,270.0662,0.759,1.8333,133.8523,1,10.9933,24,5.0694,0.9283,0
52.1053,0.6274,0.2289,-124.1165,503.9526,93,74.0961,59.6265,104.0611,413.9884,0.6063,2.6603,110.0799,0,7.7077,28,8.1187,1.0905,0
36.2693,-0.1124,0.262,114.6094,635.4179,101,65.5906,66.4278,43.7694,353.4798,0.6681,1.0497,78.9727,0,11.4804,22,5.4827,0.8245,0
36.4367,0.5738,0.222,104.9917,43.6299,95,94.4322,77.9913,117.6313,105.1581,0.9265,8.4216,93.0425,0,10.4709,36,5.5966,1.1317,0
61.6204,-1.7294,0.5319,120.7287,492.4412,101,79.1713,43.5832,88.6387,416.0009,0.8106,2.5475,73.1506,0,9.0933,30,7.1128,1.0764,0
45.9818,-2.0542,0.2603,-123.241,264.1567,118,65.4767,23.5998,35.8871,174.854,0.6391,9.7894,94.0001,0,8.1923,23,7.8182,0.9136,0
48.3159,0.2593,0.1353,66.3688,644.5012,117,70.9991,44.8581,78.6267,248.6879,0.6331,7.4409,173.9301,0,10.5516,34,8.1976,1.0771,0
38.5453,0.0144,-0.6328,165.6878,381.1354,126,73.5483,53.5339,108.3776,330.2561,0.9683,4.6736,107.7252,1,7.8591,32,8.0486,1.0924,0
54.4585,1.9336,0.1229,-87.8178,767.6676,93,80.2304,37.6493,110.8121,329.4261,0.7486,11.6646,22.2298,0,5.4418,34,5.7382,0.9653,1
61.4141,-1.3789,-0.0854,78.0221,356.7601,102,70.8845,52.6406,97.3056,338.3328,0.9067,2.3682,88.8521,1,9.046,27,6.3721,0.8878,0
65.2355,0.3725,-0.5608,-86.7897,567.4476,106,76.3486,84.8572,117.5003,419.7258,0.7747,9.1396,127.1042,0,8.3705,25,6.2605,1.1709,0
45.5185,0.6953,0.2504,-69.4453,368.5422,103,73.6268,38.5836,74.912,327.0478,0.6496,1.8382,108.6185,0,9.2074,39,4.0663,1.1295,0
56.4488,0.3428,0.2591,-5.3035,464.4054,108,65.6337,33.8277,66.2753,315.8215,0.8101,2.6756,101.9472,0,9.6856,32,6.1018,1.0271,0
49.0491,1.0989,0.2127,142.1835,499.3606,82,70.8487,68.7688,49.8793,453.3477,0.6397,1.5391,107.1306,0,9.2374,28,4.9851,0.8417,0
58.8028,-0.6324,0.2778,-166.0817,503.8695,96,72.2839,25.2195,71.1773,292.0473,0.9452,11.228,84.7842,1,7.4133,30,4.1498,0.9124,0
49.9603,0.8322,0.062,176.2709,748.2277,95,67.8067,50.2581,107.161,288.4505,0.6197,5.6957,89.6009,0,6.0883,38,6.6166,1.0189,0
41.7587,0.5615,-0.1234,97.9478,714.1008,85,65.5652,39.5251,34.9002,344.8189,0.88,10.0508,83.0049,0,7.9568,27,5.496,0.984,1
63.2016,1.1659,0.885,-50.4796,387.593,109,74.0482,16.9331,50.162,500.0351,0.991,0.6745,88.1306,0,5.3139,39,4.2482,1.0826,0
50.9854,-0.5112,0.0741,-52.5023,506.4274,108,88.6463,47.144,117.4439,231.183,0.9543,7.0087,81.9504,0,4.7489,32,6.0484,1.19,0
46.4854,-1.1862,-1.2713,-6.1268,325.4431,99,78.5207,37.4462,101.1361,128.3796,0.9625,5.4067,99.9932,0,5.9672,27,1.8098,1.0424,0
51.7778,-0.6286,-1.2139,135.1723,291.2989,95,48.1696,60.1328,55.0587,298.984,0.7022,11.8483,133.8728,0,7.3298,31,7.9255,0.9149,0
42.6336,-1.0631,0.6025,-173.5498,399.9635,101,90.1011,53.9976,105.4502,439.7036,0.787,9.5166,45.0238,0,11.3431,34,4.4594,0.9141,0
54.1525,-0.565,-0.917,17.3699,752.4997,100,73.0698,53.508,42.988,358.4734,0.6926,11.1323,96.4315,0,10.285,23,6.7767,1.1842,0
48.037,-0.3343,-0.2722,-159.8089,246.861,92,94.3795,31.0298,90.0124,248.5138,0.8754,5.6929,106.181,0,7.4766,25,8.3167,0.9771,0
42.0521,-0.9114,-0.6079,-138.3837,586.4457,95,88.0674,38.6885,47.9348,300.6669,0.8622,9.7295,106.65,0,8.9219,21,5.9799,1.0024,0
73.769,0.0078,-0.1513,68.6397,569.0502,97,76.9334,55.0256,77.7942,201.692,0.7186,2.4949,64.9729,0,6.0033,30,4.4278,0.8682,0
39.9271,-1.179,0.1931,-95.6488,388.5184,87,78.0496,32.2197,86.8732,121.7461,0.7639,8.4205,74.776,1,8.7574,21,8.2189,0.96,0
53.5328,-0.0732,-0.3323,-165.0259,596.7479,117,68.591,49.2331,96.0257,271.5663,0.7522,11.6443,119.1512,0,9.184,33,6.1805,0.9657,0
50.568,-0.4952,-0.4078,-120.8746,596.0644,114,86.5151,56.9972,111.6102,200.4416,0.879,7.3277,95.9163,0,4.6903,26,7.5804,1.1746,0
39.744,-0.1212,0.3646,-104.8903,494.3793,76,96.1655,64.9784,101.4107,268.7015,0.6075,0.2656,86.4678,0,9.0151,28,6.5822,1.1182,0
46.6267,0.3934,1.3159,97.1215,477.4415,112,72.7308,39.1919,56.8369,151.2224,0.9701,4.142,79.0316,0,8.7254,28,8.5149,0.9098,0
36.5745,-0.4182,0.2702,44.9727,463.1727,101,73.9703,42.1604,105.8762,472.2008,0.6565,7.1542,104.7035,0,5.8434,34,6.7352,1.0869,0
70.6649,-0.778,-0.457,84.6446,373.4106,111,99.7358,53.9248,35.6456,394.8162,0.726,1.3915,86.9609,0,11.3617,28,6.9661,0.9202,0
47.3204,-0.6545,0.4356,-46.864,524.8087,113,80.8631,35.3473,96.2796,246.7255,0.6188,4.8214,119.9039,1,9.1342,30,6.8314,0.8463,0
48.1719,1.0231,0.8721,-139.2722,424.2331,85,64.7597,22.338,73.4964,304.6208,0.7757,5.4112,63.386,1,7.0368,23,7.0667,1.1365,0
69.452,1.2763,0.5317,109.9044,524.2287,117,66.3614,57.0695,69.5664,406.1793,0.895,10.5539,80.9784,0,8.0306,23,7.1275,0.9709,0
41.7602,-0.5149,-0.7719,-129.4535,408.4913,113,97.0427,44.7668,93.0455,330.7713,0.9138,6.8453,128.548,0,6.6401,34,5.5811,0.8061,0
62.9441,-0.1545,0.2642,-42.2346,401.4083,112,84.737,60.7173,35.4572,265.2748,0.7447,6.5713,91.5741,0,6.2203,37,5.1669,0.9195,0
55.9253,-1.7044,-0.2295,-85.5798,418.2892,99,69.4974,38.5541,108.5676,347.1313,0.7528,4.3833,47.9889,0,6.9958,33,6.3307,1.1224,0
30.2101,-0.1819,0.0263,-73.2475,690.3522,119,83.373,51.7467,53.3062,273.6534,0.7359,4.6078,140.3567,1,11.7733,23,6.0286,0.8796,0
46.2891,-1.4516,-0.1871,36.6684,293.3917,100,71.6785,13.9188,103.2796,285.6587,0.6879,6.7604,98.0899,0,5.3436,32,0.6431,1.034,1
54.3661,-0.4883,0.3714,-120.8332,765.8875,107,60.7992,62.1554,59.0468,474.7495,0.8858,1.9621,110.0898,0,7.6652,34,9.0565,1.0748,0
50.3557,1.0774,-0.1765,-19.4854,615.2122,96,76.545,39.2648,96.0619,342.7284,0.9574,5.6233,66.6294,1,6.2793,24,5.042,1.0808,0
50.3826,-1.5019,0.7089,49.9278,265.5455,107,79.9127,47.2155,112.7404,292.137,0.7626,6.0887,73.8673,0,7.597,38,5.3004,0.8086,0
43.9284,-0.902,-0.0015,132.8088,413.2553,91,64.3288,46.9476,92.2161,200.4504,0.8882,8.2408,81.7907,0,9.81,34,4.0059,0.9971,0
42.8713,-0.8971,-0.1117,-46.3581,256.61,115,67.4311,43.0477,51.135,354.1124,0.7956,7.1381,65.2011,1,8.6539,25,3.5751,0.944,0
46.9159,-1.6689,0.2859,-65.271,597.0282,116,69.9826,51.2903,92.9927,403.604,0.6513,3.9249,77.9547,0,8.5239,45,6.3472,1.0308,0
69.6131,0.8627,0.1786,-47.575,691.4968,84,77.9566,50.2695,93.0035,415.415,0.8047,6.3684,59.6597,1,7.5476,21,1.8934,0.8732,0
40.9232,0.2772,0.3002,0.2869,534.3789,92,81.2868,54.3847,113.1958,556.5118,0.7068,0.2345,33.8879,0,7.758,37,9.1094,0.8628,0
45.1779,1.8089,-0.0666,-67.2859,682.858,112,65.5712,24.8353,53.0686,201.979,0.8677,8.2477,48.9046,1,9.0598,29,6.1717,1.1209,0
50.2885,-0.9953,0.6672,-89.8373,527.551,96,74.1791,65.4305,117.2419,99.7493,0.7797,2.7876,63.8374,1,8.6903,39,8.0095,0.9497,0
35.3685,-1.7722,0.4951,-44.8909,645.6469,86,75.2931,47.5187,91.6648,399.8702,0.8709,9.9929,76.5371,0,9.7818,33,7.0578,0.8239,0
54.3195,0.9413,-0.0061,100.0185,543.7964,105,62.6239,56.8098,58.6495,180.0482,0.7925,8.6807,75.8929,1,8.599,27,9.3861,1.1835,0
37.12,-0.3608,0.4113,-88.9867,502.1065,103,82.2481,47.4188,75.8787,184.2684,0.9045,1.9173,99.1433,1,7.1526,28,6.7069,1.0857,0
39.1276,-0.4666,-0.1315,124.0667,616.0497,95,85.9682,28.6899,98.5616,355.7084,0.9989,3.8641,133.8006,1,10.5611,28,6.2068,1.198,0
38.6475,1.478,0.2851,-77.3616,476.5518,102,83.1192,100.627,34.2693,331.3403,0.9441,8.971,79.0745,0,3.3354,33,9.65,0.8146,0
33.5942,0.1698,0.4127,37.1077,718.5413,109,66.7834,52.5195,60.2604,235.9422,0.8829,8.4583,70.1766,0,8.1657,30,6.17,0.9881,0
62.6833,0.9042,0.1249,169.5515,452.6812,108,85.9795,18.4446,109.8253,217.7957,0.6981,6.4608,126.6095,0,12.265,41,2.8635,1.0123,0
55.2159,-0.6226,-0.4101,162.6454,585.0742,98,78.9874,48.1595,39.6244,303.1997,0.8279,3.5368,90.3038,0,8.5419,26,7.3265,0.9695,0
59.2239,-0.7251,-0.5967,-23.5321,394.0001,89,89.825,42.1538,77.5206,252.0232,0.8534,6.2687,88.0036,0,9.8177,29,3.8137,0.925,0
58.3126,-0.3654,0.1467,-155.6943,264.0201,123,84.7827,46.755,81.8011,312.3751,0.893,11.8978,115.9488,0,4.683,40,3.5586,0.8298,0
48.3189,0.6704,-0.3619,144.9463,553.6931,115,83.1213,17.2772,55.8286,200.043,0.6775,4.8367,64.095,0,10.883,26,6.3156,0.8851,1
49.7048,0.0509,0.5272,-134.3102,229.4021,106,77.1796,50.5991,66.3895,212.1681,0.8068,6.3,73.4881,0,11.6952,28,7.122,1.052,0
60.1371,0.468,-0.7544,152.4777,822.3747,116,89.5615,32.5473,111.9188,145.3083,0.785,9.6336,87.1624,1,9.0719,24,4.1513,0.8442,1
66.3843,-2.6032,0.6586,83.747,446.8757,103,68.5655,79.514,35.4352,336.6222,0.7051,0.3383,137.8038,0,8.2302,25,4.6243,0.9008,0
37.4191,-1.882,0.0255,156.3261,488.3347,109,67.3611,47.8629,44.5268,235.236,0.8156,11.0044,31.1594,0,6.4149,30,7.6496,0.8554,0
75.1996,-2.1537,-0.4271,59.5411,453.4949,113,107.4202,64.3781,111.1069,372.8722,0.9636,10.173,93.8795,1,8.1532,46,6.7374,1.0634,0
36.8435,-0.3793,-0.2257,178.2406,521.116,97,60.5745,67.6824,46.1376,79.88,0.9076,6.588,65.511,1,8.4959,29,3.8415,1.1263,0
45.3804,-1.3977,-0.1018,-11.8794,551.0278,114,68.0867,58.9285,45.6839,161.3896,0.8232,6.4252,41.7503,0,7.0791,31,5.4704,0.9602,0
50.7407,1.6897,0.2415,-61.3363,374.0183,106,88.0372,53.2474,82.6012,282.5533,0.8919,10.9527,69.7771,1,8.6571,22,7.1656,1.0999,0
51.659,-0.0214,-0.6126,-38.4077,116.883,100,63.7292,71.956,118.593,232.292,0.9156,8.464,89.8994,1,9.6516,29,3.0634,0.9291,0
69.6383,0.2167,-0.4795,-53.896,334.8834,114,87.3647,37.5664,70.2265,191.9253,0.8892,9.188,90.9145,0,9.178,25,4.2601,1.0143,0
60.1191,-1.0898,-0.1621,-35.713,427.2125,107,92.2683,64.9671,77.0174,271.976,0.9443,2.7566,71.1545,1,7.3724,42,6.4266,1.009,0
54.1283,-1.121,-0.0154,138.6728,542.0334,81,93.4612,41.6877,104.3763,271.3765,0.9108,0.1181,106.8378,0,8.62,31,4.5504,1.0633,0
60.3549,1.5512,0.3582,33.142,527.5334,90,80.6672,51.8228,92.6721,387.068,0.9311,5.2725,37.5531,0,6.94,35,9.0252,1.1727,0
53.4575,1.7824,0.1346,81.2513,612.9838,104,68.2707,25.7997,119.6413,326.5989,0.8076,1.2998,74.5617,0,10.7286,27,3.0719,0.9615,0
43.2458,0.4158,-0.1947,-76.3656,253.562,100,70.8559,23.9223,85.1416,412.6233,0.8012,4.9822,114.2596,0,7.4362,31,4.9635,1.1394,0
54.8564,-2.0317,0.1182,176.3534,366.0864,90,92.6511,48.4862,67.7695,453.5123,0.7433,7.5782,108.175,1,9.2418,34,6.0131,0.8264,0
50.6755,-0.4255,0.0827,-78.9355,433.8568,102,61.341,71.4353,60.0226,236.6108,0.7973,7.2623,154.4869,0,5.0818,25,7.3132,1.1155,0
41.5714,0.3133,-0.1259,-122.7509,728.6171,100,88.2335,45.9457,118.8714,410.2334,0.8789,8.2749,112.408,0,7.0496,18,6.2753,0.8519,0
62.6279,-0.228,0.0581,100.1501,908.0769,105,63.9204,83.7966,102.7561,387.3951,0.7244,1.6986,49.3619,0,5.5432,18,3.8554,1.0694,0
49.4554,-2.1202,-1.0758,122.0671,297.7326,115,79.0483,57.9493,103.7772,295.8828,0.6893,2.9231,119.9608,0,8.504,37,3.7244,0.9827,0
38.795,1.8495,0.4667,-38.2337,663.7435,99,73.7704,46.6345,47.4973,352.5403,0.9524,8.3616,76.1809,0,6.791,24,1.7004,1.0534,0
40.3734,-0.8355,0.274,14.7858,513.0339,87,75.5692,79.6297,71.4344,319.3035,0.6109,2.2084,135.6246,0,9.789,31,7.6837,1.0842,0
55.35,-1.3411,0.749,-30.9139,583.4274,122,93.4149,76.1794,32.0438,294.1811,0.9739,2.5867,127.889,0,10.4573,28,6.9801,1.1705,1
60.4943,-0.0309,-0.4055,-74.1881,301.3406,85,74.6098,22.7646,78.0977,325.8794,0.9402,8.0994,46.5553,0,9.3943,28,6.3984,0.9217,0
54.8165,1.1843,0.2857,112.8157,703.2578,113,90.4281,49.2364,36.6407,332.6265,0.8635,8.7262,98.2422,0,6.235,26,6.5085,0.9153,1
54.8623,0.513,-0.9525,92.5334,166.8357,95,72.8029,60.2627,47.7275,402.0897,0.9039,3.5034,82.3609,0,8.4357,19,8.252,1.1272,0
41.8968,-1.3156,-0.8828,-5.2817,302.7948,103,82.6214,64.4143,55.3802,195.6479,0.8399,10.4618,80.5097,0,6.0641,35,7.3812,1.1915,0
50.9288,-1.4806,-0.1185,-16.0017,459.5324,87,78.7271,62.1793,103.5476,376.2165,0.8292,10.0165,143.0485,0,5.7921,23,7.1917,0.9343,0
46.6989,-2.1916,-0.2893,-115.1411,411.0143,96,66.2703,46.7035,39.2218,184.8615,0.8595,7.1957,93.6952,1,5.9723,31,8.0678,0.9005,0
48.0503,-0.2916,0.5237,49.4184,503.874,99,66.4968,43.7893,111.6699,291.6057,0.6021,9.9169,118.2597,0,7.504,37,6.7467,0.9149,0
48.8821,-0.4731,0.5892,152.524,397.2945,104,77.3735,47.8972,80.9666,326.124,0.9338,11.736,109.4413,0,7.0934,30,6.275,1.1948,0
43.4006,0.5139,0.6418,78.7838,446.5039,85,76.063,35.0075,39.7856,48.7995,0.9265,11.2817,83.637,0,7.0208,34,4.538,1.2022,0
57.5167,-0.6855,0.2989,2.2574,472.3396,89,86.7661,22.7122,118.8243,270.8545,0.7945,1.5324,96.7199,1,7.7628,34,2.1801,1.0112,0
39.9088,0.9737,0.3205,-166.0829,466.4987,101,61.4488,60.3485,30.1859,344.5697,0.6948,4.5565,41.4122,0,11.3315,39,4.216,1.1457,0
37.0137,0.6547,-0.6408,154.9018,522.2874,74,71.7129,61.5198,44.6655,289.0652,0.7337,8.6804,76.0187,0,10.6997,27,7.3109,1.1433,0
42.148,-0.7289,0.6999,-69.104,634.4126,86,84.305,85.1248,46.5486,208.2317,0.7708,1.0573,86.8969,1,10.1884,31,5.0127,1.0331,0
58.834,0.3912,0.6259,-72.0171,386.9643,95,77.5083,38.1878,108.1375,372.4761,0.6636,1.6426,86.0375,0,6.9628,28,5.3815,1.1596,0
53.3916,1.329,-0.69,-10.9454,702.1543,100,65.4524,57.3148,61.3042,220.8508,0.8432,4.8209,84.7698,0,6.2212,33,7.4186,1.1057,0
32.1676,-0.9607,0.234,-25.5003,507.3768,82,83.6008,44.9131,105.1369,320.7937,0.6607,0.0745,70.3187,0,10.3564,25,2.4132,1.1324,0
55.9727,-0.2133,-0.2734,166.4458,689.1564,118,88.4871,47.0849,33.7914,288.96,0.8733,5.2927,83.3563,1,5.7036,29,7.5138,1.1309,0
49.5149,-0.2328,0.9248,-120.5973,448.6238,93,70.0223,37.37,116.2747,291.4636,0.8255,4.7135,45.5659,0,6.9958,36,7.6132,1.1129,0
45.8262,-0.3577,-0.4875,68.084,370.0641,88,89.6682,50.962,106.8332,316.8889,0.9343,8.4972,148.1781,0,9.4185,26,5.8561,0.8774,0
47.5802,0.8019,0.0463,-141.5652,512.0347,90,74.038,77.6852,72.8294,238.0712,0.7592,1.0843,50.7559,0,7.3048,35,5.9087,1.0268,0
36.6637,0.8811,0.093,-80.3169,884.5853,118,76.437,41.3774,43.7591,390.6268,0.9623,5.3067,79.1975,0,9.994,28,5.6326,1.083,0
51.7324,0.4067,-0.0267,79.9694,295.2261,99,74.6729,58.1034,50.1309,218.7612,0.8612,11.5508,108.1835,0,6.5101,27,7.3244,1.0486,0
37.3245,0.3589,1.0742,109.4556,601.5987,95,90.1411,38.0786,50.5017,383.7803,0.6003,10.5299,128.853,0,7.1248,36,4.456,1.0841,0
46.4999,-0.5622,0.8455,-11.1872,526.618,84,78.3691,20.7363,93.2513,262.8615,0.7749,8.5757,129.636,0,4.6999,29,5.3454,0.9109,0
46.5129,0.3305,-0.8188,104.1642,560.6004,83,87.7309,46.8815,63.7384,101.1537,0.9868,11.7363,95.5997,0,8.6562,24,8.3696,0.8231,0
57.6991,-1.2852,0.2436,156.6457,319.1368,113,75.1448,88.2809,30.2807,221.8516,0.9843,1.1027,61.839,0,2.8836,30,5.1034,1.1005,0
50.3974,2.4785,-0.0057,156.8835,568.5701,91,83.5921,33.6891,64.5713,430.8674,0.8286,3.0129,131.2178,0,5.6389,40,6.7998,1.1997,0
57.0599,1.3503,0.4171,-56.7092,544.3159,93,69.1255,30.67,81.4668,415.774,0.8648,1.6872,86.0274,0,9.3128,33,6.1447,1.0208,0
38.0426,0.9565,0.1064,-67.6297,277.4657,98,90.0117,32.4892,34.8441,104.562,0.6947,9.1641,48.7621,1,9.2931,33,5.4521,0.8147,0
48.922,0.4083,-0.4063,81.5201,519.6871,98,76.9333,86.1415,79.606,226.0005,0.7285,10.2956,89.0647,0,7.3779,38,7.2991,1.0737,0
55.3032,0.4092,-0.5187,55.474,463.5553,102,92.4919,72.1073,99.9198,105.7909,0.7582,7.6943,80.1753,0,6.7263,28,6.7499,1.0789,0
62.423,-1.6901,-0.201,-38.7846,446.9231,102,79.4767,62.6742,80.7795,310.0004,0.7654,3.0967,65.8111,0,6.2557,24,6.8742,1.0981,0
38.6081,-1.2586,-0.0603,-97.6776,493.1551,101,80.9568,77.086,59.8268,232.2309,0.8828,1.4735,95.5569,0,6.3036,28,8.9706,0.8082,0
41.5905,-1.134,0.097,42.6355,663.151,105,102.865,68.1327,62.5021,335.4554,0.6304,6.5353,26.7619,0,9.3753,33,0.1976,0.9705,0
55.0529,0.0584,-0.2853,-25.114,568.7215,102,87.454,47.8353,68.7359,367.4248,0.6183,1.7787,44.488,0,4.4487,32,6.2854,0.8884,0
66.1159,-0.2815,0.853,-132.4392,343.4909,73,81.9451,40.9977,106.279,451.2219,0.8082,1.9427,92.0909,0,8.8015,36,6.7436,0.9087,0
52.8588,0.8113,0.2676,50.1296,574.5662,104,67.8082,70.5733,32.8547,472.4815,0.8314,6.6915,71.2406,0,10.3828,28,3.3668,0.9022,0
38.9004,-0.9655,0.437,71.1628,493.3536,92,72.4475,52.2296,61.8949,492.3382,0.755,1.1656,85.745,0,7.2842,29,2.6766,0.8659,0
39.0956,1.0266,-0.0694,-48.8765,407.5631,93,87.8539,31.6655,116.3464,392.9494,0.8988,10.9609,139.2576,0,9.5344,31,2.5162,0.8346,0
51.3485,-0.8204,-0.5188,119.5036,314.0468,80,76.6754,60.4816,104.8046,285.2881,0.6674,2.4725,92.7275,0,8.5324,40,13.24,0.9015,0
53.5758,-0.418,0.4417,-153.4777,621.0491,93,77.9291,43.6109,42.1365,118.0695,0.9964,9.9191,43.7933,0,10.3113,26,1.7478,0.816,1
47.7873,0.8954,-0.4967,-1.4725,414.4265,110,69.1787,72.2138,61.9391,220.5936,0.7402,6.8945,114.9949,0,12.4049,35,2.4438,1.0602,0
39.2093,0.5047,-1.0114,164.2804,636.2109,88,84.0503,30.6457,31.6194,164.2626,0.7326,1.8606,83.8349,0,10.0112,17,5.6629,0.8666,0
61.0142,-1.2515,0.2828,-111.4333,338.5204,102,81.042,61.3613,95.6627,345.9343,0.7573,11.6729,133.0745,0,3.3786,34,8.6886,0.9055,0
46.5128,1.0641,-0.3778,-117.9633,799.2158,95,87.1288,53.2035,39.3209,508.3911,0.9347,6.2355,94.9945,0,4.2797,28,7.46,0.8461,0
55.2697,0.089,-0.1671,-43.6692,895.0595,95,92.3795,53.6549,64.7331,210.6782,0.6881,2.9466,110.2762,0,7.9915,25,5.6936,1.031,0
32.2683,-2.1422,0.347,-83.4897,581.3432,109,84.487,55.561,111.2733,151.672,0.7825,2.723,113.4028,1,5.0787,27,7.5773,1.038,0
62.0115,-0.8427,-0.4652,-100.248,694.4642,96,68.2715,46.1568,42.3037,197.0966,0.7064,1.5561,79.8083,0,8.6443,29,7.6091,1.1791,0
43.1519,-0.4096,-0.8011,161.9435,431.9901,95,64.8801,60.0264,59.3121,476.4348,0.617,6.73,46.5968,0,7.7024,23,5.8081,1.0303,0
63.4468,-1.1693,0.6097,-55.8548,417.1554,92,87.3079,55.6244,103.4019,426.1768,0.7469,7.4416,136.4955,0,10.9737,26,3.3998,0.9141,0
56.1274,1.3427,-0.0292,-158.4583,679.1095,100,81.2012,52.3046,86.9026,406.9393,0.6304,6.9644,111.9687,0,9.3595,33,9.4611,0.9251,0
35.7126,-0.3748,0.6287,143.9214,522.7104,102,97.5126,74.1282,98.3224,165.4171,0.9881,10.1001,103.0562,0,6.3082,22,7.1468,0.82,0
52.4553,0.4602,0.3131,-18.6314,294.1956,92,80.2492,23.1358,116.3072,392.4645,0.6563,0.8303,69.0496,0,9.3179,34,6.243,1.1152,0
66.5653,0.2066,0.3278,84.939,511.5931,86,62.7261,61.7343,112.2019,305.5854,0.9938,0.3392,57.5523,0,8.8695,35,6.0909,1.0661,0
44.0208,0.7057,0.0817,-47.755,316.7191,99,67.3416,54.4215,55.7937,385.6841,0.784,10.1472,81.4975,0,7.9664,31,8.5665,0.9018,0
66.5833,1.6731,0.0813,156.6609,472.2265,109,72.4979,60.0365,56.9018,193.6131,0.6663,1.4388,125.3475,0,6.9348,36,8.2102,0.9216,0
53.8573,0.6757,0.5673,-76.3919,657.3238,106,97.4132,62.0486,37.7748,297.4972,0.7063,1.7346,116.5733,1,9.5802,32,1.3332,0.9132,0
63.4036,1.7426,0.4072,58.596,718.9121,86,91.6884,63.198,63.7888,241.1536,0.7548,6.4597,35.2499,1,7.7661,24,1.7683,1.1578,0
51.5949,0.7023,-0.2945,116.7642,541.4413,96,74.6392,42.2989,99.7004,369.0083,0.8714,4.8805,113.8225,0,9.6026,38,7.5687,1.1556,0
48.7602,0.1315,0.2465,-94.3442,700.7048,110,78.063,36.9657,53.2559,520.2326,0.8855,7.9993,52.6304,1,7.6073,39,7.2124,1.0791,0
68.3716,0.3215,-0.3097,108.5439,431.0088,107,66.3754,59.4349,104.5228,169.7847,0.6873,2.2826,87.3355,0,7.4251,24,3.3429,1.2053,0
57.214,-2.6254,-0.1563,105.2194,755.1039,101,66.0303,79.5103,81.5853,278.932,0.679,10.0869,81.733,0,11.2734,27,5.0951,1.1954,0
47.6468,-0.4552,0.2842,167.1205,391.5578,92,91.1887,45.8632,62.4166,403.7979,0.9653,2.6054,176.4719,0,9.9896,33,7.4704,1.185,0
54.2389,-0.1436,-0.3172,152.2123,378.6201,98,89.4089,29.7484,67.6413,258.9974,0.7808,5.1805,41.1373,0,8.8754,40,5.3495,0.9162,0
44.3515,0.4381,0.0738,-40.1009,430.866,95,77.2397,65.8119,99.3856,217.6876,0.7436,0.2681,60.6902,0,10.5921,24,8.249,1.1242,0
51.0788,-0.0255,0.1901,32.5958,387.8836,109,98.431,33.3239,58.4552,309.6154,0.8504,11.5696,25.6133,1,7.334,27,0.504,1.192,0
61.9562,0.3339,-0.1697,153.106,577.613,95,84.3437,56.2569,94.4949,259.7203,0.8196,3.4864,105.4853,1,11.9564,25,6.6918,1.1362,0
48.3815,-1.3232,0.3598,-178.4248,687.8389,108,82.1176,29.9635,67.531,475.1272,0.9578,6.3915,143.4109,0,10.2784,33,6.6986,1.1822,0
41.2548,-1.5813,-0.2197,45.8461,502.3263,90,82.1758,44.236,103.4248,331.9722,0.6634,5.7268,122.2479,0,4.6117,39,6.8079,1.0581,0
40.3312,-1.1831,0.4713,-102.4691,546.695,100,69.3825,49.7574,49.0552,350.0196,0.7806,4.8178,37.3808,0,7.0883,35,7.0534,0.8657,0
50.7362,1.5712,0.0653,85.9558,292.6347,106,89.4433,44.0789,57.7834,213.4772,0.6798,2.1705,95.067,0,6.5259,27,7.6376,1.1535,0
41.9245,-1.2679,0.0864,106.7291,514.4394,90,89.5194,54.6677,74.7727,313.7053,0.6426,7.4317,120.9528,0,7.7102,28,7.0792,0.8142,0
35.6726,-0.7886,-0.4494,76.6653,765.6108,79,82.4062,56.4006,97.4046,293.4815,0.7153,6.6674,80.3989,0,10.321,26,6.2561,1.2046,1
38.0141,0.1052,-0.1173,178.5881,711.9038,108,68.8168,39.7858,44.1861,368.629,0.6271,5.2813,54.1061,0,6.3238,30,4.1094,1.0783,1
61.751,-1.5916,0.0974,-7.4673,335.7836,106,90.8919,38.9959,111.3012,366.4935,0.841,6.5925,117.4141,0,8.1772,27,2.8831,0.8726,0
48.5763,-0.8723,0.5122,22.0844,434.2783,86,61.9968,75.2637,31.604,243.7486,0.9406,7.8045,99.9368,1,11.1362,44,8.1444,1.1296,0
50.5776,0.6768,-0.1608,-32.7627,1010.9801,120,72.2612,45.2545,32.3758,312.902,0.7209,10.3252,131.9117,0,6.4977,27,5.7475,0.8588,0
40.3339,-0.438,0.5104,170.6339,562.7151,94,85.8027,55.9234,70.4064,397.3859,0.8532,2.7533,114.0577,0,6.0981,36,4.3033,0.8592,0
44.1851,1.6835,-0.3778,152.1923,727.296,100,75.9172,22.5635,104.5829,238.0122,0.6519,9.2495,188.5853,1,7.3362,31,3.8413,1.1836,0
43.8625,-1.6986,0.1671,175.1892,739.0661,95,70.1023,85.9276,41.8529,490.5367,0.6939,9.7883,119.4872,1,3.5462,29,5.7538,1.0833,0
47.2323,-0.3456,-0.2534,174.5608,332.6395,95,93.8413,59.1336,73.688,182.7117,0.8703,8.9344,82.3772,0,5.9135,27,6.0885,0.8833,0
33.416,-0.4378,0.7721,142.3644,608.5818,99,91.3342,9.5311,68.6007,274.2733,0.9678,9.8179,47.1863,0,6.0987,24,6.2926,1.079,0
60.8967,-0.0089,0.6818,155.1159,528.0931,99,90.6645,29.7748,97.0348,210.1723,0.6076,6.9381,69.7039,0,3.5369,27,4.0285,0.916,0
49.8357,-1.2268,0.1429,-136.8428,761.2503,111,83.321,35.6078,49.2403,350.9581,0.8571,0.2633,88.2903,1,7.4091,23,5.7456,0.9216,1
52.0209,-0.5805,-0.2675,-117.5299,794.3231,123,80.3483,84.2019,83.4618,301.1564,0.8818,8.3483,101.8251,1,8.1586,30,4.2641,0.9865,1
59.1434,0.7891,-0.7585,138.6675,375.2341,118,97.3796,100.4877,112.7644,165.5012,0.839,10.345,122.5565,0,6.9759,27,6.4412,1.0031,0
58.3774,-0.2694,0.1891,81.6482,1016.2279,94,94.3529,60.6322,34.9647,508.3084,0.771,3.1643,38.3388,0,7.8925,29,7.2316,1.0964,1
44.2492,-1.0697,0.1038,134.9959,525.3546,120,79.1573,71.9161,109.6009,241.6782,0.9952,8.9322,135.7311,0,4.9724,38,9.9089,1.1243,0
56.0447,2.0801,0.4291,97.2121,594.8444,107,107.1128,74.9711,48.8011,102.5784,0.7091,1.3421,74.5244,0,12.0289,33,3.2697,0.9717,0
55.9418,0.0491,-0.7332,-129.7499,102.163,101,78.749,27.977,37.4288,323.6945,0.7866,7.7541,63.5046,0,7.4306,38,6.1628,0.8779,0
53.1598,0.6133,0.0708,149.9637,651.2464,93,83.8547,48.5457,58.7252,312.6503,0.8695,0.6857,145.4148,0,9.5839,28,2.4972,0.8677,0
60.6112,0.7641,0.2145,97.6423,176.8779,94,93.9048,48.2494,75.9168,237.0016,0.6,6.5693,46.964,0,10.0567,42,2.4764,1.1573,0
57.9953,-0.0708,-0.451,25.4902,478.411,105,83.7157,77.6454,62.1388,216.0972,0.7445,10.5236,52.6256,0,7.1631,32,5.3379,1.1313,0
57.2737,-0.7897,0.0583,11.6502,417.0668,73,77.357,91.9324,41.9325,297.7778,0.7572,4.546,63.6494,0,7.7153,27,4.2205,1.1134,0
63.6528,0.1992,-0.3635,26.5675,569.9186,104,83.817,94.3309,72.899,194.7503,0.6042,2.2428,82.8476,0,9.7678,33,5.1394,1.1182,0
50.2866,-0.7001,-0.4127,-39.4499,526.8989,82,79.9475,59.9785,30.1837,385.4649,0.6105,8.1411,129.4687,0,6.8421,29,3.6702,1.0007,0
50.5777,0.3716,-0.2653,109.159,588.041,89,58.6946,57.7281,30.8566,377.2251,0.9954,10.1462,125.2403,0,11.5598,32,4.4267,1.0966,0
58.192,-0.1642,-0.133,147.2463,686.8899,98,90.0338,41.1305,104.8158,307.151,0.6436,3.6304,127.1316,1,6.8354,17,9.3708,1.1229,0
48.2155,1.0294,0.6194,-88.9506,349.405,82,73.7759,51.1966,81.1479,184.2856,0.6945,6.872,88.5013,0,11.0396,29,5.5465,1.137,0
54.8161,-1.1415,-0.1609,-166.303,469.3391,110,68.4942,71.3193,62.7167,187.4836,0.6554,7.9193,86.4565,0,10.0548,40,6.6559,0.833,0
44.3989,0.7185,-0.4229,-106.9461,373.1846,88,92.0494,69.0643,66.2644,335.9161,0.8055,4.6842,97.5908,0,9.1284,30,6.2673,0.9586,0
27.205,0.6138,0.4064,92.6419,361.8939,95,83.7818,61.0229,71.0565,342.1914,0.8944,0.8093,103.1196,1,8.7721,34,3.9106,1.1173,0
55.9787,-0.239,0.5138,132.6244,789.9035,97,86.7957,33.1178,51.2191,302.3462,0.6308,9.9617,95.3181,1,9.7939,34,7.7981,0.941,1
34.5132,0.7302,0.4097,-54.5164,309.6615,107,78.7367,88.7192,95.42,352.9643,0.8344,10.0534,113.6289,0,8.07,27,8.7999,0.8814,0
43.0088,0.4189,0.6846,-125.1407,376.686,98,82.2429,59.4508,57.6492,352.9541,0.7412,1.2256,104.7159,0,6.6209,27,7.8001,1.0327,0
58.2001,0.6672,0.0961,129.0723,829.1392,91,76.9928,54.02,81.8873,302.133,0.7962,7.0569,95.544,1,4.7162,40,4.5202,0.8474,1
58.3176,0.6035,0.0778,-102.7286,480.9746,104,71.3863,67.9751,42.1108,308.008,0.7064,8.7855,72.8015,0,6.9464,36,6.6324,1.0691,0
61.7527,0.0501,-0.3519,-92.9253,490.3327,95,86.8533,37.2625,32.4811,137.3246,0.9455,1.114,118.5685,0,9.5711,22,4.8789,0.8366,0
29.8028,-0.5962,0.6995,-146.6595,560.0783,90,82.3793,35.3366,43.4356,303.252,0.7809,10.1563,73.8185,0,7.0041,26,4.7842,0.8675,0
52.9601,-0.6078,-0.0461,147.7167,319.2597,108,97.2151,42.6548,61.7362,284.3147,0.6642,4.2516,93.6549,0,3.9548,50,5.5868,1.1153,0
47.4231,-0.2146,-0.1518,-62.3796,361.6896,101,57.6435,29.8171,42.5096,218.9622,0.9167,7.0613,63.3535,0,7.2997,28,8.3064,0.8337,0
59.8822,0.8431,-0.1965,-118.1371,407.5073,92,91.7881,52.342,89.3341,358.8773,0.9007,4.5183,65.8873,1,9.4723,29,8.5683,1.0305,0
64.7636,0.6322,0.3183,163.3122,656.3333,109,76.1209,9.3046,44.6633,293.6667,0.794,6.3401,40.5776,0,5.424,33,6.1816,0.9104,0
36.9109,1.006,0.0418,-59.2126,600.735,112,75.1701,40.4429,103.1691,329.2,0.8887,7.8962,67.6705,0,8.5455,23,5.2867,1.0345,0
50.1588,1.1063,0.0948,89.0949,405.463,110,85.8446,10.6394,101.6348,101.9392,0.8408,8.4984,85.1613,0,7.0162,41,10.3926,0.8794,0
58.3263,-0.217,-0.1623,-97.0576,479.9735,90,71.1179,44.8438,55.5246,282.2925,0.6659,4.8289,79.3193,0,8.587,27,4.045,1.1493,0
46.62,1.9624,-0.0992,81.6573,616.9158,89,75.5042,45.7218,71.9219,364.2716,0.9997,1.336,120.2813,1,9.8842,27,8.6102,0.897,0
67.4569,-0.104,-0.074,-96.4216,142.2717,114,85.9452,73.4454,91.4785,261.951,0.9089,4.1188,74.4438,0,10.6621,31,8.19,0.932,0
45.9853,-0.4939,0.7108,49.5864,545.3372,88,74.649,55.7342,68.1908,282.4954,0.8666,10.0162,98.0092,0,11.3707,24,5.1121,1.2021,0
46.998,0.3333,-0.9006,-21.2893,613.6929,112,72.9427,34.4554,37.0444,323.6266,0.9325,7.0782,96.8295,0,9.7007,35,6.9113,0.8088,0
39.2669,0.4837,0.2241,107.5384,362.2349,107,72.9212,42.2554,54.9687,299.1715,0.9712,5.3718,83.5975,0,9.2526,26,6.6379,1.06,0
51.5392,-0.7416,0.5441,82.8979,597.5188,103,83.5087,78.6433,76.2031,431.3581,0.8311,8.041,82.0837,0,5.0292,25,4.0605,0.9858,0
19.818,-0.1587,-0.9193,156.7748,502.2501,83,67.9537,28.2072,103.4697,353.6328,0.8354,9.8103,100.8914,0,6.2093,28,6.0912,0.9582,0
47.5224,-0.447,-0.0357,-44.416,771.6046,115,87.5567,92.7522,36.2307,346.4914,0.6094,10.5802,56.809,0,12.1209,20,6.9141,0.8189,0
62.6897,0.1415,0.4911,91.5606,421.5406,120,101.1558,58.4093,45.8857,332.338,0.766,8.6608,115.1946,0,8.119,35,6.2481,1.2022,0
36.0323,0.7959,-0.3765,168.7837,588.634,84,80.0334,24.0793,113.7939,424.857,0.8035,1.0806,71.7335,0,7.3833,26,3.4775,1.0055,0
33.817,-0.2659,0.1343,-58.9288,279.5041,106,84.3525,29.2749,58.631,343.464,0.6937,2.6832,103.2215,0,5.9171,33,2.2876,1.1592,0
61.1622,0.5727,-0.466,-75.5985,511.28,107,82.6473,66.6328,63.9765,191.2056,0.7438,11.5834,89.0914,0,9.4222,30,4.1163,0.8798,0
62.517,-1.3888,0.0165,96.8583,622.2945,112,70.6627,64.7663,89.9296,403.7021,0.7465,8.6811,132.2383,0,8.1816,27,6.2966,1.0742,0
36.4431,0.8898,0.6388,-19.6123,421.1893,121,83.1641,58.6014,63.155,222.877,0.7471,10.7008,98.1233,0,6.076,31,5.5376,1.1171,0
67.3275,-0.4534,0.8478,-36.4854,667.9392,106,82.2235,52.312,50.7699,357.3091,0.9823,6.3666,139.8003,0,6.9615,39,4.523,1.0095,0
54.3245,-0.4713,0.1276,16.4205,638.0292,109,97.7194,47.917,117.1611,184.2659,0.835,1.2034,97.3179,0,8.3171,24,7.7953,1.0427,0
60.4874,0.4003,-0.6395,156.7911,521.5734,100,82.4786,34.4185,76.8912,133.839,0.7256,1.7055,104.0098,0,9.8819,26,1.4217,1.0561,0
42.0813,0.4529,-0.1552,-149.8139,459.31,103,92.4188,57.7718,63.3926,272.6659,0.7219,11.4952,61.5704,0,6.6991,38,7.9534,0.845,0
64.8906,-0.1123,-0.9066,-12.3531,37.4034,106,84.2916,82.3576,98.5359,466.4645,0.9388,4.1018,108.0924,1,10.5996,39,6.3064,1.0938,0
47.3198,-0.8888,-0.147,-140.3492,402.7064,113,74.9094,49.3926,39.1999,200.1281,0.8567,4.6498,114.1198,0,8.8356,17,9.3899,0.9192,0
46.8797,-0.4796,0.4823,138.091,665.1212,103,68.148,55.247,111.1918,191.0134,0.9404,11.6911,57.173,0,7.799,22,5.6139,1.1978,0
54.8238,0.0952,-0.6814,-130.7876,458.9899,86,83.0815,70.5221,103.0645,228.8399,0.8575,5.717,52.6279,0,6.5146,23,5.1893,0.984,0
46.0797,0.4898,-0.1035,-147.7068,567.7824,102,87.6029,39.5802,63.8838,106.4438,0.9659,0.1658,148.1235,0,9.9635,37,4.3737,0.9458,0
34.7929,-0.8229,-0.4081,166.9516,430.4004,95,79.1097,58.239,46.7729,432.4826,0.7609,6.5533,95.1436,0,10.0261,32,8.4716,0.9229,0
51.3177,-0.6401,0.8968,22.8034,285.9697,85,73.6697,65.9945,107.3593,487.3875,0.937,8.764,100.8446,0,9.323,23,6.1795,1.0567,0
46.8176,0.2629,0.1993,117.3215,612.1808,90,94.0694,35.3155,116.0538,282.714,0.6704,6.4987,128.1449,0,8.6525,38,5.949,0.9259,0
42.3209,-0.0832,0.4252,-10.7076,315.7513,101,75.586,24.0255,34.3089,223.8945,0.8678,7.7714,88.6229,0,6.5042,29,5.4055,0.9641,0
62.4053,0.1465,0.1463,-23.1689,460.6619,113,68.4812,45.4707,118.8691,252.1268,0.7455,6.1855,66.0907,0,7.0504,36,8.9709,0.8321,0
73.9233,-2.6144,0.3805,148.1795,554.6539,100,79.35,67.1024,64.7693,198.622,0.81,2.7038,76.1903,1,7.1119,36,6.4756,0.98,1
40.8087,-0.2949,0.5403,176.3541,398.2627,114,80.7769,20.627,102.5523,309.9095,0.8946,1.0602,117.1524,0,5.3512,24,4.8705,1.1142,0
51.9744,0.8533,0.0192,42.6715,735.5545,109,72.6457,54.8437,71.202,388.6048,0.8258,0.1889,46.3654,1,8.7849,29,9.6277,0.9479,1
46.0156,-0.6159,-0.2656,150.5478,795.8461,118,79.0855,46.2816,76.9649,470.7985,0.892,8.2411,90.3826,1,7.844,41,3.6944,1.1679,0
72.884,0.4865,-0.4676,130.5787,378.5664,95,63.048,45.527,78.2347,222.261,0.6146,4.6524,75.4684,0,8.4025,31,7.7544,1.1494,0
54.9173,-1.2087,0.8794,15.8436,384.4549,99,84.2382,56.0308,116.7028,210.4532,0.7599,6.1416,105.7769,0,10.602,28,5.4255,1.1541,0
59.2696,-1.5628,0.4103,158.7973,434.2248,116,69.5012,16.0786,86.6856,359.9499,0.9817,1.4073,112.8184,1,4.4493,25,7.7491,0.9516,0
61.8183,0.4178,-1.1116,-104.3798,672.9573,107,76.1813,73.8209,56.6514,273.4869,0.9047,6.6567,129.709,0,7.6839,25,5.7241,1.15,0
51.3015,-0.0545,-0.1223,138.5442,572.89,95,73.2327,32.1827,86.3942,293.6012,0.7932,2.9723,94.1691,0,7.3246,33,9.1209,0.8588,0
48.1362,-0.3359,0.208,-68.6317,612.6488,96,94.0161,57.2615,38.1252,271.5349,0.8834,9.7841,110.1146,0,9.9792,27,4.3162,1.1932,0
65.1893,0.8465,0.8361,-169.0144,697.2989,108,76.966,64.0522,59.8215,327.5094,0.6108,7.1668,55.6278,0,5.5095,35,6.3823,1.0808,0
57.7789,-0.3118,-0.5513,103.3515,364.1661,109,71.566,79.2202,45.6385,351.4476,0.717,0.7529,67.1006,0,7.9663,25,4.0845,1.076,0
41.541,-0.6326,0.2132,154.8063,575.411,96,100.9041,49.3121,84.5425,299.1738,0.9612,2.579,129.234,0,7.6677,36,8.2809,0.8327,0
42.7579,-0.7408,-0.1999,-101.9583,507.6975,104,97.9463,20.7593,77.8619,228.1535,0.7986,2.8117,58.4756,0,6.7388,27,3.7762,1.1956,0
46.1035,-0.9523,-0.5985,12.2708,564.5143,109,88.3635,18.1834,95.2206,403.88,0.9811,9.6397,158.9459,0,8.6426,25,6.2993,1.0567,0
61.5922,0.4666,0.6727,89.7648,672.3715,93,85.6204,75.4951,60.4696,284.4479,0.706,5.8653,75.9334,0,7.7996,28,6.2287,0.9021,0
64.7345,-0.3121,-0.4821,-60.6155,477.2441,96,71.3455,38.8142,118.6882,442.3249,0.9338,7.7241,91.1813,1,6.1658,29,4.5717,0.9705,0
71.5173,1.1425,0.4854,-127.1094,395.4878,95,90.8718,42.4463,58.7996,195.3507,0.6078,5.8461,104.4602,0,6.0123,35,7.3652,1.1301,0
42.913,-2.9523,-0.7973,-38.7914,342.3348,102,83.6475,27.4229,34.7043,250.5583,0.6016,4.8749,61.3331,0,5.4328,25,2.8488,1.1507,0
51.4021,0.9228,-0.245,-15.6348,763.1277,104,73.6317,42.3049,54.3391,160.6017,0.6547,9.8815,103.7701,1,8.1146,31,5.982,0.8167,0
45.998,0.3596,0.286,87.1995,493.6964,95,81.4083,84.8768,86.1504,370.8671,0.7046,9.872,120.2828,0,8.2663,25,6.5746,0.9151,0
48.1765,-0.0908,0.3584,-108.4738,294.8226,101,75.3572,50.6512,98.4299,341.5878,0.617,10.0979,72.8831,0,5.6928,23,7.0891,0.9596,0
59.2988,-1.2914,0.2184,113.4404,707.4487,119,64.7762,33.8436,51.7707,355.551,0.6846,11.4835,67.634,0,9.9415,33,4.0439,0.88,1
49.5412,-1.6599,0.4927,0.7845,243.5102,88,93.6543,70.9772,100.2026,263.4455,0.9492,3.9701,124.2282,0,5.5793,34,9.6569,1.1561,0
63.1586,0.7511,-0.1443,145.4006,267.5125,82,61.8629,0.1451,60.2481,377.4038,0.9662,8.4783,60.9744,0,6.6048,34,8.4127,0.8577,0
44.837,0.2421,0.6962,23.6829,452.6016,104,101.5666,49.8073,44.7647,355.5686,0.6474,4.0554,69.3737,0,8.8632,32,8.1112,0.8732,0
57.4142,0.2232,0.1783,-19.1324,417.974,103,77.8615,42.879,42.6384,245.6703,0.7262,10.7121,119.7396,0,10.2994,35,1.1705,1.1378,0
45.5724,-0.1025,0.3674,-76.7543,546.7899,108,84.5208,44.4922,103.6396,491.5882,0.8439,6.3455,112.1793,0,10.36,24,5.8093,1.1186,0
31.6278,0.8498,0.1818,-141.7527,211.0452,101,85.3431,21.253,51.2958,303.2463,0.8644,4.4633,124.503,0,9.291,26,8.1978,1.0192,0
39.7853,-0.5859,0.2457,-46.1868,548.911,99,70.1032,47.0673,49.8019,319.7335,0.6111,0.0913,59.3942,0,3.9617,45,7.1128,1.049,0
51.2413,-0.3364,-0.5006,-31.0956,691.7613,97,77.8958,42.0085,109.4563,388.3033,0.9648,8.0951,60.149,0,7.7086,27,8.7324,1.0079,0
69.215,-0.1766,-0.4708,24.5833,352.713,99,78.9857,30.8771,62.8194,224.3653,0.7709,5.4603,100.4437,0,5.6634,30,6.7662,1.1313,0
45.4041,-0.2137,-0.2706,129.5464,443.2452,93,73.9642,41.9425,119.1289,298.7229,0.7765,1.1473,105.9023,0,8.5085,29,5.9336,0.9491,0
48.3081,1.3366,0.2572,-13.0266,379.7671,91,90.3728,11.2486,54.2526,231.502,0.6342,4.5767,95.741,1,3.7858,31,4.7387,1.1874,0
54.8967,-1.2544,-0.2943,-66.8576,548.0574,110,67.9044,93.5193,89.4273,178.0475,0.81,6.1579,122.483,0,6.8452,21,5.9361,1.1256,0
44.0058,-1.9546,-0.148,134.3731,338.6804,79,81.9871,-18.5397,47.5058,353.924,0.835,3.979,90.0825,0,6.2381,29,5.0469,0.8773,0
45.1624,-1.454,-0.0363,84.2105,319.8806,102,62.8983,47.0381,47.3267,38.8028,0.7828,9.2393,93.7096,0,8.4921,28,6.5043,0.9094,0
50.7211,0.6837,0.7089,-69.4693,477.3341,89,82.3926,46.689,102.8091,146.3792,0.9551,8.8288,127.8651,0,8.0637,33,5.0752,1.017,0
45.6343,-0.1008,0.3014,-119.8995,550.5548,104,81.6971,38.6176,113.3247,375.1558,0.6435,1.3964,65.0488,1,3.9272,36,3.0839,0.9399,0
32.1701,-1.5987,-0.7307,-75.2301,522.5733,95,99.0767,45.2255,110.4912,148.1886,0.6739,6.1645,99.289,1,6.6953,32,4.1889,1.0552,0
43.4983,0.0997,0.0798,-135.4905,434.0606,104,73.8516,62.7082,105.0461,239.5899,0.7501,5.5156,100.9491,0,9.0534,30,5.1107,1.1119,0
56.1492,-0.324,-0.1517,145.2299,600.2494,98,78.3058,24.8469,82.4948,325.931,0.8437,9.0355,71.1,1,5.9873,24,4.5574,1.1914,0
56.46,0.5595,-0.1142,40.2217,534.5548,110,77.6007,14.4989,40.1829,350.484,0.7696,5.8366,90.3866,0,10.9396,21,8.9731,0.8345,0
63.3623,0.7943,0.0003,130.8645,324.6207,100,96.8135,39.3394,60.3837,351.0739,0.9404,3.8129,89.225,0,11.6495,39,5.2065,0.911,0
62.5554,2.5182,0.5629,115.3299,98.6211,113,74.2415,-4.3941,55.2939,367.6787,0.6851,5.6294,71.3464,0,6.7214,23,1.9973,0.8848,0
40.9981,-1.1822,-0.4068,-124.8352,578.2439,106,82.2528,32.4783,52.5596,193.6975,0.6959,5.7045,50.9101,0,8.1635,25,7.2863,0.912,0
42.5458,-1.8628,0.1019,-20.5195,461.5136,95,77.0661,39.1897,117.5923,350.7992,0.9567,2.1831,64.7399,1,11.8436,32,1.8372,1.1532,0
42.9872,0.5891,0.1453,169.9428,333.5077,110,78.4831,51.8349,43.459,252.684,0.7873,4.2903,90.2357,1,8.922,25,6.8662,1.1441,0
48.4794,0.9867,-0.1107,-95.8341,743.8044,103,80.1119,75.8247,72.2294,32.2439,0.8608,4.9668,76.0586,0,9.0353,30,7.7831,0.8801,0
43.7673,-1.2757,-0.3192,-161.914,742.2306,97,90.9811,55.9559,113.3556,464.2216,0.7503,0.6635,48.4207,0,5.9791,29,3.4757,0.9937,0
48.2547,-1.2747,-0.3777,-55.4363,691.034,104,94.5382,56.8642,35.4497,255.3288,0.7501,7.5551,140.233,0,9.0891,33,5.4442,0.8982,0
41.278,0.3444,-0.2103,3.9405,533.9281,91,66.121,35.4726,97.1066,300.0762,0.6579,2.5325,92.0333,0,6.7707,25,7.7096,0.8614,0
57.8441,1.7145,0.3688,-159.8841,25.3462,108,87.8123,37.789,84.8537,219.3936,0.9549,4.0739,88.0623,0,9.5956,31,8.7023,1.1276,0
40.5194,-0.8766,-0.1792,-26.3974,676.29,91,92.5485,38.2621,62.4188,352.3893,0.9306,2.1549,45.8278,0,7.149,23,7.0991,0.9236,0
40.0243,0.0871,-0.0496,-88.7714,361.9169,104,83.3999,47.4364,114.4369,258.222,0.8143,8.9158,119.9235,0,7.6946,24,7.4677,0.9731,1
55.2023,-1.8991,-0.5785,-103.6375,416.1262,106,91.8412,41.1359,60.164,223.7765,0.6155,6.635,136.7692,1,6.5354,19,3.8143,0.8962,0
57.223,-0.1986,-0.2372,-84.9934,634.8829,110,67.5109,56.4454,46.9813,552.0478,0.69,2.3808,99.9637,0,4.8139,37,2.1773,0.9466,0
47.7488,-0.1136,0.1147,-142.0565,804.7721,91,85.0804,62.3842,95.2054,17.6176,0.6766,2.3669,79.695,1,8.5354,29,5.8618,0.9293,0
58.6899,1.4675,-0.8336,-152.4068,731.162,107,92.4863,75.5817,59.9269,247.0129,0.8148,2.7272,88.6834,1,6.8203,28,1.4645,1.1746,0
57.9679,-0.7067,0.5224,34.5044,525.8989,108,73.6988,55.5127,55.8178,319.1624,0.6631,11.5038,79.7246,0,7.5535,29,6.3172,0.9876,0
68.9914,0.6864,-0.2964,161.2191,610.8431,91,67.1188,56.4564,113.8081,180.033,0.7731,5.6928,72.4262,0,9.9436,17,5.4821,0.966,0
57.3293,-0.7718,0.8815,109.7064,334.1413,105,91.4184,73.1608,57.6972,224.1703,0.6779,11.1525,81.0716,0,5.6467,31,5.0168,1.1114,0
67.072,0.0903,0.21,120.2035,256.6111,85,75.7721,64.4123,81.7024,323.9762,0.7145,11.8975,105.716,1,8.1953,31,7.3805,1.0307,0
50.6193,2.0773,-0.9174,84.6294,661.996,96,74.2171,42.8173,88.9117,45.3882,0.7206,6.1193,101.118,0,12.3677,25,4.6824,0.9511,0
63.9963,1.7931,0.1388,164.1538,548.3884,106,61.1962,29.1419,73.6811,447.4207,0.6909,1.0221,163.096,0,5.9965,42,3.2622,1.1708,0
64.2077,1.9606,-0.159,162.1982,282.7525,96,74.8646,40.4196,58.0078,317.97,0.7052,9.7339,127.4159,0,2.7289,33,6.5762,0.8712,0
48.5739,0.3976,0.145,100.1891,492.8003,86,73.0148,33.4409,78.8126,314.3246,0.6617,7.3256,29.9863,0,11.8429,35,9.5127,0.9424,0
43.1146,-0.2103,0.8084,77.7407,592.5422,77,61.9729,52.364,65.9709,297.1767,0.9093,0.8826,114.2294,1,8.7339,28,7.4064,1.0728,0
44.8732,0.2849,0.3525,-70.0994,636.0177,96,74.1485,59.7714,33.1945,240.425,0.9891,5.8723,172.3809,0,9.214,37,8.1667,1.0749,0
54.1512,0.466,-0.1129,-147.1801,594.2256,95,91.8518,41.8749,57.8061,268.8822,0.9128,7.9494,122.3331,0,8.6933,25,6.8454,1.1838,0
38.5029,0.3893,-0.6984,-146.5675,445.5228,90,83.4217,42.6705,82.7741,310.1709,0.7466,5.3201,68.82,0,5.6628,29,7.5912,0.9702,0
45.4627,-0.7114,0.4364,85.054,372.7502,98,63.6293,-3.0178,31.1417,243.9912,0.9025,6.9216,116.9282,1,6.9489,20,7.6096,0.9921,0
61.9723,-0.7516,0.2549,-169.7854,517.5681,89,83.8999,38.6049,88.4962,261.3162,0.6252,11.2206,81.303,0,7.9077,38,6.3915,0.8518,0
56.6683,-0.5963,0.579,113.9073,620.3211,111,87.2671,112.7405,32.7921,340.8301,0.7415,1.6883,57.6559,0,3.4078,25,4.5016,0.8244,0
26.4736,1.0703,-0.0714,-48.0685,635.7872,109,81.0399,72.4449,80.6588,156.9416,0.7587,5.8123,94.2763,0,10.4397,34,8.3205,0.9251,0
36.6735,1.179,0.1476,-110.851,737.0487,84,79.6479,76.6213,35.4892,355.9214,0.6051,0.1008,131.0993,0,8.3463,27,7.1135,0.8103,0
71.5889,3.1834,-0.1231,-33.2681,505.2506,94,72.0701,59.7258,106.3115,535.2153,0.98,5.2421,126.3389,0,8.9473,37,5.9735,0.9015,0
61.7957,0.4256,0.0434,73.178,333.4577,100,84.183,68.5402,111.9381,501.4303,0.7858,2.4843,83.5065,0,6.4971,32,6.0592,0.9142,0
44.1707,-0.7884,-0.7573,-80.9602,662.9747,124,85.8509,43.1137,85.2942,329.4782,0.9951,2.7251,74.3609,1,4.5427,22,7.5107,1.0084,0
35.1157,-0.4789,0.1591,-117.4974,512.446,94,82.8055,33.7434,41.3845,175.0675,0.7116,2.7727,135.7289,0,12.5488,39,5.4788,0.894,0
37.5049,-0.1575,0.1912,85.6383,307.5951,86,97.4535,79.7377,111.3214,438.3089,0.9916,9.1126,127.7588,0,8.2662,32,9.2423,1.0311,0
55.0916,1.5062,-0.2519,137.0453,593.5578,103,77.9455,28.1659,95.5401,280.9566,0.8453,6.0965,79.0832,1,10.0473,23,7.6239,0.9075,0
69.7693,0.7329,0.3033,30.7961,711.7811,100,66.9658,59.8087,109.1162,442.2711,0.7665,4.565,69.877,0,9.0325,18,7.5625,1.0137,1
69.1326,-1.3468,0.4363,8.588,557.4541,105,96.7427,85.6468,71.7489,223.6404,0.933,0.0093,92.9664,0,9.2267,38,5.1017,1.0447,0
34.2431,-0.0568,0.7001,91.7552,713.6113,113,61.1048,69.3313,67.9522,241.2489,0.8167,10.0283,68.4602,1,10.2624,26,6.8284,1.0289,1
47.0423,-1.4715,-0.51,83.7528,427.3226,103,76.0132,44.8545,83.3549,348.1358,0.9307,0.0012,136.2937,1,5.2265,21,4.4915,1.0403,0
41.4295,0.5925,0.3347,-177.7398,390.869,78,70.7901,75.5632,71.0008,231.3294,0.8023,9.6941,83.1362,0,5.3567,35,10.5086,1.0839,0
51.3695,-0.7068,0.6689,-78.536,628.1785,102,78.9805,54.3354,45.3602,487.717,0.7674,8.7282,142.9277,0,4.5347,32,8.9934,0.8702,0
36.6894,-0.6112,-0.1754,155.5247,447.087,96,78.638,47.3243,104.2783,356.3672,0.8433,1.4523,59.9722,0,7.3626,28,5.9209,0.9119,0
44.5418,-1.8787,0.6975,165.6728,680.7806,95,70.437,64.8126,47.141,477.3287,0.9025,7.4446,58.6392,0,9.5188,36,5.349,1.0763,0
41.3274,0.7568,-0.363,3.7034,525.6149,111,90.6741,32.3853,97.1781,186.4288,0.6188,0.1339,92.201,0,6.5609,25,8.3496,1.0787,0
55.236,1.2087,0.0349,21.6324,682.8063,95,78.6527,21.2021,110.1748,212.7074,0.7612,2.6832,94.9698,1,8.4106,33,9.0048,0.9279,0
44.8514,-0.6929,-0.8635,-179.7637,594.6905,109,92.1891,45.3147,77.6279,572.4084,0.6675,2.892,89.3305,0,9.8476,39,5.0976,1.0191,0
46.2882,-0.162,-0.9336,62.0424,364.9918,95,68.3093,36.9326,52.7725,139.255,0.9799,11.7704,65.747,0,1.7434,33,6.2592,0.9591,0
55.1092,-0.4793,-0.7767,-103.5231,201.2722,109,69.2029,20.8765,31.933,435.9304,0.9888,6.8497,83.4009,0,8.5469,38,7.278,1.1142,0
66.4252,-0.2183,0.7094,-133.9517,617.2907,99,68.9355,50.6291,88.9105,320.02,0.9639,0.1079,75.0586,0,12.7327,28,6.6058,1.0281,0
71.1578,-0.8197,-0.3878,-70.3137,584.7726,117,85.1899,39.1704,79.7971,257.5361,0.8052,1.5461,40.5256,0,7.1079,26,8.151,0.9891,0
54.5601,-1.1003,-0.3865,59.3612,347.3053,94,97.4747,30.9471,92.2046,399.5699,0.9024,2.3024,74.0301,0,7.2786,23,11.3579,1.1234,0
49.1143,1.3686,0.2041,-22.92,619.7867,101,76.9613,49.6733,115.6214,462.6943,0.9688,9.8628,80.7221,0,5.8723,24,6.9819,1.0394,0
63.1625,-2.6397,-0.3718,-54.339,708.5916,117,56.8638,31.0419,70.6316,307.1831,0.9486,8.1444,44.8019,0,8.7481,35,8.888,0.8987,1
61.6716,0.5041,0.6025,81.6508,393.9024,115,84.7456,73.2147,90.5355,328.3816,0.8143,5.7974,116.6118,0,10.5881,29,4.415,0.8791,0
58.8181,0.2833,0.9318,112.9392,209.9706,81,86.647,85.592,42.82,316.7198,0.6596,9.7298,140.7416,0,7.3398,25,8.4833,0.9737,0
34.2066,1.6539,-1.1108,132.9129,645.5931,94,69.6593,64.032,42.5609,292.5804,0.9639,5.688,91.1818,0,5.4312,28,7.6336,0.9206,0
62.0818,-0.2364,0.2601,-19.889,690.8633,82,85.6562,41.4497,74.4008,133.3306,0.9282,9.7912,49.5148,0,10.062,21,8.42,0.8266,0
53.582,-0.3713,-1.0302,78.4181,389.9172,96,88.108,58.1981,82.8088,212.98,0.7605,2.6304,83.3304,1,6.629,37,6.3098,1.1593,0
41.063,-0.8085,-0.6801,138.6768,616.1006,105,59.5074,36.6188,118.6111,424.4164,0.7857,11.1507,85.7637,0,8.0996,34,6.7992,0.8075,0
43.2812,0.3556,0.2388,147.2063,549.7425,110,91.1611,63.3273,81.1898,247.6586,0.9957,11.487,96.5382,0,11.3747,31,4.6933,0.9384,0
55.8203,-0.7082,-0.4718,-2.8363,483.5699,98,91.7877,64.4398,112.5578,196.8608,0.8406,7.6544,144.2429,0,8.347,39,3.2018,0.9014,0
24.8836,-1.1288,0.1305,-52.0824,587.0847,118,76.9179,65.7372,100.877,264.4892,0.6678,7.6067,57.6432,0,10.0703,22,3.6037,1.0517,0
48.7453,-0.7371,0.0155,144.067,424.691,98,86.4514,42.6254,110.9295,275.2975,0.6654,6.7831,99.6038,0,9.7362,31,7.3842,1.1646,0
43.4494,-0.9468,-0.824,-85.885,334.7989,108,99.7644,64.1465,107.1632,156.9009,0.626,5.1932,114.2646,0,6.7619,33,5.5164,1.0259,0
42.4306,-1.006,0.3287,106.8651,560.876,98,73.4256,59.8315,78.7741,283.5501,0.8351,2.1448,112.7037,0,3.4689,20,0.9248,0.9867,0
45.4281,0.0853,0.1495,147.1158,540.2187,83,91.6071,55.2726,30.0025,309.2768,0.6107,2.3126,123.3956,1,11.2401,32,7.0369,1.1862,0
35.206,-0.1945,0.0194,86.2988,117.9702,96,82.4516,51.7984,70.9641,228.1442,0.9268,7.8294,89.9383,0,6.6893,34,1.9864,0.8661,0
60.5248,0.5496,-0.324,64.7497,322.8272,98,68.6022,28.5595,49.7495,331.9928,0.7273,5.6063,89.3144,0,10.0557,26,5.0141,1.1316,0
28.7211,0.1472,0.1948,-161.7562,399.1698,102,61.7937,58.3274,94.2786,578.7532,0.737,2.7084,95.4304,0,8.9364,26,2.5041,0.8808,0
51.6929,-1.2027,-0.6469,-106.7497,578.7385,118,87.2187,44.3922,47.8064,268.9084,0.9043,1.1042,90.1143,1,9.2417,30,5.9784,0.9888,0
41.5244,-2.1226,-0.504,59.9651,271.6101,100,66.9375,24.3399,72.5748,177.0436,0.6423,11.51,66.9097,0,6.2779,28,4.3792,1.1147,0
69.8358,-1.0562,0.1605,102.6704,452.0563,94,89.6793,35.8685,32.2057,405.3087,0.8113,8.2615,96.2442,0,5.7236,18,6.0468,0.9081,0
50.2269,0.7638,0.5151,-157.1792,790.6502,87,58.1546,58.6242,38.1309,397.0112,0.748,2.2888,105.264,1,5.657,27,4.8702,1.071,0
28.7667,0.7411,-0.2386,-173.1386,510.0192,113,81.4904,40.3558,65.324,415.1671,0.6403,8.995,73.6412,1,9.0331,35,9.8269,1.0167,0
55.4682,0.9847,0.2285,-67.8555,519.3636,99,76.7956,38.5429,95.7123,335.0554,0.719,2.03,104.3206,0,6.0679,34,7.9319,0.9691,0
39.0742,0.8379,0.1025,52.1838,490.849,93,96.7692,8.4156,90.6257,241.4662,0.8516,7.0706,67.8759,0,11.312,33,5.6023,0.9358,0
59.8489,1.0871,0.2072,4.3354,647.3081,90,82.2567,71.8221,68.4893,315.5684,0.8653,6.8069,80.0311,1,12.5823,26,7.1417,1.1821,0
56.1772,0.4063,-0.3459,-176.9906,506.2602,102,86.1266,27.9497,47.1663,242.8948,0.6505,1.2995,85.2591,1,7.2938,27,7.289,1.0978,0
64.726,1.8029,-0.0746,-125.4196,467.015,96,75.6917,51.1923,57.5337,434.4766,0.9755,7.9665,122.2601,0,6.8502,28,7.2482,0.8167,0
51.8703,0.2937,-0.0191,90.7923,522.8288,115,78.2139,40.6137,74.4562,400.0733,0.6734,6.6874,99.3371,0,11.5908,37,4.7387,0.9276,0
58.1915,1.9993,0.7492,-72.8418,698.8628,102,90.5235,55.3087,115.3716,141.8142,0.8653,9.6245,114.6999,0,5.5698,30,5.1685,0.8909,0
50.4275,-0.6264,-0.5522,-137.8121,560.309,92,80.1632,54.9694,87.6221,255.6531,0.7302,10.8983,97.3799,0,8.9567,32,6.8368,0.9724,0
44.1035,-0.6519,-0.7019,-161.6892,508.6217,105,70.8102,45.9054,41.4799,383.652,0.8811,8.4873,105.0752,0,13.5069,32,4.0075,0.9596,0
60.6575,-0.1924,1.4997,126.1592,676.6394,96,91.4037,55.5797,102.3877,177.4073,0.9253,3.641,82.5468,1,8.7152,28,2.8527,0.9292,0
37.6952,-0.0375,0.1545,-10.2002,421.6738,97,96.8587,50.383,94.9004,302.6743,0.6323,3.9275,90.6973,0,8.3242,31,7.8236,0.9225,0
49.6369,-0.3212,0.2743,1.3243,19.6913,85,95.0283,22.5456,109.9647,124.1182,0.9188,3.7432,120.3661,0,8.2346,25,2.7466,1.1853,0
44.3143,0.5397,0.3211,-157.9171,567.1609,106,92.9027,74.1312,85.01,259.7992,0.6484,10.3634,45.0415,0,9.6309,20,4.7396,1.1695,0
58.4209,-0.1023,0.3859,-4.1112,565.4123,97,77.1724,80.3916,57.8945,296.732,0.8076,5.7983,90.1707,0,5.1135,27,5.1235,1.0703,0
40.5332,-0.6072,0.4495,52.4783,406.6664,108,70.1867,32.4005,106.2818,182.6207,0.7352,11.5027,95.4166,0,9.869,28,5.1876,0.9967,0
45.9117,-0.396,0.3882,-135.7925,459.6562,96,68.1357,19.0335,81.9563,312.9185,0.7228,7.8598,105.5635,1,5.572,24,8.8819,0.9153,1
50.4391,1.2176,0.5635,144.9057,688.6927,107,66.9276,75.0577,93.2446,352.5403,0.6609,7.2347,95.785,0,5.9001,28,5.548,0.9926,0
64.8772,0.3172,0.0837,102.0053,568.0904,101,79.0648,28.5552,72.2785,207.4393,0.8707,10.7867,92.6809,0,6.3011,25,6.0731,0.8597,0
44.6748,-1.6763,0.5361,108.6786,721.1997,97,97.7131,75.887,102.4031,372.2083,0.7211,7.0755,59.4916,0,7.5935,28,6.9871,0.914,1
45.9911,1.5106,0.946,13.1519,540.2838,94,63.4597,73.2903,86.305,402.7537,0.8022,9.8741,74.2143,0,5.8998,29,5.8067,1.1247,0
36.518,0.4335,0.098,-59.7881,476.95,108,80.1677,46.8387,110.1498,280.1693,0.6061,5.9858,128.3117,0,7.6401,31,7.8521,1.0725,0
40.1701,0.6391,0.2404,50.5628,606.1694,105,76.7987,46.4839,61.5034,121.7314,0.8417,7.1837,139.3566,0,8.3205,24,6.9555,1.063,0
54.1298,0.9291,-0.2899,-98.8667,555.2186,110,68.2435,30.1317,106.2504,235.8489,0.8709,3.1106,111.1805,0,10.5241,28,8.5396,1.1549,0
50.3207,0.9807,-0.0824,-130.7215,565.8142,102,77.4659,51.3174,100.9717,327.6718,0.6249,10.5159,66.6206,1,6.4017,28,6.7866,1.1181,0
50.481,-0.9191,0.1764,13.799,465.4562,101,92.8972,59.8189,63.2874,184.5153,0.813,3.336,116.2763,0,9.4121,22,6.345,0.8289,0
67.4121,-1.0702,-0.1946,-7.6946,414.2036,86,82.2733,57.2408,108.8136,283.9354,0.8857,11.5608,111.2504,0,6.7606,29,1.9835,1.1952,0
33.2772,2.3964,0.0462,-125.8983,419.8475,100,86.272,62.2461,83.3609,214.2575,0.6566,4.6282,67.54,0,7.5572,25,3.9491,1.0935,0
73.1782,-0.6981,0.1707,10.9454,577.9903,95,90.6899,71.2017,63.4725,298.3064,0.6175,5.2232,89.7212,0,8.6813,34,7.8542,1.155,0
61.7827,0.3787,0.7603,16.7286,597.4229,104,83.867,49.0544,54.8074,277.5931,0.6774,5.9037,187.1378,0,9.8474,30,4.6647,0.8821,0
46.7421,1.6315,-0.4319,133.7453,105.7047,111,76.3172,106.4124,37.8908,295.3778,0.7407,4.6017,108.0173,0,8.5831,33,5.9313,1.1378,0
53.9123,-0.4435,0.2101,93.3156,390.0815,103,81.0038,58.9737,38.3236,348.4515,0.7706,6.9008,83.3994,0,7.8804,31,6.2684,0.8425,0
43.1715,-0.3601,-0.3021,-101.6764,261.4159,84,69.2672,57.9631,100.583,272.459,0.6291,7.7996,61.8067,0,6.8214,16,5.4221,0.8495,0
53.1923,0.9265,0.383,114.4555,425.2544,109,80.5721,57.8172,64.6942,465.8464,0.9917,2.0666,93.7691,1,5.9078,22,9.3836,0.8907,0
71.4984,0.2129,0.4227,168.8451,409.5061,94,81.2197,58.0943,77.0948,440.8551,0.8758,9.9668,111.7463,0,12.0539,27,1.5582,1.0051,0
43.5371,0.4951,0.8387,77.983,522.2187,90,93.1714,57.9816,105.1319,344.4253,0.6535,7.933,168.2568,0,8.4222,25,8.232,1.1632,0
47.6799,-0.0804,-0.2128,103.3211,527.8885,109,76.7579,70.9136,88.9254,348.0604,0.919,8.9277,115.0451,0,10.4796,30,6.4626,0.8947,0
42.4323,-0.5264,0.0728,-84.0853,819.5568,91,76.7572,-0.1177,114.8061,244.6787,0.728,11.2804,101.5876,1,8.3941,27,4.8982,0.8155,0
44.0389,-0.3329,0.402,177.0849,555.9308,117,64.8435,45.128,77.0929,337.0892,0.7501,9.7138,123.5503,0,4.924,27,7.9527,0.8789,0
45.9731,1.194,0.3293,-116.498,595.779,101,86.4848,17.0511,40.0019,354.0044,0.629,7.4043,37.4025,1,11.2706,32,3.7258,1.0568,0
39.0511,-0.2956,-1.2439,90.3096,286.7148,93,65.3072,77.2822,61.2472,355.8827,0.7692,3.6431,50.2248,0,5.855,17,7.8759,1.0053,0
47.3639,0.4287,-0.3437,-37.7211,449.781,82,75.0215,21.8139,42.3937,404.7184,0.6311,7.163,90.4396,0,8.7112,28,4.3209,1.0849,0
50.5423,-0.9688,0.2851,-51.5271,337.5026,101,72.8979,34.1906,97.2789,340.3777,0.8721,0.7167,98.5864,0,1.2927,17,5.0142,0.8143,0
45.9685,2.0403,-0.1049,-77.3427,589.7835,95,88.9069,36.6883,71.9699,331.9647,0.7373,7.4499,17.2393,0,9.7519,34,7.3644,0.8547,0
27.009,0.3189,0.4057,-21.2181,507.8208,118,84.8794,25.7595,35.1634,427.2648,0.7185,5.1843,153.8252,0,8.394,26,5.8216,0.8454,0
48.4568,0.3396,0.521,104.7149,448.7671,111,87.0774,43.9124,31.4891,309.9633,0.8593,8.3271,66.0138,0,6.7885,31,7.5178,1.0711,0
49.5273,0.9263,-0.1067,158.7501,643.4666,106,89.456,8.0603,34.9936,239.8919,0.8752,3.3883,50.0128,1,10.0132,37,6.4066,1.0911,0
68.9754,-0.4809,0.3004,-30.1542,459.6064,108,73.6053,80.5282,90.4989,357.0742,0.8555,7.4309,108.4445,1,7.8671,24,5.4264,0.9814,0
50.2682,1.1937,0.7281,54.6018,700.0948,78,71.323,58.4424,48.0946,366.0171,0.9155,9.5646,157.1359,0,7.358,27,6.3132,1.005,1
59.3559,-1.5163,0.5093,103.7607,698.0972,88,63.1617,34.7637,99.9914,262.7751,0.8553,1.2438,29.3723,0,9.0793,47,7.0739,0.8825,0
45.743,-0.6144,-0.3853,-144.095,404.6522,107,81.2757,61.4594,76.1746,262.7159,0.978,8.1322,110.3547,0,6.6017,32,5.3404,0.8555,0
62.9817,-0.8012,-0.0926,165.7957,667.0235,108,72.175,56.4865,82.257,313.1483,0.8265,11.6424,27.4266,0,6.5806,20,7.0935,1.0166,0
40.5546,-1.8806,0.0137,-103.812,516.9031,107,84.5121,31.1589,45.2671,427.6291,0.954,10.5107,96.4035,1,8.3332,29,5.6628,0.8744,0
55.0499,-0.5287,-0.4676,149.4285,440.8925,95,91.604,64.1326,108.9914,250.437,0.9845,1.7333,19.1469,0,7.1772,29,5.7726,1.0925,0
58.4037,-0.052,0.535,175.177,559.2223,109,89.3017,45.7465,72.4315,161.2161,0.6655,5.3651,61.7027,0,9.7175,33,6.8872,1.0226,0
56.9361,-1.0899,-0.3225,-143.8543,261.9421,126,81.2087,72.6701,67.1033,153.022,0.8707,2.8665,96.702,1,9.9074,25,4.5182,1.085,0
71.6415,-1.2343,-0.0507,141.389,419.3134,105,80.7797,40.2919,101.5822,170.2641,0.8625,0.8618,120.1983,0,11.406,31,2.9607,0.9627,0
44.1564,0.0411,0.5359,50.7273,562.6682,101,79.9077,22.9709,32.9264,181.5235,0.9478,9.4816,115.9856,1,8.3425,38,6.7245,0.8069,1
64.1378,-0.08,-0.2255,114.4536,455.8513,91,101.2486,69.526,76.6298,247.2747,0.7348,9.9701,115.6302,0,8.1391,37,2.2233,0.9542,0
61.5565,-0.2657,-0.1683,-140.7248,661.7204,88,74.1763,45.395,94.8196,248.04,0.7576,7.866,82.6681,0,5.3048,27,7.2942,1.0059,0
50.4947,-1.2661,0.169,120.3343,440.2899,101,80.7921,49.5085,101.5843,349.5515,0.6189,1.0945,79.2728,0,7.8982,29,9.6431,1.0435,0
68.3926,-0.3945,-0.2045,45.3724,518.221,91,78.19,55.3191,44.0,426.1163,0.9065,0.926,102.7789,0,3.6407,36,7.3142,0.9592,0
48.5344,-0.6663,0.7663,3.8227,481.9543,106,72.1686,30.3637,65.143,388.5347,0.7065,6.7045,82.8284,0,8.8831,34,9.5968,0.9043,0
50.2232,0.0859,-0.4577,21.6118,270.8087,95,76.2019,44.1524,58.8769,229.0038,0.9716,10.8249,91.4152,0,5.686,37,4.4933,0.8448,0
49.9452,-0.5588,-1.1474,88.0084,558.857,108,80.2792,39.3039,119.2899,240.329,0.8652,2.109,91.7081,0,3.6584,40,2.5796,0.898,0
37.2681,-0.0388,0.4215,-72.8508,547.5741,95,68.1523,42.1029,96.1616,547.9648,0.7331,7.5764,121.0599,0,7.3907,25,6.3206,0.8445,0
57.6151,-1.3108,-0.1788,159.6518,210.0926,106,96.4858,74.9938,68.2957,148.6663,0.9273,5.993,86.538,0,7.909,29,8.1768,0.9718,0
56.054,-1.3968,-0.4038,-69.2508,129.5351,99,87.2623,34.4844,49.3479,391.4365,0.9269,3.0848,100.3915,0,5.4669,33,5.6497,1.0908,0
48.9532,0.5575,0.192,135.7489,431.9757,100,90.9196,33.4897,45.6516,214.4748,0.6646,5.0506,87.1197,0,9.5373,26,9.0663,1.0264,0
67.6253,0.7654,0.2097,-175.6399,684.5894,97,78.3868,77.9781,119.5355,378.1906,0.8167,5.4327,26.9514,1,2.7104,30,11.7518,0.9925,1
45.6278,-0.3927,-0.3809,149.9328,907.7508,93,76.8695,30.2954,82.4979,418.443,0.6041,1.8055,103.7852,0,12.6015,26,0.9711,0.8824,0
32.702,0.0276,0.5934,126.568,226.8701,103,77.8609,51.2784,95.1946,319.5271,0.7376,2.1012,63.0932,0,8.8233,27,7.3196,1.1536,0
69.0221,-0.4497,0.4309,-135.295,743.8401,111,73.0364,63.6924,44.1537,407.5782,0.8778,8.0533,90.419,0,5.6876,34,8.7767,1.0386,0
60.1111,1.0972,0.9873,85.2923,674.2299,104,92.9984,63.5634,97.3799,631.769,0.732,1.5274,84.7794,0,6.146,26,9.3961,1.0477,0
56.2604,-0.2031,-0.2293,-45.3186,412.498,105,93.9671,21.8978,51.5424,164.9759,0.6536,9.366,104.094,0,7.7762,28,3.7753,1.0452,0
46.6055,-0.4989,0.0781,-7.2798,782.4779,86,85.4968,35.6921,98.5658,407.3085,0.8309,10.1686,49.8051,0,7.2519,24,3.8835,0.9347,1
53.4209,0.9663,0.1167,-155.3064,569.981,111,96.9808,15.1103,112.2793,417.3052,0.9846,1.3662,132.8708,0,6.7957,30,4.4865,0.8815,0
37.3962,-0.7741,-0.1635,-103.4734,465.8796,105,103.964,66.6601,64.9002,156.7009,0.7652,11.3293,99.6417,0,9.0945,18,7.0595,1.0795,0
47.7486,0.1566,0.2016,163.3126,232.9328,92,98.468,70.9766,111.3046,336.876,0.9672,11.7308,83.4465,0,10.6264,27,5.7344,1.0037,0
40.963,-1.0485,0.2392,-29.5378,515.3126,85,75.3084,70.1382,71.781,284.9364,0.9622,0.6452,92.8671,1,5.7923,36,8.9284,0.9642,0
52.6188,0.6645,0.2394,-170.6291,506.2111,118,55.8109,49.5045,102.7946,365.2789,0.8674,0.0414,124.1008,1,6.4399,31,7.3696,1.107,0
59.2347,0.8154,-0.1632,5.4281,835.8206,112,87.428,45.3701,70.8958,323.7535,0.6282,11.3768,91.7043,0,7.3097,25,7.0345,0.8543,0
39.5237,-1.2887,-0.1047,178.0917,358.1209,106,84.2686,38.7541,42.9412,385.7596,0.8615,1.0849,89.4006,0,9.6526,37,6.0938,0.941,0
57.2491,-1.4446,-0.2835,-60.1846,367.086,115,81.0894,19.5491,90.1781,213.1329,0.8364,3.228,93.8336,0,8.2685,37,7.0112,0.8541,0
51.9975,0.2885,-0.3754,-129.1631,423.3998,108,77.681,60.401,59.32,517.4406,0.8326,5.6926,116.1613,0,8.5726,31,6.17,0.8318,0
56.8385,1.9408,-0.032,51.6792,898.4301,108,93.5067,30.5945,36.8132,321.8085,0.7354,1.8998,75.9921,0,8.6879,28,5.7427,1.2052,0
47.5778,0.884,0.7583,151.1368,327.4252,77,64.5359,9.077,88.6475,464.4435,0.9002,4.9852,95.6656,0,7.1903,30,4.9108,0.993,0
57.0402,-0.2123,1.0195,129.2938,696.216,90,95.32,76.2962,82.1099,347.1146,0.9532,11.1274,96.4359,0,11.7905,29,6.6915,1.0861,0
43.0419,-0.8543,0.6569,56.5155,266.3317,117,97.3372,37.6529,113.71,433.3999,0.8699,10.6464,107.3438,1,9.7253,23,8.6868,0.9544,0
33.1775,-1.2161,-0.2319,-113.7069,564.7478,96,81.5018,54.8754,37.8698,304.2971,0.6592,1.8537,119.804,0,4.62,36,4.6642,1.0602,0
35.4607,0.7171,0.2038,102.3696,514.7321,117,82.8422,47.1089,68.7288,423.6092,0.9138,11.3303,92.346,0,11.8851,30,4.773,1.0501,0
44.9723,0.9228,-1.0235,116.3599,395.0402,103,68.1425,72.6496,50.8571,201.5628,0.6626,8.5305,75.8568,1,5.6278,33,6.3878,1.2066,0
33.8748,-0.6312,-0.0775,125.8372,607.6771,109,90.0449,20.5674,73.5981,403.627,0.9199,11.6488,110.3636,0,9.055,22,8.4257,0.8074,0
65.5037,-0.2467,-0.1943,-34.5811,379.9352,102,92.7126,65.2592,105.8431,228.3845,0.8431,2.1247,42.9311,0,6.9854,30,2.5603,1.077,0
49.1717,0.047,0.9372,-32.8108,257.7249,120,87.6432,49.0628,114.7544,283.705,0.7371,0.7809,57.6757,0,13.1217,34,7.5602,0.9977,0
59.1927,1.8128,0.1302,-124.1434,453.2567,90,67.6049,59.0897,64.2352,192.8402,0.8266,4.9817,59.6008,1,8.4794,20,5.1325,1.1199,0
57.8707,0.0652,0.0254,98.1672,362.4038,93,63.9059,41.9093,85.7152,235.1059,0.9293,11.8666,68.511,1,6.7092,29,8.8931,1.04,0
50.0642,-0.981,-0.0342,85.4014,538.8857,97,77.5969,42.5484,51.2193,270.7803,0.8047,5.4672,48.2722,1,9.5138,46,3.423,0.9449,0
85.3653,-1.1566,-0.1454,-144.0901,457.0842,95,80.792,68.38,98.5785,361.4135,0.7906,7.7405,118.7093,0,6.217,33,8.4338,0.8435,0
79.2765,-0.9112,0.2658,-172.7517,734.6037,80,90.152,35.0144,111.592,336.6135,0.6849,6.4525,79.7269,1,7.3313,26,8.0331,0.8987,0
63.9189,1.264,-0.3312,162.6192,452.1224,94,77.5949,39.4625,72.863,262.7843,0.7463,10.7479,38.282,0,11.9743,31,11.0582,0.9741,0
40.9481,0.5131,0.2749,-173.7834,541.3611,118,90.6262,45.155,108.5001,359.6574,0.8079,10.4312,53.8974,0,6.7355,31,4.2356,0.9133,0
64.3297,-0.3455,0.7159,46.2955,325.6721,106,91.2918,21.0244,118.5431,348.5077,0.6457,11.5392,99.4155,0,11.3731,35,7.0912,0.8657,0
32.5147,-2.9253,0.0563,-16.6891,436.0061,100,84.7357,44.6271,84.7278,266.4095,0.885,7.3198,40.9901,0,6.8953,32,6.1673,0.8288,0
63.9675,-0.8526,-0.1572,99.8689,363.2554,81,88.6904,45.8562,80.46,261.3872,0.958,6.7362,93.1638,0,8.9334,29,5.4086,0.9539,0
24.4388,0.344,-0.0377,-148.4177,677.7174,100,75.8393,63.7315,64.3295,266.1095,0.9161,0.7621,89.0701,0,8.1681,32,6.3094,1.1331,0
46.8104,0.3522,0.6003,65.6545,386.3643,117,68.5837,39.4622,100.7784,503.6614,0.7945,3.7017,85.5554,1,7.5547,27,10.4912,0.9607,0
62.0912,0.3435,0.0696,41.3793,402.4399,93,74.3106,12.303,103.335,236.8792,0.6033,4.317,89.7403,0,11.7692,38,5.3594,0.8987,0
53.852,-1.3473,-0.3047,127.2939,544.825,111,71.6727,50.6261,30.9087,410.4895,0.7825,6.0466,56.9766,1,5.2774,33,2.4895,1.0281,0
35.2142,0.177,0.4043,6.6762,392.9438,85,92.1064,40.4713,52.7107,225.0919,0.6495,1.4761,74.149,0,7.5474,33,5.5962,1.1776,0
51.703,-0.9759,-0.3553,82.1851,711.4479,84,88.6261,26.2672,32.8839,257.2974,0.8968,6.4317,51.72,0,5.8765,35,4.6997,1.0817,1
53.8562,0.0019,-0.1167,-22.4701,793.6608,85,59.6955,56.4602,99.8838,348.1209,0.6508,3.1632,66.8596,0,5.6428,28,3.7126,1.0531,1
52.0479,-0.7678,0.1146,174.2323,365.3842,106,81.7883,57.2392,45.9595,368.2805,0.6493,11.6369,70.3685,0,6.3637,30,2.6082,1.0053,0
45.9272,1.0704,-0.4035,21.388,626.8445,87,62.1423,62.206,39.7507,334.0731,0.8052,2.4777,71.7902,1,9.4734,35,8.5545,0.8371,0
58.5508,0.3374,-0.8932,91.2741,373.2501,103,69.1608,57.5435,101.7311,370.9891,0.6964,2.0886,78.9433,0,4.685,37,6.0564,1.1702,0
61.4491,-0.1432,0.2247,-146.5433,446.5139,96,88.3202,64.7047,81.6988,364.8398,0.6966,6.1723,98.2938,0,8.8623,29,4.2573,0.8662,0
48.4581,1.3804,-1.0959,-13.4079,603.526,89,62.757,56.7037,43.8108,362.9367,0.9838,11.1075,85.927,0,6.7085,22,4.5204,0.8853,0
65.1965,-0.3725,-0.4633,-156.8024,520.9754,109,66.358,90.454,106.0138,247.909,0.7176,1.3295,78.1229,0,10.5429,47,11.6169,0.8829,0
48.4374,-1.4151,0.3891,-136.184,524.9515,95,69.7591,79.4578,66.6244,268.9863,0.9677,11.0125,63.339,0,7.3785,26,7.7687,1.0632,0
45.1019,1.0559,0.2096,2.2087,664.7458,106,64.1504,54.7455,63.5631,300.5089,0.693,1.2937,63.6385,1,7.8076,38,4.753,0.8584,0
63.5691,0.2522,-0.079,-53.1703,663.7044,105,65.7975,15.4766,88.6621,412.9819,0.9594,2.0639,99.3889,0,8.3153,28,4.8485,0.9281,0
63.2042,-0.3187,-0.4477,-14.4637,507.6663,93,79.4388,87.4039,33.3243,368.7189,0.6814,1.9005,79.6568,1,7.3997,27,9.9346,0.8795,0
43.7989,-0.6437,-0.2155,-1.3881,404.8316,104,63.1523,44.6591,60.2377,310.7177,0.6699,2.7636,85.0928,0,5.6995,25,7.5665,1.1513,0
42.3475,0.5108,0.2882,-122.4899,500.1383,91,77.5098,62.529,37.0671,318.2256,0.711,9.0137,132.9349,0,8.5053,29,3.4702,0.8222,0
67.6438,0.8136,-0.0662,-48.3007,348.6864,92,80.0909,59.4482,96.1943,193.4936,0.7687,5.0967,55.0558,0,8.0637,36,4.0618,0.8679,0
48.9734,-0.7667,-0.6176,129.8151,617.9068,117,87.519,47.6642,54.6978,275.58,0.6835,9.7372,70.3504,0,9.2167,37,7.9174,0.8074,0
50.0329,0.5653,-0.44,128.38,471.7625,108,89.2933,40.394,105.2829,250.3945,0.8465,3.9387,130.8689,0,7.2816,28,7.7718,1.0439,0
47.4775,0.2506,-0.2173,-3.3779,334.1675,111,66.2378,43.1056,67.6817,388.4135,0.7873,5.6308,84.5799,0,5.6364,32,7.3527,0.9461,0
63.2161,-0.8294,0.1835,89.6926,701.1436,99,66.7621,-3.6143,109.6725,321.0744,0.8156,5.9441,88.3622,0,5.8273,31,6.2594,1.1251,1
71.4417,0.0039,0.0523,91.279,497.9066,102,66.2043,26.6363,49.8957,422.9574,0.8659,5.5872,148.1998,0,8.0328,33,4.5648,0.8618,0
50.6999,-0.5467,-0.6232,-164.1216,387.7963,87,87.9086,40.1829,88.7288,532.2217,0.7848,4.7788,162.3995,0,6.2694,27,8.9061,1.0667,0
74.1772,1.2403,0.6735,39.9208,671.4456,107,83.4558,51.0033,115.038,383.5464,0.6378,4.2016,127.1061,0,7.9857,33,6.1449,1.0743,0
44.4549,-0.6489,-0.3715,109.6296,688.6246,101,76.4681,61.8483,65.471,206.5239,0.7414,10.1593,76.6566,0,10.5953,30,8.5858,0.8622,0
47.172,1.5089,0.2205,33.8296,216.9533,103,68.0795,38.5039,44.2186,280.7608,0.8071,4.8886,99.105,0,5.3396,28,8.2602,0.8978,0
56.7309,0.1314,-0.4737,14.959,666.1058,103,81.5529,63.6409,79.8373,137.0692,0.6716,1.5798,44.6568,0,6.5158,30,7.4168,0.8412,0
41.8301,-1.7455,1.241,11.2377,523.6629,99,93.6883,45.4281,68.884,478.3796,0.7971,2.3266,93.0827,1,9.8973,32,5.9137,0.985,0
56.6021,-2.1731,0.6625,2.8617,645.7115,83,93.0371,42.7817,75.5443,529.1095,0.6493,8.3938,99.0729,0,3.7868,23,5.5295,1.1277,0
44.8151,-0.2086,-0.3872,100.1909,489.8074,106,65.2676,51.0379,72.8276,206.7104,0.7409,11.9211,82.5626,1,8.8958,26,5.8526,0.8102,0
34.5587,1.3336,0.0442,51.2756,556.8854,93,90.7105,64.6785,53.9301,258.9664,0.9356,8.1501,91.1979,0,10.8559,28,8.8359,0.983,0
32.575,1.2306,-0.5146,-102.419,454.3636,102,65.1366,45.3151,76.3165,243.6225,0.6188,1.0242,142.1597,0,9.4422,28,5.1775,1.1676,0
46.7621,0.1663,-0.178,-23.9946,648.8421,104,75.9771,57.2994,43.2921,215.6507,0.6146,6.2798,81.3212,0,6.6784,28,5.7935,1.1435,0
54.1761,-0.7371,0.2115,10.3051,399.2956,111,74.7996,64.913,82.4655,153.9744,0.7597,7.3228,94.838,0,9.7242,31,7.1261,0.8124,0
36.3881,-0.4173,0.4225,-29.1777,653.9305,109,82.663,60.8969,69.343,385.1931,0.9658,6.8649,94.7105,0,7.9205,27,9.7631,1.1081,0
51.7859,0.2073,-0.6192,-94.4707,526.8001,90,69.9753,36.6448,117.5346,192.8307,0.8458,1.949,109.6402,0,8.7698,30,7.0462,0.8879,0
51.8142,1.0873,-0.3743,-135.0933,613.5074,102,81.0289,40.4079,38.5476,299.8215,0.8749,7.9934,88.6301,0,12.1126,27,6.3268,0.8926,0
48.3236,0.5692,0.4709,-137.7676,348.6112,115,69.1909,61.6746,97.6662,221.939,0.8226,0.2225,84.3682,0,10.3456,28,5.2941,1.0364,0
40.7375,0.9683,0.662,-73.3364,563.417,101,81.7199,47.2933,61.4365,129.2269,0.9101,9.0936,119.6989,0,3.0489,29,11.1156,1.0677,0
52.4024,0.6437,-0.3866,-35.0441,579.981,88,66.8271,34.4142,92.7565,237.8016,0.7631,3.1705,82.9758,0,8.6188,29,5.6966,1.0197,0
48.5766,0.9389,0.4784,65.836,778.1475,91,76.0226,50.8882,116.1895,157.0793,0.8996,11.5639,77.5921,0,6.8342,29,4.151,1.1793,0
59.8174,-2.2612,-0.6178,174.5701,604.6615,89,80.0369,65.5567,110.796,300.3284,0.9737,4.5407,96.788,1,5.5859,29,7.971,1.0404,0
37.0719,-0.8926,-0.1488,143.0481,411.7796,105,77.4981,68.281,40.1995,360.2607,0.738,0.835,88.8261,0,6.7046,28,6.9733,1.0605,0
51.1396,-1.1048,-0.5722,112.9312,405.5733,88,88.4489,70.422,108.8758,357.96,0.7643,11.8865,86.8445,1,9.5115,33,4.5629,1.0831,0
37.2816,-1.1999,-0.2029,112.945,614.1667,99,57.4111,50.6369,65.1872,325.3647,0.67,7.6156,113.4763,0,8.5494,27,6.3266,0.974,0
47.6293,0.0056,0.9546,34.5834,419.0044,97,81.7462,57.6404,36.3566,364.8832,0.6471,6.7678,70.8941,1,8.3671,23,7.3166,0.9797,0
39.0492,-1.4473,-0.0275,-89.0065,422.0795,96,71.6978,72.0957,48.6955,206.2458,0.8999,4.2642,63.7449,0,13.0532,30,7.6178,1.1127,0
40.8272,-0.9438,-0.141,-10.1015,371.1278,108,85.9093,37.2322,32.5701,268.6659,0.8352,5.4407,104.308,0,7.7264,24,5.6192,1.0785,0
49.9615,-0.0987,-0.2824,-128.6806,519.9657,106,80.306,69.5509,42.5468,268.7277,0.8863,5.3503,109.573,0,8.0771,37,7.1929,1.0692,0
44.3437,-1.6036,-0.1499,23.915,532.8883,90,90.8789,63.96,72.0667,154.449,0.6672,3.2461,93.4452,0,4.389,25,9.4805,0.9215,0
64.6669,-0.4862,-0.4043,-171.7197,451.0766,92,77.6714,64.0418,115.0713,218.3671,0.9029,4.1324,56.9237,1,9.0626,27,6.7068,0.94,0
61.7916,0.6388,0.0684,-111.7926,754.2502,110,92.3423,16.2169,102.8721,189.3025,0.7256,11.2648,157.775,0,9.0802,25,7.7404,0.8508,0
58.0475,-1.2254,-0.0163,76.4261,585.6634,94,81.5663,39.013,77.8268,285.3617,0.8479,2.0511,103.831,0,10.2161,23,5.5896,1.087,0
57.8496,0.7963,-0.2287,-80.3188,763.7388,84,67.0673,37.6692,59.1356,357.0004,0.939,5.922,102.6546,0,5.8105,30,5.2967,0.9805,1
51.3026,-0.8062,-0.2726,-28.8136,519.6297,101,71.866,78.4654,32.5576,257.4077,0.8462,10.8575,55.516,1,7.2328,25,5.4141,0.9477,0
63.048,0.2716,0.0914,119.5419,390.0764,101,74.1338,32.3167,35.1507,204.0312,0.6685,9.2196,77.2382,0,7.0199,27,3.9418,0.901,0
47.0596,-1.1062,-0.3647,-163.9591,350.813,95,81.1463,28.6735,95.8377,310.8052,0.8,11.9651,105.6208,1,8.874,31,3.0116,0.8731,0
71.1937,0.4534,-0.1201,-171.8157,481.5456,96,88.9977,25.6876,79.0082,257.247,0.7012,9.3773,108.3415,0,8.4856,31,7.6326,1.0903,0
40.5781,-0.3036,-0.2256,-97.5646,612.9892,100,86.1076,42.5251,40.9511,231.4615,0.8211,0.3797,75.3954,0,7.8173,32,7.2814,1.0099,0
38.7117,0.4662,-1.103,66.3996,455.4294,109,86.6464,58.0631,107.5967,456.5965,0.6316,2.4927,147.2046,0,7.7095,36,6.6413,1.1073,0
36.0503,-0.5452,0.43,-94.9965,628.5347,112,72.5358,86.723,76.6038,405.1112,0.993,11.1717,104.9512,0,7.3773,23,3.629,1.0456,0
37.7913,0.5561,-0.9163,130.9314,710.498,88,88.8234,42.3607,105.338,314.4053,0.8481,11.402,72.2163,0,8.125,25,10.4966,1.1591,0
33.7064,0.8469,-0.8841,-53.3346,378.9975,110,81.0397,34.8415,100.0618,249.2843,0.7527,6.5957,69.5593,0,6.2973,34,3.5598,1.1515,0
52.141,0.1197,0.4477,-77.936,335.0753,104,87.9464,81.1767,60.0028,255.4903,0.738,5.4049,65.8935,0,6.1499,26,4.7687,1.0408,0
58.5382,-0.4795,-0.5542,-96.1513,642.2252,102,65.2255,84.2343,93.2485,216.8441,0.8324,7.4901,58.4961,0,8.2474,29,5.0125,1.176,0
50.3414,-0.2337,-1.0382,26.6293,540.3466,91,84.5246,14.8164,119.3103,228.493,0.8688,10.7995,88.9601,0,7.6258,24,5.1326,1.1868,0
36.1471,-1.2643,0.6687,128.2721,548.8196,109,73.8918,39.6484,97.3227,289.5958,0.6938,5.6084,99.1138,1,8.7784,35,7.8605,0.856,0
45.3032,0.2029,-0.319,-33.8176,604.6044,97,67.3468,54.3196,53.7854,52.4364,0.8204,7.6852,136.3846,1,5.1136,32,5.8126,1.1969,0
58.4149,0.623,0.6074,-89.0939,271.1091,90,86.4652,53.7515,83.2677,440.4233,0.9427,2.7552,112.3761,0,8.2429,36,3.9527,1.1135,0
46.5807,1.5663,-0.4576,-28.4882,566.1873,94,75.7098,94.3162,68.9658,339.8232,0.9241,6.615,125.4253,0,6.7943,27,7.2904,1.0571,0
42.0162,1.3083,-0.8217,145.7243,527.0707,109,85.3037,38.9778,57.0007,213.5447,0.6738,1.62,74.8967,0,10.2228,36,4.646,1.1796,0
34.8622,-0.9773,-0.1608,-59.5665,569.2844,100,70.2175,27.0565,55.5786,443.753,0.7533,0.2047,100.937,0,5.4564,37,4.9587,1.1251,0
45.7726,0.2121,-0.604,56.0692,356.7829,90,100.3162,34.5188,71.4428,363.1939,0.9163,6.9083,90.2046,0,8.1517,35,3.2805,1.1492,0
42.9744,-0.133,0.2021,-61.2938,512.0988,84,78.8099,71.7942,57.9316,377.3299,0.7237,8.3655,55.4554,0,9.028,28,7.4622,0.878,0
49.1363,1.218,0.3381,62.9128,427.4545,107,75.3078,49.7342,43.2923,265.5471,0.9075,2.7943,109.1279,0,5.8486,28,3.8651,0.9744,0
54.7638,-0.7092,0.4649,137.1639,656.5574,105,89.8999,82.0211,98.125,352.6164,0.8837,2.4094,123.3671,0,9.4227,28,3.3399,0.9551,0
47.1753,0.8781,-0.1558,35.4812,486.9852,110,79.1427,62.9237,56.3728,132.6457,0.6731,8.2073,73.2026,1,7.7022,37,8.9892,0.9088,0
51.8481,-0.987,0.6902,161.0791,409.9926,88,111.6572,36.4374,63.5767,331.4585,0.8787,7.3777,125.8533,0,10.0567,27,8.6282,0.9061,0
54.7201,-0.106,-0.4638,36.5462,351.3741,88,91.6506,67.256,111.2757,264.9347,0.9349,9.8592,103.53,0,9.5119,42,6.6677,0.8741,0
37.7019,-0.8845,0.0671,170.9553,630.9273,109,75.2659,74.0507,89.5988,395.4418,0.9629,3.2442,83.2608,0,4.8827,37,3.7064,1.046,0
68.8604,-1.965,-0.0692,80.543,647.1795,79,80.7427,79.1667,113.5903,261.9992,0.698,8.4227,109.6913,0,7.3123,35,7.4206,1.0709,0
42.5857,-0.9044,0.9863,55.0038,788.5108,108,80.6628,21.9311,84.1188,244.2568,0.9988,2.2804,135.0703,0,10.2908,33,4.6772,1.1966,0
55.1656,-0.2575,0.6039,118.74,451.6907,98,69.4472,55.6136,61.9994,418.0112,0.7961,2.9776,146.6377,0,9.1956,26,5.1395,1.2065,0
38.6402,1.4262,0.0161,-176.0066,348.0577,92,92.8355,27.7033,50.0385,411.6483,0.7006,6.067,95.5729,0,8.4722,30,6.7376,1.0107,0
51.1014,-1.0874,0.0992,-87.3902,481.1081,94,75.7043,44.0898,104.2667,378.1803,0.8887,10.0041,123.332,0,7.1855,31,10.3909,1.084,0
51.4673,-0.6057,0.7678,-102.2074,395.3373,89,77.5269,45.3295,70.4098,344.432,0.8852,3.5102,138.0905,0,9.9715,27,8.3517,1.0112,0
66.591,-1.4403,-0.3758,-140.0767,405.6334,105,82.1863,55.6362,88.5815,368.5809,0.8457,2.3516,91.7625,0,5.6845,33,8.9738,0.8541,0
47.6738,1.1553,-1.0165,157.6032,571.1633,95,70.8434,59.61,96.7737,275.6066,0.6579,7.428,105.5281,0,8.82,42,5.3206,1.136,0
62.9947,-0.4605,-0.4838,-132.8392,663.8071,104,82.1134,37.9263,52.1693,213.2816,0.6128,4.1226,37.9597,0,7.4476,31,6.4868,0.9614,0
52.9046,-0.3384,-0.2072,-85.3788,561.9785,88,74.9713,74.3567,117.8552,332.6048,0.8941,4.832,68.2082,0,9.2994,24,8.3454,0.9558,0
68.5211,-0.3477,0.6804,-59.341,516.9836,102,75.2345,76.6703,51.2001,127.4562,0.7396,7.0869,90.8177,0,13.6564,33,6.1478,1.0648,0
32.199,-1.9506,0.5179,44.8661,623.0785,106,78.3786,53.7286,98.1841,432.9237,0.6391,1.0906,43.581,0,11.9402,31,2.7808,1.0947,0
54.8217,-1.4666,-0.0219,96.2871,465.8787,105,72.6505,84.5047,43.6394,290.3626,0.9725,3.7194,73.11,0,7.0907,33,2.5405,1.0883,0
23.2711,-0.9518,0.2333,37.6834,717.4883,100,64.3529,48.4168,117.7049,283.7588,0.9705,6.9908,128.4127,0,10.2489,33,4.3311,1.0604,0
49.4193,0.616,-0.3545,89.6236,949.8648,107,81.738,12.991,52.6337,206.498,0.8569,1.6557,89.7135,0,7.5624,28,7.3895,1.0885,1
60.2099,-2.4992,1.0443,-35.2353,405.5566,85,57.1044,31.5659,76.3862,430.9964,0.6971,6.5292,129.6569,0,4.4239,33,4.1821,1.0278,0
64.4562,0.5413,0.6065,178.4802,681.3859,101,57.4652,41.1201,63.1997,370.9624,0.9939,8.6129,108.6052,0,6.2632,32,7.6641,0.9406,0
57.3862,0.3431,0.0268,-118.7668,681.6204,108,80.4473,68.4062,111.3557,325.2497,0.6964,6.0053,48.3413,1,7.4394,26,9.1682,0.9647,0
47.0944,-1.8149,-0.0368,-36.0863,579.0725,95,78.1813,30.3706,76.9792,355.0671,0.6043,6.0521,66.6646,0,8.5098,34,3.0507,1.19,1
55.4513,-0.317,0.3508,119.5859,692.9603,106,82.5932,48.7779,90.4771,310.9801,0.9598,1.8507,90.4424,0,6.8293,38,10.6135,0.939,0
75.1638,1.1639,-0.0286,-91.1663,553.2213,107,86.6437,99.576,49.7624,383.4507,0.6785,0.3582,103.7806,0,9.7546,34,6.6884,1.1378,0
50.7538,-1.0705,-0.9107,90.3035,597.3268,94,60.2273,54.6411,115.133,265.2484,0.8519,0.8635,99.7994,0,5.8567,38,4.192,1.0545,0
59.6104,-0.552,0.7666,-48.8591,512.2934,84,73.853,82.1563,61.9566,302.1333,0.6953,6.1132,80.5326,0,9.6222,30,8.145,0.8562,0
45.7065,2.7611,0.5843,-116.0653,521.0563,102,75.5233,26.0323,38.9938,354.8028,0.7788,5.3858,81.6799,1,6.5785,33,4.831,0.826,0
60.7043,0.3259,0.186,-34.7974,595.416,110,83.1228,9.5655,49.6338,159.5018,0.7612,9.7545,106.263,0,6.3116,33,10.9746,1.1787,0
59.0606,-0.258,-0.2098,102.5239,563.1975,93,82.2824,17.8184,47.4721,171.4956,0.75,4.5289,46.3525,0,5.5363,28,4.7375,1.0096,0
43.8949,-0.4771,0.0049,-139.6961,342.9531,108,75.9496,71.67,39.7364,483.961,0.7271,11.1871,61.3404,0,7.6036,23,4.8559,0.8403,0
57.7731,0.3731,-1.3219,5.7966,576.3659,96,80.4416,45.3383,74.2023,213.2801,0.6061,4.0371,103.4138,0,7.5665,28,7.984,0.984,0
58.2478,0.6849,-0.5537,86.8883,463.168,87,77.2514,43.4423,58.0358,452.8882,0.6858,6.6743,73.6553,1,11.5929,26,7.1344,1.1624,0
57.3994,-2.1558,0.8835,90.5659,416.6,100,70.873,84.4553,74.4993,264.3275,0.9977,8.0659,101.1229,1,7.6796,26,3.8373,1.0868,0
49.5885,-2.2339,0.2586,-39.7488,645.4902,108,80.5393,71.7657,37.1311,190.1284,0.6031,9.2244,94.0694,0,12.2296,25,5.8688,0.8069,0
62.2909,-0.998,-0.9743,-12.0822,359.9194,97,58.5578,59.3266,83.0079,419.6514,0.6288,7.8427,32.4126,0,7.3572,26,6.9656,1.0319,0
40.6507,-0.1538,-0.4139,128.4357,459.3332,101,82.4529,73.9694,86.852,360.8932,0.6129,1.5089,66.3498,0,8.2565,33,5.8508,0.874,0
50.0975,0.0756,-0.9626,-104.984,340.0914,120,94.1235,46.9352,52.9281,372.204,0.8056,8.2447,117.2842,0,5.9912,40,10.4859,0.9309,0
51.114,-1.7035,-0.3902,177.3333,439.6786,107,76.5307,56.9757,81.217,181.4048,0.6147,0.0114,69.3643,1,7.5505,36,4.4999,0.8213,0
61.7137,-0.2048,-0.0826,-29.0746,858.9271,91,100.62,25.764,57.399,344.6994,0.8146,4.0313,130.6433,0,3.4603,38,7.1569,0.8113,0
40.3352,-0.0718,0.8008,-80.8375,385.275,109,86.0305,34.7155,44.0995,-4.0233,0.7306,5.7425,61.5033,0,5.4301,28,11.3212,0.8899,0
52.411,-0.8498,0.3926,-179.0642,477.3012,105,94.584,44.6634,91.2463,339.7559,0.9511,4.9472,142.4143,0,9.4622,25,5.8868,1.0991,0
45.0767,-0.5345,-0.1511,-134.9917,708.804,102,83.858,49.4774,105.1735,210.6076,0.7436,3.1599,79.7879,0,13.1088,33,4.2583,1.0354,0
51.0945,-0.7265,-0.1265,92.3432,565.7766,119,85.5157,69.7375,43.8223,443.0315,0.9279,10.3063,112.6885,0,6.6603,23,6.9192,0.8516,0
53.9229,0.4643,-0.4003,53.7231,479.2152,106,81.4323,74.7655,109.9256,393.63,0.8818,11.9173,111.1389,0,9.6888,37,3.8105,0.9999,0
37.2157,0.0069,0.5452,-91.2577,396.0645,93,64.322,107.1859,83.8655,318.4669,0.9878,7.9204,137.0432,1,6.6109,38,3.8597,0.8465,0
62.6406,-1.1423,0.6048,153.7211,601.0346,97,60.3466,96.0123,99.5844,407.9699,0.777,1.4887,96.6036,0,7.0113,36,2.3271,1.0089,0
54.2783,0.955,-0.6691,120.8477,451.415,113,77.587,72.8911,92.387,539.5906,0.9819,2.238,110.3416,0,8.6892,30,0.9889,1.1271,0
41.414,-1.3673,-0.8603,-83.0614,826.2029,97,73.973,20.2405,109.5092,294.9721,0.8587,0.043,76.5659,0,5.4913,28,8.3308,1.0061,0
46.5882,-1.7129,-0.1593,-61.1684,457.611,93,74.294,78.6399,35.3757,334.4701,0.7531,4.4041,84.1088,0,9.7304,30,6.3913,0.8832,1
64.942,-0.2452,-0.098,-113.4887,753.4993,84,67.3579,87.8258,118.8194,175.4301,0.796,9.8418,73.0484,1,10.7949,25,5.5982,0.989,1
54.1585,-0.2502,0.1293,51.3212,631.6386,114,91.0856,52.8002,109.2062,213.406,0.8921,2.8205,75.7805,0,7.8557,30,6.2766,0.9949,0
40.3512,0.0728,-0.8373,72.4095,630.3502,121,69.6882,16.0965,33.8988,208.4467,0.954,4.8478,5.4801,1,7.9582,33,2.4773,1.0727,0
42.1649,-1.1813,-0.3578,-37.4828,476.2665,117,69.0414,54.1299,52.7217,305.2575,0.7624,11.4019,84.8949,0,2.4662,28,7.8387,0.9535,0
56.2479,0.8931,-0.0412,85.3771,431.0861,118,80.3837,67.8855,78.177,337.6272,0.9772,6.3725,89.8551,0,7.8577,39,7.2499,1.0816,0
57.448,1.7147,-0.3894,176.964,461.0117,106,90.8343,54.9203,107.0659,232.3244,0.7913,11.2796,43.3214,0,7.3454,37,8.1886,0.975,0
53.6287,-0.0216,0.4289,40.3014,656.8178,118,88.4832,41.894,58.1088,328.5127,0.9082,0.5991,118.9155,0,5.4164,33,4.7779,1.0772,0
47.0854,0.316,0.9343,53.7422,578.6233,95,73.5039,48.4953,34.4821,399.9398,0.9631,8.0877,66.4996,0,9.9386,29,4.6918,1.0447,0
58.0968,-2.1151,-0.2693,-45.4167,220.1053,97,77.8762,75.8366,100.1885,318.0667,0.688,1.5725,91.3886,0,4.6478,33,7.2232,1.0213,0
46.8811,-0.4349,0.4446,-176.1889,306.7224,110,96.403,59.4977,69.0583,409.1631,0.6804,0.3519,113.3482,0,9.6025,34,8.2097,0.966,0
41.4531,-0.696,-0.1786,163.4117,479.7236,103,91.0607,79.4621,98.4916,124.65,0.8728,3.1763,77.9713,0,7.4491,31,7.2012,1.1634,0
65.8661,-0.8581,-0.4651,98.0441,580.4378,100,88.7667,71.778,59.2986,141.9275,0.8529,0.2331,93.7014,0,11.5469,36,5.5795,0.9586,0
54.888,-0.6575,-0.3561,70.4045,465.6207,92,83.8526,46.1238,103.6879,363.4993,0.9314,1.9227,90.7663,0,11.6163,27,4.2961,1.0229,0
42.1521,-0.5577,0.3843,-169.2682,424.5898,92,81.0017,66.7998,62.491,324.6216,0.8166,2.4117,97.2487,1,9.886,31,5.5155,0.8099,0
51.3426,-1.4549,-0.3208,93.2444,352.3717,97,100.0857,80.0734,72.8778,308.1252,0.8906,11.96,93.9199,1,11.069,28,4.6486,1.1425,0
50.2729,-0.4873,-0.223,61.2303,636.952,109,91.2857,53.0127,114.3577,311.6214,0.668,0.7105,86.3326,1,8.7257,25,4.3804,0.8602,0
46.5008,-1.0417,-0.5719,24.8062,514.9274,93,81.221,63.4611,43.3258,186.7217,0.8181,11.4083,61.729,0,11.8008,29,5.904,1.1063,0
52.3355,0.7883,0.317,44.4963,752.0686,107,87.2323,19.5996,82.3973,129.4563,0.6041,4.6037,127.4421,1,7.2494,33,7.257,1.1985,1
40.7147,0.3303,0.2291,150.6118,305.0439,111,77.5074,41.17,103.2458,393.1725,0.8728,6.5136,93.7948,0,9.5389,23,4.187,0.9179,0
58.7364,0.3317,0.7275,-177.5915,603.6833,94,63.9562,47.0504,92.2191,409.8006,0.9882,0.4022,78.2681,0,8.6234,40,6.7631,1.1963,0
49.9384,0.9768,0.2982,-123.49,582.1515,88,69.776,29.5396,68.3889,231.6604,0.6702,0.0643,47.3692,0,9.0838,29,8.3201,0.8094,0
33.9055,-0.8263,0.2065,142.1126,627.0716,92,75.3928,52.6314,102.226,88.4227,0.6547,2.9362,120.8767,0,6.5389,31,6.1302,1.146,0
47.7185,0.2698,0.2916,-177.0442,624.0,101,74.7454,83.9251,73.1306,286.3637,0.7894,8.2438,58.588,0,7.0268,30,2.3437,0.8826,0
43.8413,1.0702,-0.128,145.309,423.9438,89,72.7692,56.189,87.9485,232.2758,0.7786,8.3283,103.7314,0,8.0227,33,2.3958,1.1709,0
20.0959,-0.8962,0.0551,-169.3325,472.9031,85,73.2238,76.7476,60.2205,383.1007,0.7771,7.0251,83.7917,0,8.1528,33,5.5044,1.0423,0
48.4419,-2.0292,0.4656,100.5616,524.9617,103,93.0611,64.1836,35.1719,204.2951,0.7162,5.5594,109.5806,0,9.2113,30,7.8701,1.1242,0
60.3678,-0.6907,-0.4101,140.7324,349.5764,114,98.3265,84.4109,48.411,371.4343,0.6553,2.8828,136.9681,0,8.7616,34,5.1829,0.8568,0
48.9219,0.9565,0.8508,40.5098,654.7464,113,93.1236,48.7611,72.0742,310.6846,0.9691,10.0471,60.2374,0,6.5198,31,7.0147,0.9838,0
57.0814,-0.9531,0.319,50.9188,128.8243,87,58.4261,36.6162,110.4507,430.423,0.7394,6.8785,56.3931,0,6.3845,36,5.4646,0.8767,0
50.085,-0.4651,1.0106,-161.7971,325.6606,81,90.7791,65.6589,41.8602,355.848,0.7629,4.1235,101.9588,0,8.1242,36,7.1089,0.9468,0
45.4363,-0.7797,-0.5877,-104.0792,248.2853,104,87.3651,18.6467,58.4913,260.83,0.7686,1.7775,126.1567,0,7.8327,38,5.7382,1.1126,0
42.684,-0.1904,-0.5878,143.8098,664.9641,84,79.6277,61.9389,59.7129,337.3781,0.6511,7.9125,80.6501,0,2.7426,29,5.8471,0.915,0
37.1721,-1.0485,0.186,116.5378,532.3414,90,75.0302,5.8478,100.0491,300.9484,0.6792,2.3458,89.5203,0,8.2592,27,11.1543,1.0907,0
59.2577,-1.4831,0.0618,-158.5628,420.0605,84,76.9509,32.5529,78.9355,147.6156,0.6051,6.2846,48.1033,1,8.8311,32,7.3581,1.0267,0
57.3075,-0.4408,-0.2285,112.6746,514.4468,106,89.8999,57.0084,67.4356,361.2095,0.7989,5.2198,120.7078,0,9.4625,35,7.3321,1.0288,0
47.2171,-0.2704,-0.6347,-27.5456,539.637,109,83.8568,24.5378,35.6405,295.419,0.8217,2.406,91.9621,1,8.4932,35,5.1878,0.8123,0
29.7573,1.1165,-0.1339,21.8602,314.0576,121,92.1956,41.806,117.3425,87.1191,0.6854,9.3577,119.8229,1,7.8824,24,6.3932,0.8843,0
54.7208,0.0663,0.1086,-140.974,521.8929,100,88.1468,23.7413,102.6444,155.9331,0.7692,5.4986,98.7773,0,7.4641,28,5.8059,1.1658,0
40.9522,-1.1717,-0.6542,-36.4881,708.3185,89,94.4052,64.2292,35.0671,243.6365,0.8764,0.3043,85.0162,0,12.4124,25,6.9718,0.9713,0
51.4388,-0.7317,-0.2052,-23.4322,734.7429,94,86.3397,72.7167,34.1775,387.6174,0.7037,6.0414,120.5209,0,6.9246,34,5.0408,0.89,1
34.5875,0.7135,0.1912,61.0158,627.9963,105,68.6277,50.0654,52.7383,236.301,0.7469,2.4785,95.224,0,7.7553,28,4.1921,1.0801,0
50.92,-0.4238,0.3938,56.7127,538.7445,77,63.9993,93.942,34.5764,374.8409,0.8816,11.9171,50.6438,0,7.0668,32,10.7364,1.1509,0
48.6868,-1.0931,-0.1431,17.5948,638.6823,92,86.4604,45.3147,96.6944,379.1594,0.8387,7.7694,115.8975,0,5.7932,31,6.5866,1.1203,0
25.9028,0.0823,-0.4005,-168.6794,605.8567,89,86.0058,23.3165,48.4577,281.8399,0.8025,1.1617,131.826,0,9.1902,32,4.6606,1.0289,0
66.1796,-0.7899,0.0576,-121.8596,331.4068,73,73.8285,21.4322,109.3159,376.4444,0.9473,6.0559,68.1937,0,5.8117,33,4.6126,0.8313,0
46.7431,0.4781,-0.1034,-122.3031,362.9513,104,82.473,47.0914,84.9363,295.1803,0.6282,4.7437,87.5333,0,8.4054,29,4.7688,0.8897,0
47.4073,0.363,-0.7325,139.5837,595.1983,96,75.4557,56.4679,73.7055,225.591,0.8104,7.1106,150.2812,1,9.776,30,4.4325,1.0494,0
55.3468,-1.1474,-0.2253,144.6155,399.7239,96,75.0683,99.9571,40.0907,277.994,0.8799,7.9155,80.0763,0,6.2301,29,4.2911,1.0878,0
49.4933,1.785,-0.2949,110.3394,346.2152,103,65.6674,28.6041,41.7474,222.0928,0.7105,5.4459,58.5555,0,6.3416,24,5.9608,1.1866,0
53.6398,-0.1229,0.0114,-117.0434,693.4054,105,80.4478,37.3629,40.9069,381.3552,0.7151,7.6693,72.2658,1,10.9579,27,8.8713,1.114,0
38.5562,-2.6638,-0.3669,122.4546,509.4092,95,74.8312,59.5565,49.06,347.3923,0.7994,3.4518,81.3654,0,10.7522,29,2.2085,1.022,0
48.5782,0.3806,-0.2742,-112.466,490.259,97,83.7837,51.9464,39.3749,454.6416,0.7364,0.4445,124.2593,0,7.5111,25,4.538,1.0515,0
30.9068,-2.5983,-0.0911,19.6671,319.559,124,62.4669,37.9568,58.8857,293.8212,0.7695,0.6693,77.1232,1,9.6117,29,4.4082,0.8857,0
47.6235,1.0398,0.3192,84.1955,432.6964,88,86.0188,49.135,103.0926,339.5595,0.8764,10.2276,113.3712,0,8.1917,39,5.3171,0.8764,0
64.4507,0.0571,0.0464,-161.438,448.4858,97,74.8473,27.3237,43.1859,330.7114,0.7492,4.0944,100.7346,0,2.0544,32,4.8605,0.8721,0
34.9401,-0.1462,1.3324,35.2546,364.2321,92,69.3339,41.0673,56.9407,354.183,0.611,11.3213,91.9073,1,12.3335,31,6.2691,1.1194,0
46.4925,-0.0846,-0.6324,-89.5919,317.6802,93,75.6009,27.7839,70.4754,344.7667,0.6373,5.6705,90.5102,0,7.6478,28,4.9753,0.8221,0
28.7607,0.5017,0.4558,-0.7717,762.1863,99,64.0179,70.8565,85.2455,225.1617,0.8023,10.1156,22.3195,0,9.9153,32,6.7003,1.14,0
50.0795,-0.5652,-0.039,-41.7952,711.4103,104,77.0908,64.834,51.3601,314.1649,0.974,1.6467,105.0716,0,11.8525,22,6.7359,0.9718,0
54.6617,-0.0949,-0.6971,67.1683,484.254,104,81.2319,48.9573,85.2569,304.0777,0.7141,10.2954,124.778,0,8.3517,32,6.5993,1.0211,0
53.8348,0.0334,-0.1892,-3.8915,300.8591,84,80.7267,50.3176,46.5457,521.7046,0.6095,11.2607,72.2077,0,9.9731,30,6.605,1.125,0
43.9813,-2.966,-0.7567,-71.4131,241.192,101,84.5996,54.473,86.4663,128.4577,0.9256,11.4508,125.6431,0,6.7073,22,1.591,0.8909,0
28.5583,0.5093,0.0413,147.7291,432.2647,103,74.3233,40.894,100.9695,379.4729,0.9087,3.6057,77.6552,0,9.1886,30,5.9876,0.8845,0
37.5844,0.6781,-0.1525,165.2593,161.9735,85,87.7937,16.2173,32.0827,454.1141,0.9484,8.627,87.7245,0,9.0175,26,2.9983,1.0043,0
62.5648,0.3674,-0.3426,108.6868,432.0811,92,82.6617,43.1925,114.2485,209.264,0.7865,0.7494,97.5446,0,5.7402,37,4.4834,1.1653,0
58.7898,0.2967,-0.5301,29.0668,196.788,111,88.1593,59.7569,94.1474,517.2125,0.6303,3.4719,131.1689,1,9.2753,29,6.132,1.0419,0
49.0866,1.5115,0.5084,138.3842,485.8604,95,96.591,69.0475,115.4907,319.18,0.6591,3.9636,32.6378,0,5.458,33,6.5226,0.813,0
51.6229,-0.1291,-0.0799,36.6024,529.4619,107,64.4877,51.4351,53.8203,281.3239,0.9842,8.5067,110.6631,0,8.3521,32,5.7623,1.0688,0
39.7238,-0.0946,0.1047,-126.4212,471.9731,94,76.1737,37.9371,114.4498,311.7864,0.9424,3.8587,99.4374,0,10.4072,34,4.2416,1.0466,0
62.9063,-0.7371,0.0884,-173.7261,825.7642,79,72.3715,61.2086,70.821,321.2808,0.8427,0.7957,107.8057,0,9.2425,33,6.1909,0.9556,0
42.8085,-1.9987,0.054,81.3292,469.0556,92,101.3824,53.4807,43.643,326.8562,0.6207,5.6124,86.7075,0,8.8672,28,9.9799,0.9515,0
54.3728,0.3729,-0.1633,90.8948,759.5419,84,85.9729,29.1755,96.3553,184.5443,0.6267,3.5996,80.6111,0,5.1231,33,7.3347,0.8426,0
36.721,-0.6292,0.7588,153.2974,544.4379,115,82.8716,14.0073,92.5223,347.8045,0.6733,9.2562,152.2322,0,7.943,18,8.6865,0.8071,0
48.2179,-2.0097,1.1182,116.7255,801.9125,98,91.9598,39.2323,112.9649,129.7124,0.8635,6.1789,71.4545,0,4.4465,34,5.2357,0.8245,0
62.4844,-0.1602,0.7239,50.2497,236.6587,90,80.1243,80.4912,57.3583,259.8721,0.9891,3.6957,90.6568,0,7.8197,20,4.3801,0.81,0
40.5307,-0.1881,0.0107,-111.4908,337.627,90,84.6667,61.1124,86.6311,267.3571,0.8317,0.6564,151.6306,0,5.7588,33,7.6242,1.1355,0
57.4936,-0.3152,-0.0237,33.8582,456.9541,118,75.4395,79.6837,116.4065,307.4899,0.9352,2.6107,118.7768,0,11.6632,29,10.9883,1.1739,0
39.1923,0.0507,0.5464,-23.5133,740.4724,98,66.3554,49.3153,108.513,294.1401,0.9064,2.039,40.0591,0,6.0429,29,4.5228,0.8149,1
40.9809,-1.646,-0.3788,-96.441,464.1416,108,88.9746,49.2355,104.0112,328.6638,0.7048,4.1839,55.5245,0,10.7056,37,4.9447,1.0128,0
49.9102,0.9071,0.8552,107.6865,397.9725,98,70.4018,-3.8842,109.08,167.8603,0.8332,0.4419,119.9651,1,10.7539,27,8.7079,0.8727,0
59.7164,0.3485,0.3957,-126.1599,591.0048,105,87.486,11.7259,105.9853,304.1699,0.8829,0.5047,92.5594,0,3.1277,36,3.5657,1.006,0
47.0181,1.1578,-0.1399,46.9221,635.8867,83,90.8363,59.2105,64.1231,211.7174,0.7289,10.9779,166.987,0,10.5908,30,5.6898,1.0126,0
56.1858,-0.6396,0.141,39.8714,384.931,107,57.5555,53.8281,31.3993,332.1279,0.8443,10.7038,95.9969,0,8.5745,24,9.2111,0.8379,0
61.4414,0.3452,0.3134,-70.699,396.704,95,90.4482,4.6531,118.8858,476.4995,0.6518,8.5192,113.0639,0,5.509,26,6.2774,1.0172,0
42.2885,-1.9537,-0.2138,-25.4739,754.2401,98,82.5457,52.6408,99.7376,311.6829,0.9203,8.6524,101.9891,0,7.6566,30,2.3232,1.1699,1
34.7483,-0.9184,0.5172,-138.0342,687.3228,94,70.3022,70.1094,50.3256,457.679,0.7243,0.9405,128.79,0,6.7507,35,3.3535,0.8101,0
46.4448,-1.4571,0.6364,-170.8081,727.4617,90,62.6023,56.2859,97.3192,326.6585,0.7219,1.7769,155.0579,0,6.0001,40,2.7458,1.0243,0
62.7309,0.1749,-0.1313,-175.3132,641.1002,110,79.2917,39.3494,62.8117,235.5858,0.8918,3.3634,99.7549,0,9.5475,32,7.434,0.8656,0
41.8734,-1.1894,-0.2378,-117.2439,371.9605,107,78.2141,0.2,52.207,323.6571,0.9138,6.0035,137.5134,0,6.8221,38,4.5248,1.0822,0
60.1495,-0.5224,-0.0527,132.1103,495.055,119,90.9204,58.0925,80.9358,95.6991,0.892,10.1749,113.0402,1,9.3843,40,8.339,0.8393,1
47.375,-0.089,-0.5784,8.1391,340.7814,97,80.6474,32.2014,30.9597,325.5401,0.7331,11.8068,99.217,1,7.8831,27,5.0794,1.1691,0
67.5621,-0.4924,-0.8338,-137.8383,646.3739,94,69.1231,60.2229,117.8826,427.5639,0.9682,9.3474,92.3205,1,7.7035,28,6.3674,0.8586,0
72.4542,-1.4012,-0.2166,145.9782,418.4771,105,64.4627,63.9648,114.8688,200.5767,0.838,1.8357,52.963,0,5.0009,31,3.7015,1.0571,0
60.3146,1.5611,-0.48,24.8,243.2452,97,81.4644,68.416,101.1103,409.0302,0.7438,10.7804,144.4638,0,6.8858,49,6.1342,1.2078,0
33.534,0.0304,0.8854,-169.9612,517.0511,106,80.0424,57.6219,34.8092,210.0275,0.7386,8.3063,94.0797,0,3.6055,21,6.5904,1.1567,0
25.9677,1.5701,-0.2281,94.5824,668.7821,96,93.2042,43.0771,36.7389,286.6255,0.6316,1.0656,60.8955,0,12.3864,33,5.4078,1.186,0
50.6118,-1.1168,0.2279,-9.5633,293.4379,101,75.0815,61.7177,88.3446,194.4968,0.6669,4.0854,74.5349,0,6.457,27,8.2698,1.0318,0
59.0665,-0.4607,-0.3141,11.8307,481.2449,92,84.1868,29.7118,101.982,301.6208,0.8614,9.6439,57.6743,0,4.5089,27,4.878,0.8353,0
55.0101,0.0021,0.8911,40.7617,416.8205,127,78.6723,76.4117,34.8687,598.0779,0.7258,10.4679,108.1015,0,8.4017,25,4.7292,0.9945,0
42.7641,1.4475,-0.097,-145.9979,648.6645,96,52.9768,36.3514,80.729,241.9741,0.7032,8.981,135.3828,0,8.1708,30,5.7713,0.9934,0
35.1401,1.563,-0.6218,161.1865,192.9381,89,87.1605,86.2357,92.9182,284.5197,0.602,5.7775,71.2999,0,7.6564,31,8.6041,0.9591,0
59.2979,-0.5191,0.3351,-88.0587,670.2473,105,75.739,45.0196,44.7244,302.4263,0.9375,11.9526,56.9326,0,10.0226,24,4.9182,1.1449,0
68.586,-0.8146,0.1297,43.8596,394.2355,90,86.5912,59.8927,45.8031,286.6248,0.7087,0.0297,25.5839,1,8.499,30,6.6327,1.1677,1
43.2994,-0.0904,0.6015,128.0027,476.0014,111,81.6924,52.5151,113.8227,414.4398,0.7229,1.2701,57.5249,1,8.3454,32,7.4551,1.1433,0
58.2521,1.1154,-0.0771,-60.5097,628.7905,113,70.1123,13.9784,66.0923,237.9734,0.9976,5.5301,55.1271,1,9.0446,24,9.095,0.9073,0
76.0293,0.0509,0.0539,45.9191,721.8346,100,78.2577,60.7274,54.7087,333.02,0.7915,8.5103,145.8943,1,7.4141,32,3.8599,0.8851,0
48.1028,0.2333,-0.7537,175.9958,507.6985,117,79.6863,34.6165,34.1016,261.476,0.8148,0.3252,44.8985,1,4.8552,24,5.1819,0.8236,0
48.3051,1.1061,0.4177,126.6477,391.2503,96,81.8401,47.5966,33.3206,461.0118,0.6236,5.1408,105.5944,0,8.5548,28,8.2706,1.0557,0
55.5973,0.9448,0.0314,100.5425,420.275,96,85.1233,50.9448,53.2357,325.9681,0.8032,3.0142,101.849,0,7.9988,36,4.3774,1.0586,0
47.1565,0.9835,-0.0621,-21.8519,674.9138,96,80.3051,29.4141,85.7972,314.6879,0.7703,6.7231,87.3422,0,9.613,26,8.5309,0.8826,0
63.3923,0.622,-0.1146,-17.543,367.3708,103,97.4621,37.9104,84.462,372.485,0.9481,3.7672,77.915,0,8.4716,34,9.1456,1.0682,0
45.9599,1.3521,-0.1411,-5.2056,549.3317,100,88.4054,75.12,50.2936,445.6976,0.8092,7.8442,144.1934,0,6.9513,30,8.2964,0.8059,0
49.6895,-1.215,0.4245,68.5554,501.1158,110,89.9598,23.662,96.8328,402.4411,0.9477,1.7632,101.478,0,8.5916,34,4.8924,0.919,0
35.5756,2.2493,-0.4628,-128.0386,613.8898,106,88.2492,61.8191,71.5067,388.1099,0.9019,9.1203,48.5383,1,8.8619,32,6.374,0.9899,0
47.6442,1.0604,0.3717,129.9701,505.1209,109,80.7642,42.4299,101.943,426.1745,0.605,6.5482,80.2168,0,9.7433,31,7.0372,0.8452,0
39.9242,-0.1603,-0.8027,-173.4915,434.9177,115,87.3185,69.9905,113.1936,300.7531,0.9892,9.0186,86.503,0,11.7912,30,7.0832,0.9851,0
53.4606,1.1097,-0.9583,-118.8025,424.3864,97,92.4881,64.121,51.3598,506.6886,0.6293,5.8623,69.8217,0,5.3808,30,5.0051,0.887,0
33.3577,-0.3474,0.7054,-6.5468,421.5808,107,81.2602,36.107,70.3486,384.9618,0.614,4.5583,91.6041,0,9.6444,26,7.2327,0.917,0
59.7989,0.4748,-0.5114,-89.2379,293.0803,113,90.5076,63.6958,34.7871,357.4162,0.724,2.8474,115.073,0,5.3288,34,8.0545,0.9977,0
41.2883,0.592,0.0529,-48.3906,575.9072,113,66.9776,38.6092,98.642,290.2984,0.7697,10.6275,95.1685,0,7.4099,29,8.1801,1.1621,0
67.8413,0.8622,-0.134,-60.2701,531.4938,99,90.9901,84.2123,59.0322,151.2764,0.6893,5.2407,110.3558,0,6.7484,24,6.0905,1.0381,0
63.7076,-0.4597,0.1721,-83.1727,280.0816,80,72.2906,52.4078,88.6092,307.8156,0.7989,5.7062,107.0397,0,6.7338,36,2.1592,0.8123,0
55.3565,0.8834,0.0257,-43.1005,439.1562,100,66.956,43.2321,64.3035,214.2486,0.9872,6.3248,113.4375,0,7.635,27,5.682,0.863,0
34.6201,-0.4419,0.5215,1.9038,458.6748,102,77.209,41.599,42.8292,255.8126,0.8222,6.2364,135.4762,0,10.7983,29,3.2028,0.8307,0
43.7211,0.731,-0.7146,-8.5108,412.1875,105,82.0738,42.8889,30.6354,313.3626,0.6447,7.0449,67.0304,0,3.5107,28,6.9754,0.8802,0
41.0371,-0.0179,0.3355,112.2921,482.0175,91,83.3475,44.1325,87.6322,435.7655,0.9648,1.6171,39.4544,1,6.3946,25,4.857,0.9436,0
42.2887,-1.824,-0.0257,-69.0678,483.9599,92,92.9049,64.3648,114.0903,288.3633,0.644,10.0039,110.4838,0,7.869,27,5.4803,0.8757,0
65.7679,-0.7368,-0.7661,-78.5122,634.1532,96,74.4278,40.0673,111.3192,202.7065,0.783,4.1323,151.5734,1,7.5839,22,4.87,0.9911,0
48.4736,0.8481,-0.265,1.6016,499.298,114,96.4401,33.2114,114.6487,156.5433,0.7847,1.829,94.0245,1,2.4494,27,9.2315,1.1371,0
43.4214,-0.3037,-0.8019,-162.7436,589.045,104,96.4614,71.4708,91.9274,192.8307,0.8913,2.0587,57.8176,0,8.2943,23,7.7505,1.1376,0
42.5209,1.2135,-0.8366,-139.7483,291.3687,80,82.2563,77.2177,68.624,515.0665,0.8719,4.3356,103.7448,0,5.8012,30,5.705,0.942,0
44.6816,-1.2133,-0.2183,109.1117,340.7687,96,71.7249,34.4119,77.3782,243.6587,0.8466,3.0959,41.4585,0,9.0256,26,8.339,0.9368,0
55.3262,0.6961,0.5932,-2.2646,293.9323,110,104.9081,44.1616,95.3605,121.8919,0.8546,10.0158,94.0627,1,8.2526,29,7.549,1.1055,0
33.7291,-0.0475,0.1563,-156.0473,440.64,101,97.2487,74.87,56.8881,330.0101,0.9042,10.5472,33.3127,0,9.3772,36,7.9383,0.9723,0
50.9818,-0.2468,0.6497,-21.4621,508.3395,104,81.9046,59.1811,47.2417,239.9254,0.6689,8.5428,71.862,0,8.9025,35,1.1361,1.1958,0
54.2355,-1.1783,0.038,-36.6248,750.157,92,66.3778,81.9736,36.1076,298.3233,0.9905,9.7416,157.4504,1,6.6635,27,11.1102,0.9844,0
32.6464,0.21,0.7749,-91.3916,375.55,113,86.2051,63.9691,72.9032,388.387,0.8183,0.1569,51.8368,1,9.1433,25,8.4547,0.9031,0
35.8247,-1.0089,0.7233,-46.0428,627.3965,112,74.1008,59.694,38.2427,423.4334,0.8886,1.0294,104.1416,0,10.5886,21,5.7273,0.8092,0
49.5229,-0.6361,-0.475,-112.1921,375.156,74,88.74,42.7553,71.4233,290.5475,0.8316,9.7203,109.2637,0,9.1112,34,7.8413,1.1894,0
64.4098,-0.1407,0.0355,-18.3386,503.5844,99,82.295,30.4629,103.1533,334.2162,0.9502,5.6407,60.0323,0,6.8574,24,5.7309,0.853,0
62.0273,-0.3657,-0.3612,-32.9299,477.1561,71,64.0396,25.8677,43.7721,431.9316,0.8349,11.281,139.0482,0,5.2725,32,8.3126,0.8758,0
43.9153,1.0278,-0.0724,38.7001,361.4269,99,68.2004,49.4087,40.85,222.5241,0.6383,10.1939,73.4819,0,3.6966,28,6.8306,0.8207,0
64.0929,-2.5902,0.8291,159.1575,373.1612,84,72.3782,78.1735,52.0889,173.8346,0.9495,4.0566,91.223,0,5.5064,28,3.0267,0.9924,0
46.8037,-0.1784,-0.3208,-113.2335,739.6239,100,96.409,29.044,37.4927,349.4102,0.6409,3.8486,88.2175,0,11.5907,31,4.9973,0.9697,1
46.7179,-0.3628,-0.5931,-29.7213,420.0188,72,73.5007,47.5301,62.8086,197.4059,0.8086,10.5904,112.8723,0,6.4191,36,9.1201,1.1337,0
50.9402,-0.0085,-0.56,22.3994,649.7959,102,57.2625,16.8064,84.7963,256.6373,0.6807,5.2182,165.78,0,9.2398,41,4.1278,1.0288,0
58.3946,-0.5443,-0.1977,16.9168,601.8014,89,77.9841,77.6866,72.4893,300.6,0.6484,5.3893,63.4233,0,6.2022,29,6.3919,1.0397,0
43.91,1.0239,1.8727,58.0826,408.3405,108,77.3865,33.8112,94.8291,320.6222,0.6489,6.4169,101.0077,0,7.2666,37,9.0178,1.1234,0
46.0195,-0.2577,0.7364,-83.5451,499.4915,81,95.8981,95.366,40.8224,271.2371,0.9464,9.2011,126.4571,0,5.6436,28,8.3626,1.0399,0
37.5183,0.1329,-1.4365,48.4383,518.1057,78,95.1456,59.2344,60.628,399.56,0.7383,4.349,59.0062,1,7.8335,38,5.2446,1.0329,0
53.5103,0.8923,-0.0179,-107.5787,573.0432,110,66.9124,80.8673,67.5253,292.3047,0.7412,5.0133,79.764,0,8.6937,27,5.1579,1.1791,0
59.3334,0.052,-0.3145,-134.836,439.2433,115,83.9342,15.2795,71.3724,136.6339,0.8741,5.3904,116.8378,0,6.0636,27,3.3698,0.9812,0
59.9462,-1.2692,0.4932,119.3922,273.9807,102,87.9175,0.4537,36.1823,322.9151,0.9327,10.0576,70.5129,0,7.7735,36,7.6456,1.0607,0
36.3342,-0.4266,-0.5895,-9.4536,394.9337,84,78.7885,42.3148,35.7799,315.0553,0.9278,5.0048,75.1466,0,10.2312,31,5.5054,0.96,0
46.171,-0.1241,-0.5182,-36.9802,674.8347,106,81.7608,50.826,37.6015,270.8494,0.8591,9.992,4.1355,0,10.601,26,6.5287,1.0672,0
62.4547,-1.6466,-0.2857,154.2653,495.2908,104,91.056,62.5013,42.6334,275.9398,0.8871,6.6453,66.0947,0,10.5271,28,11.3823,0.8093,0
52.3217,-0.7118,-0.3459,75.5127,436.881,112,82.9274,80.8037,30.0392,250.4417,0.8463,7.2007,38.0904,0,8.9836,35,6.2915,1.0978,0
50.341,-0.0683,0.3258,63.7664,278.7353,97,86.7048,43.8166,57.1715,214.5539,0.9327,7.6618,89.2791,0,12.2511,22,7.4014,1.12,0
50.1053,2.0122,-0.1673,-110.0665,685.5613,88,94.0689,41.4943,67.023,450.5267,0.7378,4.5982,25.8464,1,8.3441,26,7.7952,1.1585,1
55.4146,0.3711,0.5016,-104.667,468.9083,108,75.5343,45.4518,79.3835,362.531,0.6952,7.284,76.8777,0,8.841,35,5.0837,1.0065,0
52.8592,0.1577,-0.4052,-6.0835,663.1245,118,87.9612,57.3203,32.4619,367.8706,0.6787,2.1354,94.767,0,5.8663,22,5.5468,0.9205,0
44.2461,1.6906,0.4329,54.8294,602.3606,91,75.5558,25.1531,70.0508,278.081,0.8414,3.7988,84.2062,1,10.0817,30,4.1106,1.0993,0
58.8106,0.5878,-0.5785,-37.7019,619.2883,106,90.7353,14.0723,114.4233,210.8595,0.6948,10.2263,109.2326,0,9.6848,37,4.4706,1.1873,0
37.9711,0.7289,0.3074,-156.8933,748.9177,92,73.7861,56.51,97.6137,-3.089,0.652,4.3661,106.4285,0,9.8329,28,6.0267,1.1152,0
63.2212,-0.4069,-0.2499,65.8904,518.1358,98,84.3452,22.9706,58.9013,414.339,0.9858,4.667,44.4622,0,3.3668,31,5.6136,1.1721,0
41.0405,-1.2655,0.4458,98.5505,479.9772,101,77.7207,72.8472,77.3615,506.4325,0.7512,10.797,89.4216,0,6.6782,26,4.379,0.8533,0
55.4789,0.2616,-1.2205,159.9489,734.583,96,85.8703,5.8222,92.8748,164.6429,0.9576,4.0907,26.3193,0,9.9875,29,5.2748,1.1774,0
48.3524,1.8222,-0.3916,-32.8436,625.096,104,71.5522,34.2957,43.9044,103.2784,0.8818,7.7785,84.4578,0,6.3581,32,3.8942,1.0914,0
45.2362,1.513,0.5842,-87.1027,394.2781,102,77.2244,22.9551,36.4916,365.4811,0.7394,11.3387,64.6212,1,9.0345,27,5.0502,1.1363,0
63.5757,0.6578,-0.1009,153.2909,656.5041,112,79.4736,36.5361,85.7021,479.2144,0.6568,11.9788,79.4213,0,7.7025,39,7.8921,0.9747,1
57.4291,-0.6866,-0.8506,77.45,727.2485,84,69.2549,32.4066,96.3318,224.7209,0.9366,6.4407,80.5446,0,9.5287,24,7.2095,1.0347,0
49.4105,-1.5506,-0.3535,-156.9649,155.0018,108,73.9238,72.5055,76.2785,495.6833,0.9566,7.3194,104.0702,0,11.6193,23,5.5749,1.0522,0
67.4517,-0.8222,0.1918,28.8098,313.3255,113,63.6037,106.1827,92.5892,349.2415,0.6731,5.2138,88.2909,0,5.9361,31,2.6894,1.0141,0
59.7975,0.2177,-0.4055,-169.7304,378.4865,95,83.7717,25.4823,94.7103,50.5754,0.8514,8.9987,71.1444,0,9.3647,35,8.4639,0.8441,0
41.9452,-0.471,0.5805,-98.4513,608.4593,104,87.9421,36.1386,87.9678,415.3424,0.8252,8.6331,27.015,0,8.4468,29,5.9574,0.8986,0
27.3965,1.0021,0.5426,-154.457,618.3339,113,66.0861,47.1063,114.2992,275.2466,0.9713,4.5665,109.1691,0,7.0088,35,7.7666,0.8614,0
51.0686,-1.4892,0.3339,-106.2391,577.9308,100,68.2887,28.8097,78.2439,287.0272,0.8591,0.6738,50.8591,1,9.5898,21,2.4724,1.1386,0
63.835,-0.1288,0.5154,-3.6278,631.4593,86,70.4119,61.175,35.1254,272.9093,0.7083,7.5137,41.4758,1,8.7598,31,7.8985,0.9552,0
56.1065,-0.7667,-0.2576,-72.4081,333.7705,95,67.2664,22.287,80.8651,308.2286,0.8863,0.4052,56.4778,0,7.1741,31,2.7723,0.9212,0
65.7396,0.9913,0.7436,-148.3155,319.0931,99,83.9936,62.1995,87.545,214.5028,0.8112,7.6616,115.4758,0,8.3194,30,5.89,0.8931,0
44.0169,0.5426,0.5378,-6.4583,687.9712,93,73.0818,51.7825,60.6706,183.1736,0.7389,9.7717,85.2518,0,6.1309,36,4.6079,1.0879,0
48.8278,-0.831,-0.0644,75.0558,515.5679,112,82.502,65.0961,72.5499,360.4094,0.8431,6.9175,107.6364,0,10.2149,26,5.1312,1.0146,0
49.0706,0.8542,-0.8132,-160.8749,681.301,91,72.5248,49.7701,99.3443,177.8823,0.9849,3.9962,56.6916,0,6.7697,34,5.1894,1.0436,0
52.4122,-1.6228,-1.1834,137.6649,395.2121,77,76.5961,64.6543,94.6957,192.9165,0.927,6.042,82.4001,0,6.0907,27,4.1813,1.1097,0
57.6744,-1.7865,0.4948,55.1051,341.5816,110,90.3849,60.6285,45.9848,101.8643,0.897,4.309,146.6018,0,10.6257,37,5.0702,1.1957,0
66.3237,-0.8852,-0.8055,6.9989,309.3702,101,68.445,46.3908,51.4152,393.7347,0.6305,1.3301,79.9103,0,4.6993,34,6.0979,1.1036,1
68.4269,-1.9829,-0.4607,-37.3259,620.1514,99,74.3815,61.1652,81.3582,537.5948,0.6483,3.8075,57.9567,0,8.7833,34,6.3163,1.1962,0
66.6657,-0.1126,0.2385,-38.4164,669.8002,91,84.1766,78.4874,65.133,166.1927,0.8449,5.8485,73.1628,0,9.322,26,6.1765,1.0861,0
56.6908,-0.0808,-0.6499,-59.1988,581.2656,102,76.8148,14.2691,97.5441,226.9388,0.6127,4.1074,105.0999,0,6.7211,26,7.7827,1.0779,0
46.5778,-0.4055,1.2172,-138.3374,427.494,97,81.8865,9.4161,39.1165,298.7576,0.857,0.2752,132.5339,0,7.3454,29,6.9356,0.8633,0
52.259,0.5389,0.1187,-151.4729,595.5707,95,80.0174,75.9664,59.3036,382.1857,0.7208,1.1089,17.5165,1,7.4066,27,7.0594,0.8427,0
56.5523,-0.7234,0.739,-68.8211,591.4552,117,64.9327,67.9895,63.0881,292.7201,0.6644,1.4745,83.0739,1,8.1576,27,8.3195,0.8149,1
51.3507,-1.2976,0.5213,60.1431,196.2147,96,93.9908,78.5922,68.7592,464.5539,0.6185,4.9788,71.3018,0,7.8844,43,6.2624,1.0845,0
40.8621,-0.7972,-1.269,-76.178,447.439,101,79.0066,47.8341,98.9695,225.1604,0.6846,0.4182,79.55,0,6.9568,34,11.6182,1.0666,0
45.3763,-1.2204,0.3722,112.4154,541.9167,109,95.9477,85.0745,31.664,300.3973,0.8784,5.7427,62.6749,0,6.3131,31,7.5541,1.0594,0
58.6804,-0.6118,-0.0081,-43.0954,666.208,96,83.3808,107.8663,43.0143,303.7629,0.7798,0.7441,61.6687,0,10.6038,34,5.3209,1.0569,0
47.535,0.596,-0.0312,47.2297,487.2302,91,93.1666,73.0612,79.6069,124.63,0.6131,10.94,53.0505,0,9.6144,40,6.5584,1.0824,0
50.2417,-1.7564,-0.0127,-24.5112,522.3563,99,90.2228,61.6347,73.8089,287.3956,0.6276,11.9241,63.3348,0,6.965,27,8.3765,1.1416,0
49.2158,-0.3397,0.5274,-0.7825,489.8949,115,92.2888,64.6896,115.6328,331.0389,0.8335,4.5588,83.5611,0,5.4541,39,3.5964,1.0976,0
41.078,0.9576,0.8227,-89.9422,539.7926,96,77.7721,53.3707,35.0262,149.1875,0.9349,9.3818,84.7511,0,11.9713,26,2.1466,1.0465,0
48.2873,1.0717,-0.5961,4.9929,294.6815,111,97.8712,56.4319,56.6863,225.5132,0.8384,10.7403,104.7452,0,10.7049,29,5.9521,0.893,0
45.4218,-0.682,0.0387,-140.1649,409.1823,94,75.28,58.9748,100.0079,481.8787,0.754,10.1457,94.354,0,7.0217,35,0.3241,1.1141,0
43.0819,2.2132,0.701,-40.7637,165.2831,127,83.6269,95.4511,116.5228,225.0972,0.7746,6.6882,92.8467,0,11.7738,33,4.851,0.9057,0
39.4169,-1.0516,-0.1037,-18.6117,433.7068,109,88.6313,34.786,119.4817,312.5649,0.76,5.438,114.0432,0,5.7938,27,6.0662,1.0791,0
48.994,-0.2285,0.1015,73.4385,574.3509,99,111.7225,45.5502,56.2526,269.5774,0.9587,3.8979,54.7031,0,5.533,27,6.7898,0.8595,0
56.1817,-1.1703,0.1086,-35.9204,381.1965,96,90.9393,50.0599,83.6091,237.9759,0.6611,1.0443,70.6917,0,11.1926,26,3.4047,1.0106,0
61.2058,0.4331,1.0574,59.557,462.271,95,74.7392,62.5424,116.1982,180.1947,0.7527,11.6449,75.5789,0,7.2683,42,10.4853,1.06,0
36.0585,2.8012,0.3742,-117.1382,558.6056,95,82.6936,54.9163,117.9531,336.3227,0.7233,0.7276,86.3146,0,8.899,30,6.4488,1.1334,0
66.064,1.8437,1.0353,-170.9186,908.3798,105,66.5369,24.2609,40.6036,206.7575,0.8357,2.2472,115.1477,0,6.9903,25,4.0172,1.0881,0
52.9295,0.8464,0.8718,2.1411,487.7568,100,94.6992,51.4767,61.8994,258.8407,0.8768,6.0886,95.3098,0,8.7173,27,7.828,1.1299,0
38.7297,-0.6075,-0.1135,-9.4065,607.8812,115,48.7322,47.8981,96.0263,423.0811,0.807,1.0031,123.2854,0,7.4938,30,4.792,1.1496,0
45.963,-0.1679,0.1504,61.1109,471.9736,95,78.2752,49.8286,80.3113,211.4238,0.9966,8.4623,136.0818,0,9.8394,35,8.0289,1.1582,0
31.2261,1.116,1.0261,-67.1237,553.3951,109,101.957,66.8,81.8503,414.6272,0.7017,0.1456,76.2902,0,8.753,28,8.9453,1.1599,0
33.7824,0.7495,-0.5709,-169.2485,495.7437,88,87.5978,73.9171,68.7513,254.3392,0.6074,10.2028,37.7736,0,7.7355,30,5.1522,0.9113,0
67.2143,0.0829,0.3806,80.4851,436.6987,106,84.8978,33.2065,105.9858,279.1622,0.8894,11.0424,125.8358,0,8.7861,39,6.1564,1.1305,0
43.007,0.1419,0.3856,159.1962,469.6223,110,68.0819,88.5738,35.804,346.2015,0.6979,8.1446,83.2934,0,10.6754,28,8.0388,0.812,0
55.3689,1.0557,-0.1382,-38.0651,687.0667,80,93.3084,20.0645,50.6309,158.931,0.9883,7.6195,82.0451,0,9.834,34,6.4259,1.1821,0
48.8881,1.3034,-0.1902,40.006,543.3719,118,70.8558,35.781,93.2822,372.2314,0.9214,7.097,109.0735,0,10.8809,25,7.7348,0.8802,0
50.1781,-1.5007,-0.1216,16.0874,320.4532,92,70.9386,45.5604,103.7399,200.3409,0.8504,0.8745,86.2553,1,8.401,27,5.0284,1.1609,0
53.6803,0.227,0.3512,23.7605,436.3643,111,93.2909,64.0786,117.3594,318.0287,0.8817,4.0654,86.768,0,11.6268,30,11.272,1.1291,0
29.1598,0.5782,0.7365,132.2554,366.2146,97,70.5235,15.4166,56.6489,182.8024,0.9199,7.5806,89.8233,0,6.8176,26,4.6449,0.9621,0
63.1854,-0.5322,0.3695,85.0812,639.1138,119,65.3652,94.3108,49.8298,336.6397,0.8738,2.5331,61.6441,0,13.0519,33,6.4358,1.1931,0
49.0129,1.279,-0.6289,97.1231,386.0904,110,70.3595,14.0647,53.2558,160.5167,0.7256,0.0543,66.0399,0,7.342,31,4.3434,0.8431,0
44.9572,-0.2885,0.7529,-147.5865,629.2743,103,81.8918,80.9987,52.4397,243.6458,0.8025,6.3684,120.8563,0,7.8265,35,5.0186,0.9224,0
54.6801,1.3068,0.5965,-127.1853,646.4872,92,74.9753,41.7142,72.9054,245.0103,0.7257,4.2503,121.5135,1,10.9394,36,6.0222,0.9072,0
42.7888,-0.3683,-0.1228,58.7897,521.6469,94,98.167,51.8905,55.5357,351.0583,0.8811,2.7842,91.1701,0,7.7995,31,4.1921,0.8085,0
52.0821,0.2594,-0.3272,14.5648,581.6643,98,80.342,5.5755,42.5308,444.2262,0.6033,9.6904,83.1762,0,5.9819,30,0.1228,0.8715,0
48.346,0.2373,-0.4541,98.7402,424.7812,108,67.5982,64.8551,34.8304,253.6709,0.7542,8.4292,109.2711,0,9.3014,26,8.2629,1.1249,0
57.1101,1.6626,0.5372,-146.4936,627.3729,98,61.32,46.9148,53.0246,264.9597,0.6634,7.7726,81.6146,1,8.9283,28,2.5228,1.1401,0
47.8605,0.741,-0.9397,23.9354,314.0359,78,89.0047,73.4626,103.5763,227.7051,0.9798,11.6298,94.5553,0,8.6335,36,9.1416,1.1052,0
39.6998,-0.4576,0.5494,-5.015,430.5974,80,83.0025,22.1767,106.0079,456.1306,0.8877,7.8552,146.4901,0,11.0704,33,5.9843,1.0257,0
53.6234,-0.2723,-0.2257,127.6873,453.8516,94,86.0838,78.5973,83.1939,271.9067,0.8014,8.7588,135.0599,0,5.2181,25,3.4009,1.0598,0
47.2939,-0.2762,0.1425,-112.6264,647.9739,110,75.7306,15.6753,65.6142,346.5502,0.6969,3.0946,52.8127,0,9.5692,34,5.1596,1.0394,0
31.79,0.0185,-1.7107,-54.4633,755.787,94,81.542,55.0551,53.9803,337.6277,0.6077,9.1556,95.0801,1,8.263,30,8.0498,0.9068,0
51.9766,-0.9446,-0.8867,-125.8303,431.757,80,91.9065,20.8117,33.5495,218.8605,0.9023,6.5573,55.4301,0,6.1223,30,5.929,0.9601,0
44.6256,-0.0813,-0.3397,-17.3763,485.4893,95,80.0553,89.2143,119.134,354.4743,0.7985,6.7938,111.3958,0,12.2539,24,4.9207,1.1347,0
53.4576,1.3681,-0.4562,137.3061,322.8249,96,68.527,69.0154,64.3543,423.8873,0.6358,1.6792,60.1021,0,7.5889,31,5.2841,0.843,0
41.4495,1.3237,0.3792,61.3201,487.5321,109,87.2278,81.8981,63.563,255.3205,0.83,8.8215,137.6254,1,6.0076,31,4.7787,0.8208,0
37.9362,-1.5649,0.1516,87.9476,665.2246,105,76.5105,44.7233,65.7694,395.8579,0.616,7.9959,53.2153,0,9.0802,30,5.6435,1.0823,0
61.8012,-1.7232,0.967,-146.3987,230.6347,97,89.662,43.7552,99.9136,328.3489,0.7733,1.805,58.1801,0,7.5124,32,3.6659,1.1428,0
58.4315,-0.5931,0.2567,-17.2707,502.773,97,80.2547,49.1876,89.2545,181.1137,0.7759,2.1545,50.9087,1,3.4548,37,6.0215,1.0538,0
49.9342,-1.7791,-0.325,121.9213,607.7036,86,88.6182,47.2697,114.8923,454.817,0.9455,10.3596,71.2319,0,7.4648,29,5.7522,1.1122,0
54.3777,-1.2634,0.6117,121.4927,508.5564,107,85.0702,42.1143,36.7111,375.4588,0.9949,7.4244,101.6993,0,12.9281,28,7.0739,1.1987,0
58.1041,0.3512,-0.2315,175.6873,471.5971,88,92.9802,45.713,116.478,172.2432,0.6576,1.8284,121.4349,0,7.283,29,5.4741,1.0593,0
49.8981,-0.0379,-0.2602,9.3747,631.4737,100,89.6208,73.5034,83.0557,206.1872,0.8808,2.5881,64.1919,0,6.4941,25,5.1952,0.984,0
37.9149,-1.7209,0.0011,-179.2543,378.6876,92,66.9519,69.3841,113.649,428.9252,0.9487,5.623,113.0044,0,9.7912,30,4.4828,1.2051,0
52.9947,1.17,0.8096,143.6618,383.0847,88,61.2637,26.5606,98.7552,201.5618,0.772,10.8146,79.6084,0,8.8117,34,7.8326,1.0583,0
60.0222,-0.422,0.5255,164.2308,223.0652,113,79.2305,64.2506,118.7694,165.9021,0.7306,6.0572,48.2388,0,7.5715,26,6.6367,0.8767,0
55.9318,-0.5183,0.5099,153.9886,548.8017,98,86.0182,22.038,49.169,143.0067,0.608,2.1719,118.7731,1,4.2205,39,10.1584,1.0811,0
50.593,1.0166,0.9803,97.8881,533.1729,94,72.7466,79.8352,76.8607,233.1163,0.8254,10.1742,79.5065,0,4.4839,29,6.2194,1.1044,0
55.6529,0.4109,0.4981,-103.7106,413.9803,108,84.4566,30.9289,114.4762,370.5586,0.6722,5.0086,72.9611,0,6.575,28,6.125,0.8098,0
47.7676,-0.0424,-0.6142,-129.9395,365.9517,99,84.0352,65.889,42.3759,325.2942,0.6297,8.3397,140.6372,0,9.5214,36,7.2959,0.9796,0
60.4418,-0.4946,0.2692,72.319,492.8872,97,79.2701,62.7409,100.2028,173.3785,0.6016,1.6138,113.2484,0,8.9049,30,6.3069,1.1862,0
63.4718,0.5696,0.8116,-129.4477,514.4198,112,73.6536,43.9006,112.256,271.3022,0.9844,9.1841,163.7691,0,7.0973,32,6.94,1.1339,0
37.0382,-0.4328,-0.7591,163.1936,320.3691,87,69.8063,42.3385,63.7444,362.5615,0.9432,11.0211,82.5567,0,11.4557,29,5.469,0.8877,0
61.1593,-0.2284,-0.0077,-19.502,208.1017,104,104.7917,45.3946,69.8756,214.0508,0.9849,9.8761,98.6844,0,4.6597,25,3.3452,0.9279,0
72.3728,-1.1765,-0.5339,-168.9066,241.193,88,58.7928,59.7765,104.8849,282.2672,0.9767,0.3688,57.2103,0,7.96,29,1.9568,1.071,0
55.2559,1.1426,0.0642,-125.7863,281.9657,113,67.6116,66.8743,80.9772,472.6647,0.8501,7.0485,114.891,0,6.3999,28,6.997,1.1727,0
59.8376,1.5526,0.5676,-75.4268,319.1625,103,106.0046,94.2417,73.0656,306.6677,0.8425,6.9338,71.9082,0,7.6979,23,5.6827,1.1588,0
43.529,0.2119,0.6714,73.3517,487.3987,72,69.6698,84.7782,54.6662,461.1537,0.9388,9.7932,54.2629,0,3.9677,17,4.6838,0.903,0
44.9629,-0.4861,-0.0921,85.4252,512.7333,109,74.3736,61.594,78.2505,221.5744,0.9786,11.9334,67.6189,1,5.8336,36,5.3864,1.0796,0
47.9049,0.9354,0.3307,-103.3109,474.8031,103,86.8007,55.3013,63.8287,257.5635,0.8357,11.1825,91.6667,0,9.0485,28,2.971,1.0324,0
45.9755,0.5887,-0.752,53.48,553.8105,96,84.8107,39.2465,72.4014,425.7678,0.648,1.2298,166.1946,0,10.5129,20,9.1502,0.9565,0
36.8818,-0.4438,-0.8742,-168.5421,560.1203,109,84.4306,63.0006,106.5105,306.0496,0.6526,9.129,94.3161,0,7.7243,36,6.927,0.9264,0
48.2734,1.1511,0.5598,-142.9729,549.4903,87,94.954,77.4953,106.1022,177.2921,0.864,11.1364,82.851,0,6.2532,31,6.4161,1.0059,0
58.3638,-0.4245,-1.5132,12.6038,513.3674,88,70.4195,73.0608,31.8896,503.266,0.6323,4.8905,111.8769,0,7.1548,27,5.2951,1.0341,0
37.0148,-1.2861,-0.3437,73.3765,341.5431,92,81.7496,55.6805,79.1272,327.897,0.8447,11.1549,95.8143,0,6.4395,32,7.0918,1.1674,1
51.7913,-0.0658,0.3385,149.1722,299.7416,92,79.463,38.0336,115.5658,487.7613,0.9856,10.8503,42.0721,1,7.928,27,4.6264,1.1068,0
51.4845,1.0843,0.1103,-22.4091,415.6905,111,71.2097,52.7869,70.1428,232.4442,0.6013,7.6827,98.357,0,7.4393,17,3.6892,0.8295,0
46.9868,0.1028,-1.4181,-136.8169,670.3124,107,81.0375,64.5338,39.9368,282.6265,0.6743,10.8901,128.5816,0,7.3246,27,8.3579,0.8765,0
54.9653,-1.1726,0.2628,154.4316,851.6318,95,85.6034,73.7501,31.0153,367.3965,0.9778,8.878,83.1598,0,8.5263,22,5.174,0.9009,0
54.0266,-0.4031,-0.4306,-22.5224,583.5831,119,85.8489,54.7441,66.7341,440.4377,0.7955,7.5171,97.7883,0,9.3012,22,5.4166,0.8882,0
46.2757,1.1963,0.0604,-0.9097,553.6886,96,90.6944,69.1022,108.9235,403.8868,0.7147,3.7505,95.1532,0,7.6054,23,4.345,0.9244,0
60.6089,0.2738,-0.312,127.5946,660.0456,97,79.5999,71.2577,110.345,59.0182,0.6995,6.7004,121.6342,1,7.2808,28,3.1674,0.9689,0
55.6061,-0.0189,-0.3461,30.8807,726.9645,95,69.9263,44.1902,89.5495,229.4331,0.9456,8.1654,75.3792,0,7.4576,31,7.0405,0.812,1
65.7348,-0.1304,-0.8998,-71.4779,361.6673,108,66.1592,38.4817,115.7655,314.9222,0.7718,6.2526,82.2459,0,11.6588,28,6.1493,0.8327,0
49.3357,1.0799,-0.1795,14.681,935.4551,107,75.3859,83.9068,36.5036,376.3243,0.8543,6.016,96.785,0,6.686,34,6.0096,1.0719,0
46.7824,1.0147,0.6181,44.95,738.1871,113,66.4734,64.2952,63.3445,264.336,0.724,10.7365,73.5572,1,6.4298,32,5.1296,1.0471,0
47.9153,-1.4012,-0.2113,140.328,295.0274,87,72.8929,61.212,101.337,260.5047,0.818,11.8172,65.8114,0,4.3195,34,3.8144,1.1581,0
61.7832,0.9399,-0.1886,-95.4596,350.2275,89,68.1818,39.1723,105.589,322.2892,0.9184,8.5998,109.1992,1,7.0484,31,8.0313,1.1897,0
48.513,0.5164,-0.3523,21.3765,922.5361,84,73.4518,8.9306,38.2344,213.3267,0.7354,4.1149,120.0598,0,7.489,37,2.8403,1.0998,0
49.1236,1.593,-0.6431,151.3797,655.5244,100,97.8345,59.5967,82.8438,234.8284,0.7591,10.7543,71.2873,0,10.1012,40,3.1557,0.9641,0
69.6097,-0.0691,-0.4989,-163.6298,410.423,105,78.7666,59.721,89.9517,316.0393,0.7773,9.8721,76.54,1,11.7951,16,3.1407,1.1048,0
36.5552,1.1352,0.1108,-109.9556,511.8791,102,95.7229,63.7301,49.9708,296.0706,0.8396,8.8917,90.0232,0,7.6823,35,12.281,1.0382,0
53.5682,0.4689,1.2296,-55.3266,613.1154,106,84.1767,50.0282,33.0015,183.7414,0.7217,4.6754,106.8126,0,4.5181,35,5.6402,1.1849,0
49.3854,-1.1139,0.4878,64.2486,633.3068,83,73.7758,38.7784,31.8641,326.2005,0.7783,7.2326,79.5154,0,6.7363,32,5.1852,1.1694,0
47.4939,1.0206,0.31,123.065,705.2397,107,78.767,55.3949,62.31,341.5818,0.8191,4.6424,75.8613,0,9.8272,34,3.3524,1.1435,0
40.4664,0.8094,0.9957,-108.2985,536.3364,90,63.4932,75.1753,41.4718,437.7252,0.7418,2.0778,104.3141,0,7.3039,29,5.1004,1.0671,0
43.3608,-0.6499,0.234,-91.1864,542.067,102,76.689,60.9935,81.4095,295.7095,0.6028,9.323,58.572,0,9.662,21,9.1136,0.8741,0
45.9191,0.2895,0.5373,116.3828,445.4274,94,66.8916,23.1376,52.4974,413.527,0.708,8.3964,81.5207,0,7.402,21,8.3037,1.1151,0
54.9574,2.1078,0.107,-126.5963,360.6562,95,85.9855,46.3796,60.4291,97.2794,0.9264,3.6237,0.0,0,9.4593,30,2.3632,1.1591,0
58.5244,-0.483,0.226,-85.9763,353.7366,104,75.6511,37.042,61.0123,294.3596,0.7134,6.1267,92.1257,0,11.724,27,4.9085,1.1076,0
32.2119,0.7262,-0.7043,83.7697,478.4343,90,76.9639,81.915,113.8175,250.0347,0.9289,7.1572,91.8291,0,7.834,26,9.727,1.041,0
37.9844,-1.0949,-0.155,-120.1828,551.6293,102,75.8207,45.6651,107.5424,250.5815,0.7636,9.6689,95.9459,0,7.449,32,5.9264,1.1049,0
55.4789,-0.5703,-0.281,118.0921,281.7078,84,88.9839,79.9512,88.3887,342.7529,0.9465,0.3394,25.6783,0,7.8233,24,3.359,0.9526,0
56.3226,0.8106,-0.3075,-3.414,806.9483,100,71.1016,54.4555,44.1288,117.3739,0.7502,10.4647,67.507,0,7.0361,31,5.1621,0.8617,1
35.3634,0.2567,-0.3368,-18.8741,395.6537,123,70.4416,41.7968,36.9256,131.0506,0.717,4.5751,109.8404,0,7.3754,27,6.3837,0.9413,0
58.7429,-0.2012,0.7155,-131.3081,371.4119,106,83.426,30.8094,62.0132,359.1358,0.695,6.2687,159.1945,1,7.4212,28,10.3178,1.1516,0
49.8603,1.7025,-0.1843,64.677,495.7603,102,90.8633,42.9476,81.3981,318.9053,0.7211,5.5823,107.1466,1,6.8325,25,4.4761,1.166,0
57.4707,-0.9218,-0.0722,138.2404,144.5083,79,83.3128,50.2545,95.249,226.9303,0.6793,9.4673,148.8212,0,10.0552,34,6.6831,0.886,0
41.4826,-0.146,1.1324,69.1588,554.2579,98,101.8685,27.6423,32.162,429.9012,0.9002,7.9441,132.1549,0,9.1794,31,3.7518,0.8405,0
36.0998,0.4918,0.3877,-65.9215,351.4637,91,70.6575,62.8017,47.5311,402.3688,0.9927,8.9502,98.6323,0,7.7896,31,5.5512,0.8447,0
46.9135,-0.8715,0.004,71.5675,211.6979,106,58.3344,33.0414,69.4594,334.6195,0.7589,11.6518,119.6372,0,8.3579,31,7.2834,1.0249,0
47.3572,0.5092,0.5292,3.5793,521.5177,92,84.8723,20.8394,62.3655,160.5313,0.7333,9.3439,144.4481,0,5.318,35,3.4963,0.9127,0
46.7982,1.0747,-0.3346,127.343,521.3257,96,78.4671,23.5925,71.2458,433.9206,0.855,8.8216,92.4986,1,9.3161,35,7.2049,0.9774,0
46.098,-0.1146,-0.2123,-14.527,791.7887,95,84.7156,40.394,59.4655,110.3323,0.7722,1.6326,56.7272,0,6.8658,28,9.8852,1.0249,1
66.9289,-0.6853,-0.1808,-94.571,526.944,114,88.5638,60.9583,82.9075,188.447,0.6192,4.2283,103.4929,0,5.3457,32,6.6402,0.8282,0
33.0019,-0.3124,0.1248,-143.5478,525.8281,88,64.7465,82.8009,107.9395,381.0677,0.7377,7.1318,83.2125,0,10.7769,22,8.2142,1.123,0
41.5513,-2.6784,0.2334,-78.816,506.1957,113,77.133,45.2004,37.3729,150.5012,0.9201,3.5501,75.8337,0,7.1509,33,3.136,0.8775,0
45.8142,1.0061,-0.4746,22.8744,113.2374,105,85.8606,56.6503,56.369,437.7763,0.6275,7.8473,91.8317,0,6.0463,30,5.2115,0.987,0
50.2399,0.2646,0.2035,-118.7847,511.5236,108,82.5549,48.5886,53.9696,492.6918,0.7035,3.152,68.4357,0,4.4884,27,1.8297,1.156,0
57.1101,-0.1764,0.3022,-165.686,492.7317,113,78.24,7.3941,78.9722,363.7043,0.9899,3.8133,75.8163,1,9.799,28,6.483,1.1363,0
58.6536,-1.6668,-0.2338,-18.4165,478.2893,105,87.3825,57.5537,110.2987,226.1872,0.7132,0.3989,73.1578,0,7.6472,30,6.6714,1.163,0
60.7652,1.109,-0.0828,-54.9244,374.9262,88,89.9665,49.5652,103.7921,170.2344,0.9406,2.7784,76.4417,1,11.1287,29,5.6059,1.0917,0
54.8145,-0.4376,-0.5685,-28.6594,584.7573,108,59.4882,18.4672,111.23,147.6962,0.9597,6.1394,75.6742,1,8.7555,28,5.9658,0.8999,0
32.6998,0.5652,-0.7545,-16.512,353.5053,95,95.7578,83.8007,49.1274,330.1058,0.8727,7.6119,131.5161,0,7.506,26,7.862,0.965,0
33.3563,-0.0114,-0.5736,95.7854,605.8096,88,67.7721,62.001,60.9194,310.2723,0.7898,5.2971,53.828,0,7.3008,25,5.3548,0.8459,0
61.4729,-1.6149,0.3603,165.9337,558.2264,102,85.9544,16.6776,54.7931,320.2096,0.9822,4.0859,122.4462,0,8.5498,33,7.5203,0.9553,0
60.8263,1.2685,0.2615,-85.5776,710.3553,94,76.694,60.4717,79.1324,439.9598,0.9854,6.7796,155.2488,0,11.3565,21,6.0767,0.8072,1
56.3602,1.0786,0.9638,159.2636,430.3969,100,92.5493,110.5253,90.4057,378.3851,0.8545,0.754,60.4055,0,5.9891,40,7.2431,1.0237,0
41.7973,0.764,0.0191,-97.7848,700.5786,99,87.2106,50.1308,67.3844,330.3908,0.8982,3.2778,88.0778,0,8.3881,36,5.7825,0.8261,0
46.7748,0.3148,0.0259,91.7802,531.8467,107,85.8933,63.812,57.6968,309.6378,0.9523,4.6322,86.6466,0,8.3679,30,9.7168,0.8496,0
46.0114,-1.1975,0.1686,65.2846,488.7184,100,82.2199,38.6372,86.8737,198.0277,0.6429,5.759,39.4154,0,7.0691,33,3.7884,1.0397,0
39.7527,0.869,-0.5335,-161.2,372.0303,93,74.6268,41.018,74.8507,349.6514,0.8261,9.6879,104.5802,0,7.5403,24,8.2193,0.8317,0
52.5905,2.205,0.4517,80.9718,559.3386,97,70.0991,81.2811,104.5848,323.8948,0.9454,9.0411,99.3857,1,8.4364,36,5.4426,1.0832,0
71.5547,0.1161,0.191,144.4042,428.5867,101,66.1695,62.7157,34.8549,408.5352,0.9653,5.6688,123.333,0,8.3541,31,6.3301,1.0766,0
45.0437,0.1357,-0.4737,154.88,495.8186,93,73.7431,71.3956,96.2465,327.0261,0.9999,5.9064,102.3438,0,9.6034,38,6.556,1.1737,0
62.9677,-1.1018,0.1858,66.6696,616.6126,104,89.1213,45.2982,92.3487,538.5829,0.8932,8.4284,95.8034,0,4.411,23,5.9185,0.9939,0
41.1466,-2.0704,0.3792,103.1717,495.3902,105,69.9808,59.0449,108.003,419.3001,0.6837,6.0223,69.507,0,9.5084,28,8.7582,1.205,0
34.6334,-0.3591,-0.6657,-154.2449,547.5849,95,92.0902,48.469,106.0453,115.1511,0.8537,1.5874,34.9221,0,9.5775,30,4.284,1.1764,0
59.875,1.4817,0.5287,-121.949,727.0464,93,69.7419,62.2894,43.5275,323.9551,0.9958,5.5364,108.1768,0,7.5453,30,7.6225,0.9791,0
47.8119,1.3438,-0.2251,-85.5073,584.4235,95,78.3561,47.7301,87.7196,427.2751,0.835,7.2293,136.5146,0,5.5628,29,8.3006,0.9323,0
62.7125,-0.0654,-1.5352,11.2818,398.1279,112,84.511,85.565,84.3726,238.542,0.7543,7.0313,47.1619,0,8.0868,30,7.2616,1.002,0
64.7089,0.4301,0.486,-40.9519,439.1776,94,90.2654,45.2748,92.4966,235.5216,0.7085,1.5346,111.5438,0,7.5789,26,8.6381,0.9951,0
47.2159,-1.2184,0.6714,56.5686,521.1067,102,76.3341,58.5133,118.3149,468.2434,0.7396,11.6448,87.9454,0,7.489,35,3.3824,0.8698,0
63.4302,0.1112,-0.5618,-19.552,818.2341,107,84.8125,13.9894,39.8485,201.87,0.8944,4.4099,60.9641,0,4.4107,19,6.4443,1.1281,0
41.2395,-0.5244,-0.8355,99.008,299.796,84,82.1257,73.8201,86.6308,359.2271,0.6842,11.8545,135.4461,0,8.1869,34,6.7907,0.8441,0
41.082,0.0547,0.6639,76.8917,528.5229,92,77.5022,26.5141,83.7209,289.5715,0.8563,9.8163,99.0022,0,4.6257,30,5.5694,0.852,0
60.7227,-0.2747,-0.3087,89.0213,704.6657,101,69.6131,37.0744,30.6721,369.7505,0.8508,2.8884,97.5482,0,10.1396,23,5.3117,1.0381,1
34.5219,-0.2925,0.6724,118.3856,592.1935,99,84.4004,25.2391,89.2786,242.4545,0.7056,11.0189,44.5218,1,4.8717,31,7.0063,0.8977,0
49.9844,0.9964,-0.896,120.3201,480.1784,92,80.2786,21.5037,74.7443,233.4397,0.8017,2.7776,139.5424,0,8.2387,28,3.9361,1.1614,0
62.4965,1.9639,0.7026,100.6389,242.0555,97,76.8046,69.4415,99.5692,411.0648,0.9466,1.6514,68.9655,0,8.2965,27,7.978,1.2071,0
63.1679,-0.1695,0.5367,-156.2664,726.7165,87,81.1478,34.1922,97.9714,459.1981,0.9181,5.0804,100.0283,1,6.0316,27,7.2209,0.8676,0
45.6733,1.4186,0.2703,44.3532,429.0188,116,85.7116,20.8159,33.9291,282.1525,0.8345,1.6942,119.6886,0,7.1195,26,4.9357,1.1832,0
60.0923,-1.2416,-1.0021,-172.8758,357.0523,103,63.2013,19.607,100.2371,343.6401,0.8669,0.5751,100.8859,0,6.7596,36,5.097,1.1226,0
38.7707,-0.0922,-0.1812,87.7533,537.6382,87,74.5374,72.1657,110.7484,384.7116,0.614,3.8995,115.5609,0,8.2249,36,3.6969,0.9577,0
43.3263,-1.2962,0.5038,-158.0192,714.0713,79,70.2581,42.7394,86.8805,319.7397,0.6357,3.5539,121.1524,0,6.2675,40,5.4318,1.0199,1
52.3041,-0.3124,-0.8435,173.9574,560.7319,93,71.0148,49.0074,108.2289,369.4008,0.7499,11.084,160.3299,0,12.688,35,5.578,0.9629,0
53.7775,0.7157,-0.2612,41.0682,445.3084,104,72.111,68.441,48.7326,471.9556,0.7535,5.0817,51.312,0,5.8973,27,7.1731,1.0122,0
39.5227,1.1186,0.1982,-114.4807,537.2001,102,90.9841,61.8294,111.0924,168.449,0.7192,11.8883,90.2025,0,7.1602,28,5.7265,1.0124,0
68.6228,-0.7785,-0.5795,-11.4194,517.769,94,83.3324,53.8503,114.2298,400.2264,0.8602,1.4762,136.0617,1,7.1874,28,9.2827,1.1109,1
31.2254,0.4581,0.6503,117.6037,429.7825,91,69.0003,75.4165,55.6329,514.1016,0.8428,6.3774,88.8028,1,5.8366,29,0.0,1.0722,0
50.542,1.23,0.5513,-115.2007,510.0887,101,81.8582,24.2655,61.083,406.9919,0.8738,8.6369,23.1947,1,6.8386,18,6.1588,0.8365,0
51.9591,1.0877,0.1211,13.2392,376.3572,92,84.2822,43.8471,93.9818,176.1124,0.6924,3.7127,133.2231,0,7.2709,30,6.882,0.9253,0
32.5304,0.259,0.217,-178.7109,351.6516,103,76.413,68.1476,60.2462,465.3883,0.6011,1.7494,94.5051,1,5.5536,39,3.5176,0.839,0
63.2413,-0.5892,-0.2702,103.8334,582.8818,104,67.1268,86.8987,119.0551,298.368,0.9869,7.3761,59.6673,0,11.5393,26,6.532,0.9772,0
42.5952,-0.6888,0.2949,-109.9413,440.8321,100,69.1139,89.1021,55.9377,360.0016,0.909,6.985,97.1315,1,7.5901,19,5.2387,0.9998,0
50.9846,-0.8426,-0.2989,-40.6159,496.1475,96,64.1384,26.0757,32.5985,404.0959,0.7828,4.0263,106.1579,0,9.0318,30,9.0589,0.9486,0
53.2804,-0.0316,-0.0984,10.8877,384.2181,89,101.3994,51.4889,103.5866,446.2511,0.6175,3.1121,65.7009,1,11.166,20,4.7307,0.8772,0
35.4574,-0.8232,-0.2462,-127.8498,414.9549,86,62.7133,59.8492,33.8967,218.1102,0.6797,10.2178,86.5696,0,7.6953,31,5.8882,0.9536,0
39.2786,0.678,0.7178,153.6015,427.4816,91,67.4579,46.7295,117.6834,306.4067,0.6212,11.4256,109.6034,0,7.2086,35,6.1739,1.0831,0
65.6303,0.2283,0.6035,-11.2298,411.9073,84,79.7651,63.9002,83.996,328.7294,0.7909,8.398,61.7667,0,7.5845,32,2.3377,0.8545,0
49.3417,0.183,-0.5017,-96.5579,438.5212,113,61.7261,95.1903,69.5373,213.1721,0.6869,6.0101,112.6519,0,14.4479,33,8.0078,1.0165,0
23.0294,-1.8405,0.6688,84.6514,529.6155,109,68.4115,32.0017,95.932,378.5864,0.8154,1.0993,141.0561,0,9.7052,38,4.5985,1.0863,0
46.9808,0.0278,-0.399,141.9168,708.4916,94,81.1493,24.9062,94.4253,274.252,0.6248,1.262,34.6288,0,9.0666,41,5.1154,0.8882,1
49.671,-0.4591,0.9264,148.5615,614.1364,112,82.032,62.7398,64.9672,308.5608,0.8843,5.5294,95.8923,1,11.2374,24,4.8507,1.1762,0
52.1937,2.1664,0.7855,-24.7918,449.8142,100,84.0972,40.7086,49.2547,250.9536,0.6403,10.8083,104.3921,1,8.5879,37,2.7107,0.8598,0
30.0112,-1.2799,1.0964,-50.5939,405.1135,101,87.1545,63.5207,106.0422,358.1271,0.7238,9.2536,94.5752,0,8.3874,34,5.1371,0.8688,0
49.7069,-0.2054,0.1465,154.5327,233.1489,93,79.5967,53.8858,112.9778,241.3926,0.8581,8.3122,114.4322,0,9.632,25,7.4156,0.8555,0
41.6735,0.3831,-0.1402,-160.9783,399.0283,97,73.1113,46.2741,119.5375,296.1435,0.643,3.1104,99.9193,0,9.219,19,6.815,1.1271,0
52.2103,-0.9727,-0.1514,90.1944,335.2396,101,84.574,36.189,62.692,301.1758,0.9914,1.6521,119.1721,1,7.0179,37,10.2933,0.8439,0
55.0634,1.9283,0.1876,-116.0968,508.1775,94,93.905,51.9275,81.9233,246.3369,0.6765,10.745,114.9983,0,7.054,30,5.9011,1.0088,0
53.9999,1.9488,-0.507,-12.4195,750.2862,81,86.1764,42.1794,118.2948,117.8201,0.6144,2.2471,59.5766,0,6.0896,41,5.6119,1.1626,1
64.0397,-0.8584,-1.2048,163.3292,440.7217,95,71.3624,72.3262,67.1223,368.5827,0.8674,2.7995,45.0934,0,7.4373,25,7.4148,1.0343,0
71.9057,-0.5918,-0.1998,29.2133,282.0907,99,86.1416,52.0907,101.1438,297.0779,0.7526,9.1784,52.9734,1,12.8388,31,6.2081,0.9513,0
38.664,2.1468,0.0205,8.4387,470.6007,82,85.5921,24.5091,114.5781,265.0563,0.9869,9.3509,139.7883,1,9.4104,31,6.2081,0.9878,0
46.1802,1.3953,0.2778,-157.7517,433.8772,98,67.6291,77.9909,46.6914,296.8585,0.6349,8.2367,70.166,0,9.3778,32,3.9352,0.8157,0
57.4306,-0.3693,0.1986,-80.1574,689.1638,94,77.6695,47.2489,95.2107,384.0381,0.742,1.7397,94.2106,0,9.4867,33,7.3833,1.007,0
48.732,0.4314,0.0704,-178.9016,217.2802,110,85.6662,91.704,93.2628,515.5683,0.8373,2.2449,118.7641,0,5.5236,36,10.1609,1.1678,0
22.7721,-1.3867,0.5847,135.0021,351.2545,96,91.6116,44.6036,65.0062,128.237,0.8177,10.0296,87.2781,0,9.3074,25,8.4264,1.1573,0
48.0745,2.1967,-0.4363,52.1477,614.1493,85,73.5343,34.0244,118.2899,342.6193,0.7952,3.8519,113.9479,0,7.038,36,10.1198,0.8333,0
62.3415,0.0729,-0.336,-137.51,264.5662,103,65.4273,44.0234,108.0152,252.8355,0.7535,6.6585,109.9397,0,7.1471,37,5.1076,1.0027,0
36.0526,0.5856,1.0546,-49.1498,586.0682,104,85.086,47.9807,119.4846,443.0089,0.9339,9.6886,71.2452,1,6.7909,23,3.682,0.8453,0
52.205,-0.935,-1.5919,112.1095,400.1972,123,77.5185,44.8612,79.5067,168.4977,0.6552,3.3665,55.1544,0,10.4079,34,5.0599,1.0417,0
30.9264,-1.1361,0.5595,-129.4908,653.9395,95,82.3967,37.346,49.994,309.7639,0.8006,2.1085,116.7724,0,8.3281,26,3.8222,0.9889,0
58.7003,0.4511,0.2817,-97.1045,492.6557,97,81.9028,40.8868,55.14,284.3711,0.829,4.2565,104.0799,1,7.7668,23,9.7432,1.0769,0
52.4156,1.9163,-0.0007,14.9063,476.05,88,81.4852,83.0042,101.2382,188.0979,0.9539,6.2756,73.3556,1,6.8331,28,6.2559,1.009,0
44.3192,-0.5405,0.4481,-127.8192,589.8207,84,75.8642,44.9632,62.5449,235.0092,0.713,5.2804,121.6901,0,4.6862,36,2.1041,0.9819,0
45.8205,-0.9791,0.3592,-42.2257,502.8587,98,89.0658,92.9142,49.3465,269.3352,0.7095,3.3197,85.4562,0,7.6501,40,5.6475,0.9483,0
35.0093,0.3051,-0.7296,173.566,314.5821,94,71.5113,70.892,112.9698,315.1213,0.924,4.7947,98.8758,0,5.0493,39,7.078,0.8317,0
60.0763,1.6372,-0.487,15.7865,421.8738,108,82.653,48.7392,60.6872,61.1142,0.7107,8.9937,99.2895,1,10.5366,28,5.5668,1.0827,0
42.0065,-0.6386,-0.2403,72.55,255.9276,98,83.9017,63.1628,37.3464,271.7696,0.6216,6.687,77.3251,0,13.5589,28,5.307,0.8757,0
55.003,-0.2499,-1.0606,58.7812,370.3495,115,78.0447,39.3962,80.9887,376.3889,0.8089,3.7403,63.5654,0,10.3908,36,6.9213,1.1344,0
40.3809,0.8371,-0.0043,-103.7822,179.1787,88,87.9325,71.3274,79.52,432.5998,0.9036,6.0882,132.6227,1,7.9387,27,3.4125,0.9353,0
71.984,0.9444,0.3188,124.6008,850.7323,82,75.3486,76.5903,68.0087,331.6589,0.6614,9.183,137.7269,1,8.6328,36,5.7559,1.0803,0
65.5966,-0.2844,0.5829,-136.0619,496.052,109,102.9682,61.9301,70.1761,354.6758,0.9048,3.5147,65.9765,0,8.8424,23,1.9,1.2,0
70.7374,1.0966,0.039,151.7742,579.9589,109,82.366,39.8844,49.7785,173.6109,0.7418,2.2293,85.0535,1,6.2124,29,7.193,0.9866,0
71.9053,0.5288,-0.3748,-102.2141,374.7135,97,92.3831,61.9027,56.6242,266.1391,0.9794,6.6082,110.8582,0,9.8599,29,7.2398,1.1158,0
43.6548,0.0162,0.112,163.7079,578.8476,103,88.8805,36.0845,73.7905,175.6328,0.6348,5.7585,102.8464,0,7.5176,34,6.2724,1.1241,0
41.1587,0.9025,-0.0394,107.2668,616.0685,98,94.2354,22.2909,117.4914,281.3648,0.7261,7.0723,137.5566,0,7.2147,30,6.7067,0.8188,0
70.2613,0.7646,0.3925,-118.446,640.435,111,80.8808,55.2176,118.2113,529.5668,0.6841,1.3299,106.407,0,7.5317,36,5.0898,1.0219,1
48.5893,-1.047,-0.0227,-122.255,487.6061,89,91.2714,17.4011,37.8472,446.1665,0.9588,2.6251,98.171,0,9.0796,29,6.6362,0.9358,0
58.3322,1.4835,0.4447,-149.5694,652.3152,105,94.56,41.6942,111.5733,379.1758,0.7117,0.7471,36.3942,0,10.2778,33,7.2226,0.9852,0
43.7932,0.3454,-0.1307,-90.9521,408.8521,95,82.88,57.3594,69.611,331.7926,0.7063,10.0463,35.5723,0,12.5977,33,6.6834,0.9261,0
43.9577,1.3756,0.6451,57.2784,556.1225,98,73.0143,81.2818,71.3218,274.8727,0.8819,4.7627,71.5231,0,7.1106,30,6.8296,1.0232,0
58.2996,0.0518,0.0888,7.3089,507.2406,98,98.2976,37.2143,62.3371,365.1641,0.9796,10.7194,77.4658,1,7.7302,36,8.6153,1.1686,0
30.3013,0.2476,-0.2989,40.8063,323.7273,98,80.1901,29.7524,109.1455,239.7784,0.8361,11.3469,94.4807,0,7.3707,27,5.7117,0.8257,0
57.8317,0.3989,-0.1666,-168.7894,225.5275,101,80.7858,65.7816,71.1464,516.5742,0.9768,0.7029,117.5652,0,5.1732,35,4.9514,0.8917,0
55.2447,0.5468,0.3635,-151.2103,455.1527,107,82.7034,54.349,30.5108,383.0334,0.8632,5.2536,87.2203,0,7.1751,27,5.2884,1.1649,0
44.6985,1.5282,-0.6354,69.1107,455.7017,105,72.1677,51.495,114.1828,396.935,0.6789,5.2505,74.5824,0,9.9753,26,4.0724,0.8345,0
50.2418,0.4664,-0.0648,125.247,459.5548,99,83.4013,20.2494,117.6688,250.679,0.8978,7.7786,108.2966,1,8.8403,24,4.4828,0.9536,0
51.8085,-0.028,0.5346,-50.6082,657.4977,103,83.4823,71.7288,68.9167,253.9203,0.7186,0.8544,80.4953,0,12.6832,32,6.9232,0.9065,0
52.3703,1.0095,0.2584,-120.0663,706.4289,106,79.8991,7.8015,69.2512,226.06,0.7235,11.2167,102.5498,0,6.3885,40,4.6895,0.8756,0
56.9014,0.4304,-0.5754,-68.992,598.5822,91,79.3341,53.9029,31.576,175.0448,0.9235,9.4252,59.5132,1,7.3989,25,8.4535,0.9149,0
41.8502,2.9555,0.1556,-31.6692,588.0867,94,77.7781,74.5201,48.1608,439.1364,0.7035,0.2741,101.2585,0,8.0101,27,1.804,1.0394,0
76.9773,0.2914,-0.671,46.8489,488.012,100,76.1988,52.2859,40.8107,368.4122,0.7333,2.2572,74.2296,0,8.7147,19,5.6377,1.195,0
47.9441,1.2377,0.0933,-32.5896,526.4875,109,87.2658,45.0683,101.6,258.6438,0.9949,9.8966,115.6014,0,7.0795,24,5.9028,0.972,0
48.6931,0.8821,0.6899,142.9348,564.4362,98,82.9035,29.2566,76.3892,239.7058,0.668,2.6778,83.2305,0,7.4912,28,6.3184,0.985,0
69.4469,-2.0499,0.0367,-35.5635,521.0091,82,89.3121,38.5669,56.0411,446.1817,0.8528,4.4136,84.5801,0,10.9816,39,5.1573,0.966,0
31.7095,-0.7368,-0.566,-114.7055,588.8823,96,74.7852,93.8611,113.2129,351.916,0.7578,7.821,67.9915,0,10.262,30,3.3746,1.1899,0
69.3426,-0.4394,-0.0955,-90.5959,506.8697,99,91.278,39.0409,88.1507,257.7531,0.7279,0.8357,123.7537,0,8.9671,25,6.3337,0.858,0
50.9346,-1.4997,0.0972,-12.5401,425.7163,101,88.9144,59.1136,114.2986,416.2174,0.6532,8.0969,98.7357,0,9.9137,29,9.5578,0.9282,0
44.6982,-0.3953,0.5461,101.6866,539.2213,104,77.5709,33.3267,52.8816,490.3537,0.813,3.2442,138.9964,0,9.1498,20,2.2622,0.8173,0
38.8035,-1.3712,0.5416,132.9865,464.5995,86,73.3373,43.9499,107.9825,242.2159,0.828,2.0584,96.8962,0,6.9955,32,5.2289,0.9438,0
37.309,-1.1092,-0.5446,-113.2953,717.8468,91,85.9472,17.4239,106.9343,258.2036,0.8752,1.1868,46.8203,0,9.4387,35,9.0314,0.917,0
46.5818,0.2416,-0.162,-178.7501,435.8916,109,64.1399,49.0078,110.7418,277.7882,0.9152,1.8736,116.1905,0,10.7112,25,8.2272,0.903,0
52.7798,1.9194,0.1968,132.9872,928.9564,101,75.8497,42.7629,103.5692,329.7047,0.7651,6.6258,123.5273,0,8.0397,42,5.479,0.8949,0
56.225,-1.3622,-0.3024,-97.8493,745.9516,98,82.7549,76.9985,102.5537,296.5265,0.8154,11.2509,80.5846,0,8.1749,37,4.8775,0.9395,0
52.6602,-1.2155,0.2492,115.7986,330.1093,103,78.5018,33.0993,106.4102,154.0272,0.6261,8.1771,56.2202,0,11.2345,29,5.5135,0.9067,0
44.8979,-0.5327,-0.674,18.2692,687.7491,96,69.288,41.4289,110.636,208.4679,0.7669,5.4077,145.9923,0,10.8152,31,7.4893,0.8303,0
63.3951,-0.1472,0.1307,-34.5184,481.1776,84,80.9039,68.09,68.1381,312.7379,0.6528,11.6302,96.208,0,9.179,22,3.8702,0.9114,0
76.738,-1.5421,0.5137,-127.1674,584.8318,99,70.012,49.3319,49.7106,450.9511,0.6003,2.8815,121.7182,0,8.116,33,7.629,1.1987,0
64.9462,-0.6991,0.027,61.9334,736.5025,120,82.6075,46.7274,36.4911,321.4636,0.6239,9.9144,71.6791,0,8.5977,30,6.7111,1.1856,1
46.4071,-0.7915,0.0879,114.5367,383.7481,89,76.0857,46.5343,54.7621,392.7484,0.6099,1.943,99.042,0,9.1018,18,6.3631,1.0929,0
55.0208,0.3184,0.4222,-14.0061,430.491,96,78.6155,30.1943,107.6632,334.1927,0.7569,2.6871,86.6512,0,7.296,27,3.3327,0.8824,0
55.6617,0.4256,-0.2221,-19.3121,613.0137,86,71.7793,41.3358,119.7389,283.9765,0.7537,5.7949,84.9774,1,10.3465,26,5.5726,1.0368,0
66.0368,-0.1528,0.311,91.9005,444.9846,106,87.7378,51.6012,68.0762,212.4555,0.6796,1.2302,98.4977,0,7.9755,28,5.2248,1.1435,0
46.6182,-0.3778,-0.0153,0.0427,166.2728,96,78.5394,26.7521,72.1183,337.4784,0.7861,3.4859,12.5439,0,9.298,27,5.4841,0.8498,0
40.3508,-0.7097,-0.454,102.8205,644.5548,108,72.6199,28.742,65.3437,423.177,0.6318,8.0433,115.6177,0,8.2727,24,5.5099,1.0189,0
61.3385,0.0516,0.4512,-160.5181,555.411,112,78.7926,74.3176,79.5831,173.323,0.7167,5.5548,116.1007,0,11.7698,36,2.4502,0.9288,0
54.0638,-0.9761,0.7005,128.747,496.4998,95,97.3482,60.0144,73.0215,357.1934,0.6182,6.7637,73.2681,0,6.7629,28,5.0934,0.9666,0
38.9124,1.5472,0.5793,-85.6546,518.7708,97,83.3481,56.0397,91.5587,244.275,0.6027,0.6164,104.0892,0,9.9708,26,4.9009,1.0235,0
57.0557,-1.4979,0.4511,-119.0899,835.7469,103,90.7587,39.1253,54.7206,335.2337,0.8348,3.0069,133.5915,0,8.6474,21,8.1565,0.9982,0
68.3826,-0.6563,0.2553,-168.3743,651.8995,102,63.8833,54.4167,66.2694,225.9109,0.8869,9.199,76.1133,0,9.8758,29,7.2823,1.1752,0
43.0624,0.8682,0.1815,120.2663,370.8553,111,78.0263,1.9363,66.2335,314.5215,0.7034,6.8839,94.668,0,8.975,31,6.5611,1.0199,0
41.09,-0.3986,-0.0469,-158.3585,518.4603,101,70.0008,25.8577,58.6813,205.3402,0.8771,0.0124,72.8784,0,9.8177,28,7.5944,1.0793,0
50.3006,0.672,-0.3313,163.5949,677.8949,104,74.8065,62.5049,101.841,396.9977,0.8511,7.2206,43.982,0,7.9036,26,5.6625,1.0294,0
56.803,1.7172,-1.0329,23.3431,674.7332,108,72.3345,36.5023,78.6244,305.5354,0.9102,1.5973,80.5884,1,10.2978,36,7.5501,0.968,0
49.2509,0.8331,-0.7837,71.5259,274.6325,98,92.8939,45.8031,80.3994,478.8822,0.6822,1.5858,73.7402,0,7.4283,31,5.4019,0.8882,0
61.3443,-1.202,0.0073,81.1118,424.8079,97,87.1693,57.1704,51.7039,330.5152,0.7923,11.1499,104.4152,0,8.0645,29,6.6667,0.8379,0
52.6071,-1.1542,-0.6382,-74.6336,329.908,111,72.4461,34.9542,68.1569,200.1146,0.6844,11.6189,126.7796,0,7.2457,28,8.5088,1.078,0
60.1165,-0.1874,0.207,110.325,595.9497,111,75.3533,37.607,61.0186,141.0717,0.9483,6.3275,99.2128,0,8.5293,28,3.525,0.8461,0
42.7918,0.443,0.8737,160.6466,363.9337,109,83.6286,42.8181,111.6958,442.0635,0.8582,7.0977,81.079,0,5.9393,29,4.3503,0.8388,0
37.7228,1.2061,-1.6127,-46.8536,733.201,95,88.9061,53.0265,33.4042,240.2167,0.6341,4.8836,71.7201,0,12.2303,28,7.2127,1.1738,0
46.5997,-0.785,-0.4862,120.7258,694.2964,112,90.4099,17.3968,45.7529,201.3863,0.7463,10.6001,123.4991,0,7.8917,29,7.9828,1.1959,0
36.5355,-0.4849,1.0929,97.9343,462.9786,113,86.3512,56.0334,89.4487,434.4436,0.6153,6.2714,121.8245,0,8.3176,30,6.8631,1.0473,0
54.0932,-0.2507,0.4171,32.2545,310.2783,104,98.1413,49.529,84.4495,256.5044,0.9939,11.132,80.1816,0,9.7973,28,7.7375,0.8181,0
29.833,-0.2707,-0.0558,-47.6582,381.652,97,84.2677,52.1899,94.3244,391.2736,0.9293,2.6634,98.4226,1,9.4161,35,5.1404,1.1123,0
45.4727,1.4956,-0.2659,-30.5333,567.6608,90,75.551,35.1893,34.088,335.2718,0.7412,1.1375,101.1101,0,6.814,39,6.9462,1.0123,0
47.1404,-0.104,0.2929,-69.2609,627.828,84,71.8521,48.9824,109.4304,108.4913,0.7537,11.8489,69.0405,0,10.4648,26,5.2612,1.1173,0
39.5336,0.1531,0.4896,-26.5426,494.2319,101,69.2047,69.1236,113.7873,364.0248,0.7478,5.9212,86.9811,0,9.7014,26,6.0689,0.9718,0
46.9365,0.9115,-0.6347,176.2657,114.7959,113,67.9024,63.6192,100.3655,202.7225,0.863,7.3757,65.5334,0,3.45,28,6.984,1.1051,0
50.0427,1.5911,0.7459,-49.1707,602.0068,112,86.7465,74.5404,45.7285,176.6707,0.7393,4.1129,136.535,0,9.3339,34,6.4995,1.1254,0
62.6923,-0.0352,0.1992,59.5835,196.9378,106,95.9083,31.9942,100.9989,78.3338,0.685,1.6029,59.9396,0,3.321,29,8.029,1.0252,0
39.5926,1.2592,0.4691,-64.9417,182.1326,106,81.0474,63.6581,58.4904,184.4616,0.7072,10.0916,71.7971,0,6.053,23,5.9821,1.1953,0
53.5734,1.8278,0.512,-12.0068,649.7424,109,98.2806,37.5224,43.6824,264.2657,0.9182,1.7353,108.6497,1,7.9432,27,7.7119,0.9289,0
55.5576,-0.1103,0.1561,-149.8414,322.104,96,80.2752,4.6252,37.2957,307.9335,0.6412,6.027,90.4807,0,10.2148,37,3.1499,1.1861,0
49.7883,-0.5636,0.2227,94.7643,537.5914,110,86.069,68.6443,34.2441,315.0694,0.772,9.9724,86.137,0,10.0449,17,6.9024,0.823,0
45.0196,2.1871,0.2589,57.9688,513.7916,103,64.177,65.4457,105.8098,388.3051,0.7583,7.9239,126.8481,0,5.9537,26,7.1611,1.1295,0
38.6101,1.1211,-0.1786,-54.9054,379.202,98,88.1223,79.6965,105.8773,129.8894,0.8228,8.0946,100.7395,0,6.9239,39,9.1234,1.0308,0
68.9857,0.0125,0.3242,8.9441,530.919,109,73.6287,20.7351,32.9827,91.8912,0.6243,2.7662,84.201,0,6.1998,28,4.702,0.9435,1
50.7264,0.65,-0.1298,133.9999,417.4497,92,88.306,53.2812,94.4066,548.1907,0.6134,6.3084,77.2563,1,9.022,31,5.4239,0.8359,0
46.8444,-1.045,0.0003,-164.0042,507.1346,106,92.8311,45.5386,52.8694,294.294,0.8779,0.4999,66.6952,1,8.2166,29,4.6731,1.083,0
71.2155,1.1094,0.782,154.8779,442.0702,89,83.0481,72.8784,50.0466,353.439,0.8093,0.7241,69.066,1,10.8733,27,8.2911,1.0772,0
52.2229,-1.8,-0.018,-10.5121,424.7816,115,84.3324,22.2145,80.5806,156.0887,0.6485,8.6759,77.7447,0,7.8079,36,5.2876,1.0975,0
75.435,1.0706,0.2068,129.4759,401.0535,108,81.185,44.9337,71.2112,368.1856,0.754,9.4337,77.0105,0,7.393,31,4.5421,1.1042,0
35.8368,-0.7217,-0.0874,130.1339,365.2325,105,86.396,51.8768,47.0248,404.8415,0.8096,1.67,67.73,0,8.4296,37,9.7448,0.8531,1
47.6286,-1.6539,-0.1829,-158.8636,627.8766,86,98.731,64.8319,30.5108,109.0592,0.7413,11.4129,114.305,0,9.3094,37,7.6393,1.151,0
36.2998,-2.0014,0.9644,101.374,432.0629,99,80.1149,58.2929,59.0272,348.8146,0.6456,1.568,115.2533,0,8.8024,32,7.9258,0.8644,0
48.7788,-0.4762,-0.7322,83.8323,330.2625,98,81.6484,49.354,66.4887,347.0106,0.6602,5.0401,62.8437,1,9.1787,30,4.941,1.0331,0
48.7309,0.7111,0.0261,-164.4503,438.6531,102,62.2153,43.7822,72.7699,50.6169,0.6981,2.3611,121.9537,0,7.3268,29,4.066,1.1261,0
45.4197,-1.3899,-0.6009,158.5936,420.8261,118,84.2206,48.2207,66.7386,318.2426,0.6005,1.1854,71.8146,0,8.3025,32,8.6529,1.2078,0
50.5389,-1.2356,0.6272,48.4374,440.8891,101,72.1888,65.0402,64.2342,234.7518,0.8915,11.5902,43.3499,0,3.4568,37,6.6604,0.883,0
45.907,-0.4942,-0.0308,-119.6878,607.0139,103,78.0217,33.4869,116.6973,346.0708,0.8746,5.2648,58.407,0,9.2763,41,7.5537,0.9219,0
48.8963,0.8076,-0.2344,-135.685,405.8342,110,84.7738,45.3163,112.7946,369.8602,0.9525,3.9636,118.7076,1,3.8466,32,8.3861,0.9244,0
42.4421,0.9325,-0.9175,22.3103,443.0662,92,63.8397,45.3204,65.2089,346.8721,0.6458,3.9363,125.7266,1,9.013,36,7.6536,1.0915,0
64.4282,0.1399,0.7881,-158.8197,596.4723,93,84.6562,8.2717,114.7254,269.3357,0.8463,2.5008,75.0417,0,7.4485,29,7.753,1.0105,0
38.9125,0.9834,-0.6639,-120.8125,566.5896,108,82.5114,10.8776,37.8409,256.7006,0.8888,11.6265,109.1369,0,8.7339,31,3.8483,0.9646,0
52.1236,0.6876,0.2434,161.4428,396.9369,93,87.032,20.1724,31.1454,321.1659,0.8429,5.8673,83.1206,0,9.6058,31,3.8739,1.1863,0
38.0735,-0.417,0.4659,88.1067,644.9043,100,73.615,45.7361,59.775,274.1402,0.7423,6.3616,154.8312,0,8.9106,24,4.3182,1.0367,0
41.6505,0.9095,1.0869,40.8561,636.4125,101,91.1257,60.0178,46.6751,152.1263,0.7304,8.527,29.1194,0,10.6082,24,4.1254,1.1417,0
42.7174,-1.2842,-0.2756,-104.8249,625.8752,100,83.049,37.6564,93.3983,319.408,0.6553,4.893,104.4955,0,9.0164,34,4.688,1.1938,0
48.6822,0.4865,-0.4277,-101.3343,545.3845,96,72.8961,17.5051,86.3639,281.7504,0.9886,3.3527,101.8573,0,5.5572,26,6.1348,1.0083,0
51.7542,-1.166,-0.2136,-19.5014,473.9513,92,66.3056,68.8783,117.703,281.5901,0.6444,3.5134,147.4335,1,13.8405,26,4.3886,1.1686,0
38.9327,0.1428,-0.2942,91.4595,338.8729,109,74.5854,55.6075,97.8507,264.2985,0.873,4.1792,112.6756,0,5.6568,28,3.9078,1.1269,0
45.8649,1.2186,-0.9418,-178.5853,292.46,110,88.7074,45.502,65.5275,280.1966,0.9542,6.9201,35.694,0,9.977,26,7.9712,1.2068,0
40.0885,0.2132,0.8177,-164.0609,487.2812,109,84.4551,54.8684,54.195,234.9152,0.9601,9.9684,79.5633,0,7.3674,33,3.9705,0.9866,0
39.6469,-0.0126,-0.209,133.2402,502.1303,102,58.5432,28.9019,34.9073,385.6812,0.9697,2.9125,104.797,1,9.3896,42,4.8505,0.8139,0
61.3356,0.226,-0.0798,113.0636,460.8211,115,76.6699,70.6419,53.7801,256.3945,0.8639,7.0077,68.7181,1,8.2807,30,5.4614,0.8492,0
36.0801,0.6633,0.3137,70.0852,483.3498,85,81.2537,56.3759,46.4086,308.0015,0.6522,9.0071,85.2043,0,7.3924,26,1.7722,1.1075,0
50.7468,2.134,0.693,-0.1685,704.542,95,99.0946,47.0477,105.5177,229.2815,0.808,11.9344,79.1862,0,7.5679,24,4.4183,1.1327,0
66.9807,0.6524,-0.5803,-127.7544,744.1048,91,92.878,43.1945,59.327,190.5341,0.7753,10.8926,74.8173,1,9.4372,33,4.8755,0.9502,0
62.0616,-0.5025,0.1788,-143.1961,334.1081,99,78.2144,51.4262,91.5325,288.6182,0.8687,7.7671,83.3356,0,7.5819,32,4.6462,0.8517,0
54.2536,-0.2087,-0.6079,145.9355,543.2772,118,81.8116,59.6504,88.3108,367.6505,0.7834,11.363,87.8877,0,4.8362,26,3.5316,1.0907,0
49.8375,-0.9011,0.1668,-42.2921,507.7953,109,66.3734,15.1464,35.3405,403.6765,0.9289,11.2761,114.4639,0,8.6332,30,4.5405,1.0609,0
57.3664,-1.2392,0.1461,70.4601,601.2447,108,53.7328,34.3489,32.0312,371.5269,0.7648,0.5348,70.5166,1,10.0626,22,8.5489,0.8274,0
53.6939,-2.4325,-0.2365,-15.7687,760.0316,103,76.0307,43.381,70.0548,205.5503,0.9015,7.8101,85.4885,0,9.2157,26,4.7566,1.0256,1
64.2263,-0.4616,0.1167,83.1344,828.2,108,90.0313,42.5789,113.3225,305.5495,0.9806,7.8155,112.0538,0,8.1088,24,6.0624,0.9049,0
48.6628,-1.4044,0.1259,-110.4088,607.943,94,81.8103,35.7606,87.5352,291.6098,0.8908,8.1193,106.8071,0,5.033,28,8.2372,0.8519,0
60.011,0.0971,-0.0408,-5.5555,506.0106,106,72.5097,65.5512,107.1197,372.7427,0.9051,11.2624,40.2669,0,7.9094,28,4.5252,0.8783,0
46.7427,-0.5095,-0.1023,-44.3281,445.6154,108,89.1245,36.191,33.958,350.9037,0.8844,3.4463,64.5796,0,7.7282,23,4.9455,0.8897,0
68.935,-1.0855,-0.6822,-91.7807,873.0169,100,97.9337,28.6114,64.0514,237.4602,0.9362,2.8359,71.3691,0,4.227,32,8.9967,0.8697,1
48.3815,-2.1035,-0.5454,35.176,384.8877,84,65.1099,40.6369,35.298,334.7698,0.7167,5.7553,72.0625,0,4.8391,32,5.1081,0.8785,0
33.8107,-0.3493,-0.3071,13.3104,623.4064,94,79.4743,80.1268,60.6902,357.13,0.9968,3.6449,83.81,0,4.3681,34,8.9134,1.022,0
50.7771,-1.7524,-0.5043,-1.5512,460.3696,92,74.6722,50.2668,55.576,332.8762,0.9183,3.8335,59.3376,1,8.9727,38,3.9042,0.8233,0
57.646,0.7062,-0.2866,32.797,299.2054,101,80.4436,40.3561,112.9328,296.3432,0.9032,2.9751,14.3562,0,7.7125,27,5.0732,0.9252,0
66.2868,0.2549,-0.0381,-128.6889,757.3272,122,75.4387,43.3937,103.6353,234.3071,0.6358,8.0543,61.9956,0,8.6818,35,6.0906,0.849,0
40.0385,-0.2268,0.0441,-46.6026,238.6613,104,107.9183,14.9544,102.5752,259.8045,0.7332,8.8109,116.7766,0,11.1155,33,2.4623,1.0555,0
32.5558,1.4507,0.2808,-63.1173,177.6853,97,78.8058,46.2511,32.2399,516.4334,0.7014,1.1892,90.5453,1,7.1757,27,5.151,1.1869,0
54.9671,0.0098,0.0784,96.9032,605.0173,94,83.0021,54.7402,75.7065,181.581,0.6448,9.5863,76.1069,0,5.9966,20,6.4143,0.8231,0
54.6577,0.3861,0.0595,-167.1393,454.3518,90,81.6766,58.7579,38.7492,488.1987,0.9656,3.2163,93.9253,0,9.5572,33,5.6852,1.1658,0
35.8893,0.6875,0.2682,-78.5048,564.7391,82,67.4687,46.8244,107.9121,487.4535,0.844,1.5853,92.1131,0,7.5548,21,5.5143,1.1133,0
46.704,-0.5169,-0.4584,150.586,498.9297,107,82.0352,35.0594,70.6919,169.9576,0.9588,5.4823,168.0661,0,9.5451,27,10.3773,1.0245,0
47.1525,-0.5113,-0.4166,-71.8738,590.0923,86,65.2798,68.0899,38.7455,237.768,0.8129,7.365,112.5789,1,9.0005,27,3.7902,1.1874,0
58.2312,0.0414,-0.1866,-125.3162,455.6456,98,98.0322,42.5138,118.5288,269.2246,0.9643,8.6589,83.5821,0,6.0895,33,9.9763,0.8941,0
45.8629,-1.3465,-0.3486,92.6443,635.3355,92,89.0326,30.3782,55.9292,238.4441,0.9704,7.2051,117.2752,0,6.8693,34,8.3387,0.823,0
45.6449,1.7853,-0.8765,-162.7761,639.6568,98,74.232,34.618,47.9734,239.4186,0.861,11.2543,115.2947,0,6.2614,27,6.8317,1.1208,0
51.1463,0.1608,0.288,-26.5249,732.3368,113,78.3309,43.2626,80.8107,369.6835,0.8004,0.2448,81.7979,0,8.2874,30,4.7978,0.8548,0
36.2189,-0.2009,-0.4992,127.9288,689.6044,121,90.2622,44.0964,73.6025,325.5765,0.6887,10.9374,116.925,0,11.0598,34,1.784,1.1405,0
69.0078,2.0855,0.9058,163.4741,484.0327,96,82.7281,39.1706,54.7038,355.0023,0.9656,8.8004,126.6662,0,8.6277,23,4.4162,1.1748,0
59.3407,-1.1015,0.0827,-90.3529,604.424,89,63.4845,56.2308,96.3603,284.6239,0.9119,11.2332,82.2179,0,9.3666,28,8.1139,0.9053,0
42.982,1.5362,-0.7509,-73.3672,562.6048,80,81.6827,48.249,56.0533,277.6644,0.7342,2.992,54.137,0,11.7886,30,3.2612,1.1528,1
38.8236,0.8133,0.3335,24.2104,563.1642,85,90.8543,67.672,61.0541,225.1052,0.8669,2.2819,113.156,0,9.3077,30,4.7407,1.02,0
39.5984,1.117,0.0166,-98.4414,301.4347,109,56.6622,51.5708,92.9967,347.9269,0.8444,11.9611,84.2639,0,5.9016,39,7.1525,0.9451,0
55.8674,-0.1755,0.1455,-125.7321,612.9829,94,81.3798,42.8738,81.427,401.9033,0.643,5.3475,96.9812,1,5.9701,29,3.9164,0.9178,0
39.8962,0.0559,-0.2488,-26.6467,591.3109,113,71.644,39.8758,55.9903,185.2533,0.9724,3.2765,111.1808,0,6.3479,37,3.0733,1.1213,0
47.5067,-0.3433,-0.4656,-153.9907,773.0426,101,92.6747,42.0209,113.0482,378.552,0.6024,9.5072,133.9884,0,6.4838,32,4.6171,1.072,0
33.0918,0.9963,-0.7306,141.9192,674.8374,100,75.4707,28.4636,94.6941,327.4511,0.9313,6.4431,77.8366,0,5.114,32,6.2267,1.1448,0
55.4127,0.3917,-0.641,-59.6892,522.436,108,74.4434,45.2714,57.2004,184.333,0.8046,7.4407,79.1509,1,7.7887,27,8.9246,1.0522,0
55.7875,-0.5585,-0.684,-58.9377,484.7373,115,88.2772,59.5843,107.6388,155.7142,0.9303,0.6572,101.0935,0,6.5658,25,8.0169,0.9489,0
48.1543,-0.5126,-0.1787,104.8943,349.3886,94,71.0247,65.5554,58.1494,272.34,0.8223,7.9859,50.6419,0,10.5605,26,6.9012,0.9505,0
51.9356,-0.0148,-0.0258,-57.0426,772.6571,103,80.8386,53.5777,117.8084,248.315,0.6613,8.2994,77.4262,0,11.0752,32,9.2224,1.1725,0
57.9574,-0.3323,-0.7735,93.9265,340.1876,109,82.8112,117.6747,111.7211,404.2691,0.7895,1.6479,112.6298,0,7.6347,38,3.8934,1.074,0
51.6668,1.4418,0.4513,-114.7529,219.6512,97,78.0602,56.4746,66.0938,260.8518,0.9515,8.9353,92.1081,0,6.8729,31,6.9493,1.1444,0
57.8085,0.8082,0.0708,10.4358,634.982,92,66.9619,15.3213,89.6763,245.805,0.6918,0.8364,121.6642,0,5.9806,30,8.0871,1.1119,0
38.3202,0.8061,1.2136,96.6641,513.0438,96,71.2838,58.2886,78.1984,255.7859,0.6479,1.1236,74.5209,0,7.8061,26,3.2725,0.8872,0
53.7869,0.2339,-0.2025,-18.0363,539.6618,112,78.6936,72.6102,103.5116,276.4912,0.7658,7.5206,130.8115,1,10.7855,24,5.1873,0.9882,0
51.9345,-0.8265,1.1165,-154.1472,527.9854,105,61.059,44.6889,107.6163,327.9288,0.9244,11.3402,91.6577,0,9.4954,32,6.8376,0.839,0
62.0198,0.6961,0.373,85.2848,341.2932,114,80.8547,20.7131,86.7264,406.5744,0.8822,5.3044,85.5631,0,10.0821,37,5.1905,1.142,0
50.3037,-2.0982,-0.9797,-2.1397,555.3279,101,77.3671,13.8005,80.0028,176.683,0.9987,1.936,117.0542,0,9.065,31,5.3692,1.0304,0
49.0264,0.1741,-0.5953,-66.0902,451.5823,98,85.7226,48.0739,60.5451,339.6395,0.9521,8.9467,50.5181,0,7.986,34,7.6915,1.1728,0
44.4287,-0.8121,0.159,177.4065,430.5843,108,86.4955,29.715,111.0033,166.1861,0.6686,7.0762,75.6187,0,10.1281,25,8.9844,0.873,0
64.9123,-0.8891,-0.8738,135.386,713.4551,96,68.7752,45.8069,84.5525,404.5706,0.9152,11.6804,99.0607,1,5.277,26,3.3844,1.177,1
26.4382,-0.4633,-0.4481,-166.3839,618.6637,103,74.8062,42.491,36.0774,144.5062,0.8873,1.676,104.4712,0,5.4991,37,8.7105,1.1624,0
55.1117,-0.0839,-0.7962,33.7155,154.8615,114,70.722,79.3534,90.1691,422.4033,0.6782,9.2187,21.5527,0,7.7568,36,4.2228,0.8701,0
49.7962,-0.0234,1.0694,-52.3553,532.4462,106,74.7359,66.7323,49.1601,394.3501,0.9121,3.1346,65.8959,1,7.5743,24,5.5808,1.1123,0
48.1639,0.7902,0.5493,-166.5341,659.9084,99,77.4804,38.7188,42.7241,221.5384,0.697,10.9438,87.7722,0,9.0698,35,7.6771,0.9947,0
46.7068,-0.1739,-0.1695,-175.9331,313.1073,88,91.1971,41.6845,118.7393,246.584,0.7822,9.4616,87.0461,0,5.5972,36,7.6966,0.9115,0
49.4414,-0.1017,0.7562,30.1528,370.4498,83,74.0406,68.6078,110.6894,110.4099,0.711,5.4771,108.3987,1,9.0474,40,3.2019,1.1762,0
54.7855,-1.3956,0.629,-64.753,650.0398,98,88.866,52.3834,95.4963,123.8984,0.7805,0.5376,79.6292,0,6.261,30,9.0531,1.1256,0
42.0496,-1.2654,0.6552,73.1938,431.902,94,82.6027,56.3357,82.8367,270.0525,0.7208,8.2085,59.2484,0,7.3533,31,5.0593,0.8713,0
51.3503,0.2871,-0.2797,-16.4083,203.2669,91,93.8589,73.6172,64.6582,319.1458,0.8637,5.5422,106.3475,1,12.2883,33,7.9308,1.1881,0
53.5076,0.6307,-0.1544,95.9391,679.9613,92,76.4661,34.5661,58.479,404.0039,0.9208,9.576,57.0739,0,7.9817,34,8.1697,1.0178,0
40.4625,-0.2605,-0.5483,112.7035,473.8541,110,71.8655,69.0369,60.2867,271.811,0.6074,8.8871,74.3769,0,7.9289,28,7.2562,1.0259,0
55.0387,0.933,-0.0569,56.6044,556.0553,94,81.4402,42.1197,70.7362,286.5085,0.761,8.9792,66.0695,0,8.3919,21,5.0143,1.0748,0
53.5892,-1.4079,-0.4063,-29.5299,492.6077,125,63.9284,5.109,60.7822,174.2916,0.6582,2.0573,75.5041,0,7.507,31,5.2653,0.9745,0
42.0103,0.3985,-0.5371,175.8518,668.1466,114,81.5765,26.6398,50.2265,285.3033,0.6077,5.237,37.3362,0,11.352,28,5.4797,0.954,0
38.1192,-0.8518,0.5658,-69.5933,335.1534,103,85.6575,31.4422,112.1093,309.6988,0.9933,5.6407,76.8702,0,7.6979,18,2.7457,1.111,0
41.8789,-0.9308,0.3358,5.2486,599.6175,98,90.9845,76.8094,98.2949,358.7411,0.8695,9.4181,116.7089,1,8.7861,36,5.8675,1.0028,0
51.3538,-0.7649,-0.4412,7.3455,697.8051,109,84.0609,47.4975,87.7071,295.3005,0.7809,4.8678,83.5424,0,4.1917,38,5.3565,1.038,0
49.2407,-0.0808,0.4727,-25.798,297.5945,102,78.5711,43.9164,69.8444,393.9113,0.7724,10.3844,21.2316,1,7.3736,34,5.4962,0.9489,0
63.9392,0.4389,0.1544,-136.2905,389.0686,110,99.4106,79.9099,102.3904,302.1362,0.9364,3.301,45.2303,0,10.428,25,4.5229,1.0437,0
46.3287,0.363,-0.1577,-52.5808,746.6953,104,79.9066,34.4363,44.4917,286.4784,0.8283,11.8335,57.0403,0,4.7486,28,5.5731,1.071,0
41.109,-0.2905,0.7954,-102.5317,662.1744,85,69.4141,42.1021,42.5357,379.9601,0.8996,1.0603,82.5675,1,5.6251,37,8.2221,0.9056,0
56.5702,0.6323,0.1527,143.9486,377.1026,102,79.6557,50.6028,115.8653,380.678,0.9682,5.9647,38.4299,0,10.2923,29,7.4848,1.1764,0
40.1997,1.6867,0.8888,55.935,317.8249,81,66.5574,48.9497,114.8128,267.7849,0.9534,7.066,103.8384,0,8.7727,27,10.0727,1.0109,0
42.0917,-0.1194,0.283,-76.3869,542.4024,111,67.6618,56.7477,90.1633,480.129,0.638,5.3101,137.5433,0,8.178,22,5.3296,0.9545,0
42.2225,0.0948,0.3259,23.6637,549.4419,99,82.4165,60.9579,71.9067,326.2063,0.7944,6.5803,122.8348,1,8.6115,24,4.6177,1.0858,0
20.0265,-0.6117,-0.5379,127.1547,491.1286,92,66.7412,33.417,110.0683,311.3399,0.8534,9.3427,107.5335,0,6.4566,37,3.866,1.1835,1
55.6687,-0.392,-0.2786,156.3964,850.0019,112,73.8336,12.57,96.5807,268.6074,0.7853,2.0434,116.9063,0,4.1076,37,6.8092,1.0246,0
59.3998,1.2483,0.7287,-152.9872,597.0127,91,68.3141,57.9343,99.1911,344.7677,0.7161,11.3731,130.2233,0,6.1564,29,6.1728,0.9386,0
59.1669,1.2587,0.581,103.2871,373.9334,109,81.4029,12.9606,88.557,387.1473,0.9666,4.7096,107.3091,0,4.0458,28,8.0108,1.0724,0
68.8543,-0.2011,-0.1792,167.8709,658.6475,110,72.8817,56.4466,112.9561,309.3385,0.9595,7.4685,52.6887,0,8.2008,27,2.8258,1.1763,0
65.0703,0.4903,-0.6765,-11.7915,508.7266,93,85.3211,64.666,57.9905,321.7721,0.9367,5.2966,128.5039,0,8.3834,37,4.5786,0.8779,0
46.6603,0.9205,0.8299,178.3922,398.4926,102,84.5134,72.5103,53.978,188.2072,0.9734,7.1932,99.2077,0,8.4034,29,4.8142,1.0204,0
61.0924,-0.4465,0.5333,164.5481,635.1558,84,66.9564,47.396,82.9272,216.2618,0.8972,8.6992,75.9587,1,3.7738,22,5.7878,0.8945,0
49.0236,-1.3059,-0.5722,56.4809,721.3387,110,89.2086,90.1548,61.5539,222.8435,0.7559,6.086,103.7623,0,10.4437,35,5.2292,1.0199,0
45.7403,0.6893,-0.5723,125.1401,532.3774,91,78.2844,22.1827,35.0859,324.7126,0.7991,1.3384,79.2496,0,7.8982,32,6.9412,1.1178,0
42.4442,0.8964,0.9168,-73.2373,353.4102,93,67.755,79.1106,116.5773,186.8176,0.9296,3.9984,75.7591,0,6.9027,22,9.9561,1.1287,0
47.3238,0.7493,-0.2538,150.2869,516.9674,83,83.7291,34.6651,111.3204,98.8877,0.9642,9.6582,144.7706,0,6.1103,23,3.1369,0.8197,0
53.2897,-0.3741,-0.2449,33.0801,356.5735,102,97.6069,50.7211,30.9379,160.2594,0.8682,6.8367,32.9503,0,10.0843,37,4.5524,0.9264,0
65.8114,1.5231,-0.3403,3.4796,533.9756,108,78.0358,53.1379,108.1328,353.2749,0.8325,9.102,84.7977,1,9.1134,26,4.0401,0.8876,0
57.2865,0.2843,0.1777,120.8382,613.172,114,63.5184,76.9597,76.6084,467.5981,0.9571,10.6579,62.961,0,6.1657,31,4.3775,0.9217,0
42.2869,-1.1476,-0.7001,140.218,203.5067,119,89.2283,28.0488,75.4559,394.8951,0.9,5.2639,63.4441,0,9.9407,28,9.8012,0.9915,0
39.5587,-1.5961,0.1188,72.4497,607.3279,106,95.7542,92.7185,45.0643,191.815,0.9653,4.2354,49.0454,0,4.0454,32,9.1007,0.8335,0
55.6854,-0.2972,-0.7034,-170.9869,443.9358,89,69.1977,7.1286,47.7023,214.303,0.9532,1.3375,84.8061,0,8.4153,25,4.4167,1.003,0
59.0237,0.2248,-0.6999,34.9942,415.6582,102,72.0429,48.4021,55.2826,237.0145,0.7315,3.2487,114.2516,1,12.5435,27,4.817,1.1005,0
62.2748,-0.2879,-0.6828,115.7961,300.8999,122,80.3546,61.4767,80.0538,145.1964,0.6524,5.0592,105.5644,0,6.5124,39,0.5689,1.0053,0
47.3125,1.9936,-0.6636,16.297,338.9747,100,60.6601,70.6647,73.4498,279.6867,0.8809,1.5863,95.1688,0,3.7674,30,5.9902,1.0673,0
54.695,0.404,0.3612,156.5491,764.6973,123,100.8168,21.4317,54.8616,345.5425,0.9735,1.3577,81.1266,0,11.5169,30,4.3404,1.1181,1
58.5583,-0.9731,0.3613,143.0343,627.4019,100,79.492,10.6069,102.5429,201.4913,0.9638,5.3429,64.6805,0,10.5222,31,4.9407,1.1803,0
36.4894,-2.2703,-0.0814,10.6835,694.2041,126,80.4127,76.2245,61.6455,180.2521,0.968,4.4686,90.404,0,7.8292,30,6.5322,1.1444,0
52.7777,0.235,-0.3158,-34.6209,371.4003,118,83.5739,54.8658,47.7194,377.8514,0.9484,10.1586,110.4088,0,9.5009,45,5.3774,1.1472,0
59.0435,0.989,0.6909,-160.1725,769.7986,116,77.417,11.9004,67.2164,209.3246,0.7753,0.3374,79.5773,0,5.892,29,4.7986,0.9306,0
55.1039,1.8638,0.3474,47.7352,490.0098,103,74.8464,39.8102,93.5308,220.8221,0.9746,9.1581,68.2151,0,11.077,29,7.9029,0.949,0
49.1935,-0.2024,-0.5893,-84.2527,381.6761,97,70.5855,35.2275,59.1291,60.4465,0.8548,2.5015,136.6917,0,8.6601,27,6.827,0.9207,0
76.0995,1.722,0.1753,60.6428,338.2932,111,68.2178,72.686,58.6718,391.9028,0.9321,10.5543,59.9937,0,8.6677,33,8.8393,1.1493,0
69.3052,-1.3589,0.1495,107.554,342.7469,100,84.0649,42.7562,40.4212,431.5891,0.7196,3.4016,116.6512,0,7.2678,40,4.3513,0.9605,0
50.094,-0.3439,0.3592,-32.8703,388.0035,113,93.5262,46.3445,39.1472,267.3031,0.8,6.6074,57.3681,0,10.3787,42,8.9342,0.8086,0
48.1027,-1.0144,1.3745,-174.3895,365.9186,98,89.4996,44.8876,56.3659,293.4517,0.647,3.0451,70.6103,0,9.2845,30,9.3094,0.8423,0
57.0028,0.7921,-0.4092,131.4912,635.6429,104,77.1089,83.4249,94.7632,347.9214,0.6617,4.9434,118.1169,0,10.5949,31,5.2377,0.8561,0
49.4247,-1.3011,0.2772,17.6426,890.1743,102,78.0742,68.15,78.4058,365.9952,0.9229,2.8584,97.6105,0,7.908,36,4.4418,0.8287,0
62.7154,0.4017,0.748,-66.6751,462.9467,98,96.1828,63.8252,104.2448,291.9478,0.9776,4.4771,79.4331,0,6.8373,29,6.1381,1.0415,0
37.3275,-1.2418,0.8591,48.1666,465.8462,101,72.0129,54.0498,94.6459,241.3024,0.8111,10.3783,136.5087,0,8.9776,25,5.1119,0.8374,0
47.593,1.7578,0.0903,62.7819,221.3228,106,63.315,53.8472,87.3923,283.9831,0.7943,8.3361,54.5342,0,9.4752,18,10.1902,1.068,0
56.8525,-0.3743,-0.6538,-126.912,361.2107,94,82.5148,31.8114,42.8476,261.2473,0.9769,4.0169,106.1844,0,10.6135,40,6.2754,0.9058,0
60.0375,0.378,-0.8974,52.7046,256.8708,105,88.5251,67.4191,112.3473,323.6742,0.9325,10.2534,127.4161,1,8.1423,24,6.8163,1.1179,0
35.1908,-1.7888,0.4132,-76.7927,622.017,108,55.1198,42.4828,32.6744,191.6908,0.6731,0.6167,91.16,0,8.6198,24,7.6852,1.0536,0
40.4594,-1.4948,0.1713,109.3049,790.013,89,83.9827,24.3826,116.1783,416.6934,0.6167,8.462,93.6464,1,7.3074,32,7.1493,1.1675,1
33.2374,-0.7734,0.0641,158.9438,337.8441,115,68.7166,47.0577,102.3136,497.1014,0.9801,7.5175,96.8235,0,8.2863,41,3.4476,0.9921,0
41.2682,0.8505,0.1413,-143.0397,469.5418,103,65.8146,50.2671,52.7057,227.639,0.8161,4.4943,45.5909,0,10.21,37,5.813,0.9628,0
37.2279,0.6591,0.4893,150.2488,462.7301,91,77.1082,76.9183,118.6948,221.5416,0.8586,4.9508,69.3413,0,5.0901,29,7.4186,0.9374,0
55.3913,1.0854,0.2732,145.2406,602.5089,88,68.4517,67.1302,70.349,214.8566,0.8124,4.549,124.0227,0,6.7665,33,7.5917,0.8784,0
52.29,-1.5097,0.1933,-56.5533,515.7966,99,62.2999,30.2427,102.4133,252.4862,0.8955,7.6923,65.6687,0,4.5093,43,2.6788,0.9395,0
48.4617,0.5069,-0.2968,-169.6192,817.168,92,81.0825,70.7705,113.8938,474.3152,0.959,2.8559,77.8818,0,8.0074,42,6.7659,0.8086,1
50.2609,-0.5599,0.5197,58.7611,387.6254,105,79.5568,-1.9232,74.7879,242.4225,0.9975,11.9364,52.0157,0,8.7942,30,5.7344,1.1723,0
61.9424,-0.8081,-0.2887,-55.904,634.9333,93,62.8202,58.3304,85.8028,312.7943,0.7455,0.0349,68.0345,0,3.2392,20,6.33,1.1972,0
39.5773,-0.5372,0.4839,-111.0069,410.716,89,65.9303,36.2387,88.9256,253.0826,0.8078,5.5905,108.0607,0,5.3056,26,7.0762,1.1684,0
30.698,-0.1165,-0.1963,-140.9168,259.7193,98,84.6499,21.9175,82.5111,94.8394,0.9534,2.7519,48.5993,0,8.3256,24,6.9476,0.8333,0
57.1051,0.661,0.2947,-109.4305,713.9932,103,85.285,26.4085,46.7088,244.41,0.7743,4.2536,36.607,0,3.8543,21,6.473,0.8624,0
46.0904,1.1228,0.8818,-94.5119,781.0155,99,53.5386,79.3016,56.2728,295.2608,0.7436,10.3572,119.4769,1,8.5643,27,5.5192,1.1383,0
39.8156,0.5211,0.3303,106.4972,561.4983,85,67.3646,59.035,39.6521,452.119,0.9876,4.2867,90.0855,0,9.1009,35,2.2563,1.0057,0
55.5401,0.6333,0.7082,102.175,405.484,98,79.1736,57.5545,69.2109,124.9974,0.8928,2.5687,55.0423,0,8.7716,34,4.0584,0.8291,0
30.3235,1.823,-0.1857,-2.0109,329.2224,88,84.2314,69.3974,46.6745,394.4087,0.8028,4.4023,105.5885,0,6.5069,25,4.5337,0.936,0
41.4241,0.6971,0.0481,19.1971,584.0907,110,84.1081,45.3095,45.7682,322.5455,0.9184,3.8395,56.5724,0,10.6882,33,5.6456,0.952,0
26.1134,-0.2138,-0.1773,150.4139,180.9816,95,86.0297,77.5572,40.3867,289.8115,0.7276,6.0949,83.4045,1,8.8948,30,3.3727,1.0636,0
52.591,0.5811,-0.8299,146.8945,630.7604,98,72.7961,45.5573,68.0899,195.4113,0.8357,10.7986,64.3105,0,7.8943,24,4.9606,0.831,0
65.7369,1.7076,0.5344,118.3226,437.3174,83,81.7789,-12.9967,38.3331,422.5605,0.8843,8.3555,34.7104,0,6.5588,32,7.9667,1.1688,0
44.2682,-0.8704,0.2844,-45.2614,434.0917,94,76.0614,82.1561,95.6576,333.116,0.8864,10.2017,121.837,0,10.2203,32,9.2971,0.841,0
42.0846,-0.4309,0.249,-48.0411,339.0356,125,74.3953,-8.9878,111.0099,295.1691,0.6783,3.6141,68.0795,0,9.9038,31,5.1174,0.9583,0
67.8455,1.4501,0.6159,139.6378,284.4162,107,64.8845,44.6671,58.1946,289.2627,0.9979,0.3551,132.3437,0,9.5915,32,3.1273,0.8206,0
56.2744,-0.2905,-0.5677,153.5449,491.2783,113,82.9735,65.058,105.5476,392.5561,0.9016,4.3424,93.199,1,5.3452,34,5.0806,1.0451,0
73.8044,0.7643,-0.6877,107.4437,529.3268,96,63.5078,2.9942,83.0059,213.7055,0.8972,8.4844,74.2493,0,7.6986,30,7.1661,1.1668,0
51.608,1.2891,0.6207,92.569,486.2408,117,68.2949,47.091,66.5292,442.2938,0.8344,3.3111,57.122,0,7.1288,36,3.2286,1.1579,0
52.2664,-1.2558,-0.0352,20.939,664.2113,101,86.8649,46.7466,103.1008,518.9661,0.7371,3.3186,91.2502,1,7.8578,28,5.6604,0.9889,0
64.4483,-0.4084,0.1074,-58.1994,508.9852,107,78.3407,68.3519,100.9028,268.92,0.7955,1.1153,104.969,0,9.4767,35,5.695,0.8918,0
48.5137,1.2047,-0.7336,-93.3723,607.3366,101,90.5152,59.6593,114.6297,428.8785,0.7703,2.4969,119.0793,0,12.4452,25,4.2678,0.8878,0
52.472,-0.1264,0.7361,-129.4782,279.696,97,76.6351,23.1956,114.6572,240.8987,0.6458,8.7956,107.842,0,6.2174,29,3.6882,0.8607,0
25.787,-2.0186,0.3356,82.1526,433.7156,94,74.445,37.0215,92.7504,186.0635,0.9699,6.0926,82.4753,1,4.4057,27,8.8397,1.0282,0
67.377,-0.51,-0.2878,99.7124,722.5266,106,91.4698,28.5532,112.1298,241.1394,0.8031,0.8056,105.8991,0,8.1483,28,7.8789,0.8871,0
53.9087,0.7945,1.0429,-50.8877,645.7548,108,75.9978,12.8643,34.935,340.4769,0.6172,11.9675,78.0455,0,9.8722,28,6.6155,0.9931,0
48.9262,1.2765,-0.6817,-177.8252,550.0456,89,82.8125,36.982,47.0788,275.3511,0.7678,6.8087,135.0332,0,8.8822,30,5.2964,1.1968,0
59.0735,0.0508,-0.1647,157.8947,443.2118,101,78.3766,79.6669,57.557,339.719,0.7682,1.8665,79.8728,0,6.9356,44,9.455,0.859,0
38.1854,0.4838,0.4935,-22.6478,359.5661,111,81.2021,58.8952,101.3511,325.3339,0.6346,0.5816,106.0927,0,4.1221,26,6.628,0.94,0
44.4862,-0.3691,0.5766,170.8528,420.5555,88,77.786,58.5289,33.8722,256.4858,0.6783,6.6922,23.4775,0,11.6836,43,4.6369,1.1172,0
55.5334,0.9032,-0.7466,63.8494,595.6224,87,88.7794,25.7961,98.2127,176.5964,0.6311,3.034,104.7201,0,4.162,26,5.57,0.9644,0
50.4403,1.4252,-0.1417,-135.3551,202.5778,98,80.6809,10.9901,90.3461,296.0659,0.6641,3.0098,101.5309,0,12.5917,23,4.7358,1.0327,0
54.4663,0.7682,0.3729,-62.2972,769.2553,97,76.6781,61.3665,109.0093,161.6701,0.6458,5.9415,148.0343,0,8.506,26,6.1047,0.8187,0
52.493,-0.1182,0.7365,56.5381,685.825,111,82.5404,70.1877,34.2483,306.2114,0.9609,5.5711,76.9479,0,3.9447,35,5.32,0.8464,0
56.3054,0.4341,0.6945,53.731,682.3871,103,64.5203,53.2613,85.9302,332.7208,0.9104,4.3178,139.0659,0,6.555,30,5.5565,1.0245,0
36.792,0.9525,0.3502,-96.4852,592.1895,118,90.1267,65.1924,38.9881,66.3383,0.9491,9.709,91.2955,0,10.8468,28,7.6777,0.8311,0
62.7814,0.0277,0.0448,-116.3315,516.194,89,64.9348,43.314,35.0752,426.1383,0.6554,4.7998,135.7129,0,5.0454,27,8.0002,1.1541,0
45.1611,0.8005,-0.0897,-80.3553,556.6687,100,73.3625,51.1141,115.2818,265.4379,0.8677,5.3804,100.1474,0,4.1726,26,7.561,1.1454,0
50.5773,0.3703,0.2491,103.2811,445.0923,99,75.4747,35.5681,50.0149,350.3189,0.9607,7.5384,73.1618,0,4.746,32,5.6842,0.806,0
43.9922,1.4194,0.717,-92.9269,817.6663,94,82.4931,57.7205,47.0212,234.0772,0.9813,8.5778,132.6629,0,9.934,36,6.0168,0.8312,0
47.1259,0.7001,-0.107,72.6411,479.2256,112,96.2025,46.2853,108.7251,258.5824,0.6233,4.4601,79.4629,0,6.9518,30,4.3511,1.1208,0
52.2909,-0.4986,-0.1366,133.1999,428.6508,79,90.3126,62.112,58.1267,459.9746,0.7516,6.2472,79.1992,0,8.702,18,3.1621,1.0864,0
57.3517,1.4045,0.5726,-39.016,460.1788,97,65.2774,65.6466,106.2529,164.0548,0.7454,6.0262,97.9943,0,5.7475,31,2.774,0.8399,0
59.0123,0.4601,0.5308,-177.4821,391.5165,93,71.1415,42.9345,90.3165,248.3362,0.6748,10.548,90.8591,1,11.2668,29,4.4768,0.8886,0
54.3251,-0.1397,-0.2499,-128.8952,621.3559,102,66.005,60.2751,47.0622,304.4988,0.6617,5.0085,106.5492,0,6.7586,21,5.3018,0.914,0
44.042,-1.354,-0.6594,-67.7171,422.1424,86,67.0007,36.0808,76.761,52.5363,0.7484,5.5258,97.6455,0,7.592,31,4.9247,1.0338,0
53.6945,0.2314,-0.8567,-111.6165,481.1227,101,74.099,85.9185,89.4803,206.6314,0.8847,6.909,107.0338,0,7.9423,26,3.1356,0.9314,0
52.4029,1.8349,0.0651,-75.7751,700.4514,99,93.0974,78.2327,95.0544,380.814,0.8923,7.9828,106.5859,1,10.0601,32,9.1746,0.8933,1
50.5907,-2.7294,-0.5523,15.8551,660.6231,102,77.5433,55.8927,73.3757,171.2573,0.8309,0.0116,53.0388,0,9.9715,30,6.3489,0.9262,0
55.3422,-2.6897,0.4481,-172.4108,346.4264,90,78.8415,34.8128,61.9578,315.269,0.9144,7.8214,30.58,0,8.1248,24,1.4142,1.1967,0
37.2424,0.7673,-0.8584,-156.8587,677.1139,101,82.2889,54.8934,115.3988,333.4973,0.8815,1.8266,98.3608,0,11.2843,27,6.5237,0.9586,0
29.7308,0.2362,0.8068,128.0662,287.5347,116,70.6047,25.7471,67.5692,350.2005,0.9182,11.7111,69.2816,0,10.014,34,7.6012,1.0944,0
61.9,0.6724,-0.1684,8.0351,274.8271,85,79.292,58.185,92.2865,193.8973,0.9899,4.2951,65.864,0,6.5872,31,5.6258,0.9768,0
48.6863,-0.5264,-0.3994,156.7912,451.0105,81,82.468,7.3758,105.3354,315.6907,0.8318,5.7818,81.8414,0,6.336,31,5.8798,0.8413,0
54.1593,-2.1418,-0.2706,-178.8208,543.9397,88,104.5912,28.4368,45.1954,182.453,0.9066,0.8194,97.9991,1,6.7006,27,5.4136,0.8535,0
41.3243,-0.832,-0.4324,-179.9456,466.3066,97,89.2393,57.3633,73.4635,270.0431,0.9333,10.4659,86.2598,1,6.1854,32,6.3886,0.9854,0
62.6222,1.56,0.7574,86.2548,565.8374,100,96.4598,77.8556,79.6904,386.491,0.9652,2.9708,111.7461,0,6.282,34,4.4124,1.1361,0
53.5008,-0.4516,0.3358,-8.549,443.5019,106,80.2896,57.3395,81.3059,214.7226,0.8181,3.678,62.869,0,7.7028,28,8.0344,0.9124,0
48.2048,-0.4429,0.0484,148.9674,191.1015,111,85.2845,43.6133,43.4127,352.9396,0.9676,7.4492,145.3087,1,6.0982,34,5.2136,1.0225,0
52.8579,-2.6294,-0.6014,103.1702,471.4041,109,82.6156,30.7101,32.3313,292.103,0.8156,0.0912,118.1834,0,5.0646,34,4.0182,1.0668,0
32.583,-1.8045,-0.0275,1.4266,271.911,104,62.1139,39.7677,89.8562,375.7148,0.8772,11.8894,80.651,0,7.4199,26,8.2046,1.1812,0
53.7313,1.1102,-0.3853,-7.7314,500.4718,101,55.3761,14.6546,85.9271,102.9478,0.7393,6.0891,151.0726,0,9.4444,22,7.1372,0.9922,0
64.8683,-0.2594,-1.3155,112.025,312.068,97,68.7519,42.0598,93.0175,417.6029,0.994,10.0139,19.7581,0,9.5826,24,7.0301,0.9398,0
53.1528,0.9912,-0.3468,109.3343,577.5979,107,92.4348,94.0516,50.0735,119.5153,0.687,10.8853,121.4009,0,12.9556,32,6.6128,1.0477,0
51.8614,-0.7537,0.3026,-80.2999,703.2013,98,76.0491,52.5433,60.3949,177.0759,0.7032,0.0051,91.2981,0,5.9172,29,6.4524,0.9247,0
46.8297,-1.4678,-0.2131,62.8693,240.6452,102,87.7847,58.3455,81.3369,414.2658,0.7007,5.1384,126.3821,1,3.5897,24,8.6733,0.9576,0
60.8276,-0.2609,-0.0725,51.5528,193.7181,118,93.0464,12.8064,35.1918,292.3857,0.7684,10.6769,75.5002,0,9.1457,43,5.5041,0.9672,0
62.3101,-0.573,0.5205,128.1904,454.9418,93,67.168,78.1046,48.5848,255.6186,0.9072,8.3104,55.9092,0,7.3881,34,4.1289,0.9753,0
45.6806,-0.8331,0.431,132.6886,669.4042,109,94.759,80.422,109.2716,394.1108,0.9937,8.8708,97.1325,0,9.0003,29,3.3176,0.8599,0
53.5865,-0.807,0.9805,-83.419,523.3991,89,68.3757,54.3007,43.8774,287.0619,0.8471,6.6178,75.1094,0,8.7437,29,5.4973,0.848,0
52.3221,-0.1349,-1.0968,136.7073,435.999,101,77.9362,62.2862,44.7769,200.7633,0.847,11.7139,98.1183,0,11.1883,33,5.8946,0.9712,0
54.0177,-0.4916,-0.4211,152.8456,338.6335,117,69.2022,36.6249,94.8988,424.6833,0.8111,1.2387,100.6882,0,5.5872,26,7.5366,0.837,0
42.2727,-0.9323,0.4541,-140.5308,608.5226,111,82.3705,44.4775,109.5128,326.2525,0.9608,10.4424,42.1721,1,8.5252,24,3.4704,0.9881,0
61.4278,1.8047,0.2157,26.5486,730.6058,94,78.3814,103.8706,117.386,171.9991,0.7327,8.1329,117.028,0,7.0331,42,4.4694,1.1858,0
55.6522,0.458,0.0497,-22.8731,219.5936,100,87.9703,40.6445,105.2681,222.9147,0.676,6.5729,4.9475,0,1.8883,34,5.2579,1.04,0
62.0241,0.1585,-0.3024,-35.2855,544.0704,102,89.9968,86.605,94.1115,199.562,0.6915,8.0276,179.7422,0,9.7653,29,9.447,0.8096,0
38.8466,-0.0665,0.1132,73.7386,881.735,106,95.8019,91.0779,109.7617,181.6203,0.944,9.4092,97.8812,1,11.2467,36,4.0387,1.0025,1
39.4341,0.6656,0.0844,-133.3554,409.156,121,87.5177,58.8472,75.1078,286.4188,0.6679,2.2229,68.6844,0,8.7299,33,5.5012,0.8495,0
70.5939,0.5318,-0.926,115.1805,471.388,130,88.1482,47.5907,56.224,292.363,0.7998,2.648,40.9274,0,10.1436,28,7.2571,0.9932,0
61.4713,-1.0343,0.1068,-170.4242,494.8097,101,75.5182,23.5018,94.8155,342.3951,0.7287,2.9394,107.8133,1,5.3843,23,6.9866,1.1975,1
41.8491,-1.5323,-0.2585,28.1883,438.7259,104,78.2203,60.7776,66.6083,355.9528,0.6733,4.1595,101.7568,0,8.4908,41,5.5201,1.1868,0
58.6815,-2.2741,0.4205,-98.8704,664.5602,102,83.1396,50.3019,63.8648,384.5532,0.8289,6.7917,87.5295,0,8.1634,43,5.5061,0.9758,0
45.3419,1.7919,0.1723,60.2888,770.2322,78,67.5918,47.8763,68.3213,401.9037,0.9421,10.932,79.0209,0,8.3737,23,7.754,1.1768,1
33.0129,-0.4453,0.978,9.1555,244.3152,112,91.2328,40.453,86.2568,348.6525,0.7278,3.0499,110.1159,0,5.6759,28,7.3767,0.8309,0
28.9975,0.5921,-0.0,179.9108,359.8428,108,78.6621,56.0228,111.2067,335.6296,0.6479,6.6409,22.2444,1,10.9522,37,6.4508,0.8673,0
49.7801,0.2021,-0.5457,130.4361,686.9269,77,81.9433,59.3466,115.6819,396.7829,0.8492,11.7206,50.153,0,11.224,25,6.766,0.8824,0
65.608,0.9126,-1.2443,-58.8122,590.0472,101,64.8176,49.3324,88.8868,341.2949,0.8959,8.1253,107.5982,0,8.0078,31,6.7927,0.8268,0
65.2139,-0.0645,-0.4691,10.2537,565.5073,86,76.363,73.5417,33.2369,204.7235,0.8236,5.1465,75.4707,0,8.9757,34,6.201,1.0527,0
62.6014,-1.328,0.1887,-65.5877,604.4818,101,88.6268,49.6205,66.6708,160.7022,0.647,0.8919,111.8628,0,7.6954,36,4.3364,1.039,0
58.3001,-1.0371,0.3164,82.3657,514.4194,110,84.195,46.9982,41.6843,197.4315,0.6019,3.8844,59.5543,0,4.9279,43,6.5504,1.0396,0
53.1736,-0.3508,-0.3026,-27.9313,572.1777,84,88.2955,27.5218,80.2402,331.5251,0.6345,3.8578,86.9717,0,5.4275,31,2.3658,0.9108,0
61.5196,-1.5853,-0.2151,-138.4424,451.1844,96,76.6266,45.8025,65.5935,269.4192,0.9691,8.0859,74.6878,0,12.8658,25,4.8182,1.0688,0
29.8911,-0.8543,0.035,57.8894,465.7982,99,81.2895,48.6956,96.3789,322.7042,0.831,2.0534,138.6994,0,5.9289,33,6.2811,0.8246,0
59.8979,-1.1988,0.19,-176.0166,485.7146,111,78.9624,0.8499,84.1021,274.2208,0.7491,5.9194,78.0048,0,5.6766,33,6.2659,0.8974,0
38.7899,-0.3287,0.51,-72.9756,438.897,87,86.645,60.2566,46.4579,208.065,0.6732,4.7948,121.9369,0,7.3876,38,5.3579,1.1873,0
40.8728,-0.496,-0.2938,146.5715,570.3226,92,82.6083,68.314,43.8176,40.6956,0.8796,1.6836,98.6345,1,11.6871,34,7.9531,0.8111,0
56.9585,0.1195,-0.3713,-146.0972,544.6443,97,76.1715,93.9919,39.0117,178.0053,0.9057,10.6616,62.2921,1,5.5932,32,5.0147,0.8556,0
59.2873,0.8545,1.0124,1.5933,220.0751,98,54.3986,31.402,96.8324,474.7321,0.923,7.4547,101.966,0,13.1463,34,5.4561,1.1959,0
43.9029,-0.2426,0.8916,106.2319,469.5082,95,81.7054,47.8306,59.8944,396.2854,0.6074,8.0823,98.936,0,10.8141,23,2.8694,1.1303,0
56.4619,-1.5024,-0.2647,145.6208,503.1067,97,63.22,59.0749,69.629,225.1141,0.908,4.7431,48.5353,0,5.5007,36,8.0135,1.0929,0
55.6293,-2.0483,0.5713,21.5418,729.5216,103,86.8913,48.8959,68.507,246.5021,0.6639,10.0524,78.7305,1,10.3942,27,2.7611,1.1901,0
46.8935,0.1623,1.1024,-124.8547,456.9918,94,88.3195,35.0265,89.3085,249.7809,0.9187,11.1143,90.9714,0,5.8455,16,8.0263,0.8766,0
51.5385,-0.6655,0.6585,158.7087,514.4671,101,57.155,20.616,34.1487,409.031,0.6604,0.297,134.3707,1,6.3899,26,5.5302,0.9916,0
70.8088,-0.1574,-0.3815,89.7332,488.4854,124,82.9953,51.4441,61.9388,390.9025,0.698,5.398,114.5032,0,8.6419,43,9.8553,0.8756,0
47.1843,0.3295,0.0524,-37.5587,698.3269,93,82.7491,74.6031,38.7157,396.3713,0.9112,8.0567,77.0888,0,10.1266,47,2.84,1.1037,0
47.5291,1.4432,-0.8759,-80.2869,320.7744,88,83.761,50.0979,34.3646,198.7067,0.8516,10.0427,43.5222,0,7.8841,28,6.8674,1.1475,0
51.5001,-1.7475,-0.4825,-162.8221,382.2598,87,67.6771,48.765,37.3519,478.5726,0.6139,9.4567,127.3938,0,7.6858,21,8.2976,1.1523,0
48.1705,-1.0125,-0.0077,-111.0848,372.2148,105,84.7686,57.7175,67.9201,270.9375,0.6663,11.7666,107.1553,0,6.7304,33,8.9168,0.9779,0
57.905,-0.0852,0.1099,99.9637,502.1018,95,67.4085,65.0812,92.4631,383.7652,0.6924,9.0989,42.6153,0,8.3345,24,7.8106,1.1236,0
64.6924,-1.1402,-0.3465,-140.8941,275.9279,95,86.9017,56.5691,71.672,329.2184,0.9373,1.5014,46.579,0,8.2914,32,5.554,1.1903,0
47.5333,-1.4891,-1.3758,-133.4115,719.7732,110,84.3385,25.2549,52.0193,128.9504,0.8456,1.9125,68.8455,0,8.572,24,5.8937,1.0544,0
41.4321,1.3096,0.0968,-109.4642,562.3283,102,76.7005,59.1822,88.609,248.4994,0.6737,11.4261,134.1343,0,9.9525,33,3.7456,1.1486,0
69.7491,-1.048,0.3641,-37.677,587.8089,103,84.248,37.4525,48.1868,295.974,0.7021,0.2909,63.7177,0,6.332,29,7.0232,1.1176,0
51.1981,-1.3092,0.3831,-111.9344,815.3454,97,70.5303,35.6064,64.0752,217.5559,0.782,4.5246,66.1206,1,9.1589,36,7.093,0.9335,1
32.9547,-1.1481,-0.1029,145.5493,448.3988,109,74.4138,28.4003,115.6759,151.9459,0.6335,5.1769,13.5585,0,8.2702,26,5.8324,1.1729,0
68.6227,1.086,-0.0676,-87.2441,628.3968,103,91.64,48.269,104.6428,254.067,0.7652,3.1127,84.2081,0,8.6692,31,5.346,1.145,1
61.2619,-0.6954,0.1233,151.0155,587.3425,87,91.2462,39.2419,112.2184,430.7583,0.9173,8.7601,152.4564,0,11.5084,23,3.9237,0.9021,0
66.0134,-1.3856,0.2044,174.5795,730.9105,85,69.0245,44.137,44.2393,355.1852,0.7582,9.9941,115.1995,0,7.7664,29,7.8208,0.8354,0
64.3425,-0.8402,-0.0467,91.7292,603.6865,96,73.8089,30.0494,85.8692,244.4873,0.9143,11.4766,102.156,0,7.2959,22,5.2696,1.0103,0
76.4499,-0.0482,-1.1615,-177.3227,423.6241,105,74.4454,67.9054,57.8948,321.9508,0.8498,11.6049,72.018,1,6.6644,27,7.7215,0.8864,0
39.6306,0.8918,0.6985,-93.5928,563.6006,103,80.6206,42.1747,103.4799,163.8355,0.7617,4.701,42.6557,0,6.8942,21,4.3276,1.0035,0
42.0435,0.8078,-0.2322,-83.76,402.9799,88,78.659,35.4727,70.9057,297.6672,0.9573,11.3471,112.8114,0,8.5525,30,5.9379,1.1579,0
45.0774,-0.7778,-0.6119,15.3917,429.9329,83,92.9181,16.208,96.2788,105.3867,0.7766,5.8244,83.4743,0,2.7863,30,2.7844,0.8339,0
44.7915,-0.5311,-0.1963,-122.9783,497.9583,111,95.3391,83.6443,58.0553,180.818,0.8939,9.9987,104.4217,0,4.7415,33,6.1793,0.8632,0
51.2295,2.1029,0.0558,-152.2025,472.1338,99,98.0326,18.9116,36.1737,379.3655,0.9198,9.4535,32.5625,0,6.8726,32,4.139,0.8744,0
45.101,0.9957,-0.3045,-116.5112,365.9161,97,101.5943,55.7395,97.6968,239.3157,0.9664,2.6934,107.5198,0,5.8363,31,3.7917,1.1427,0
38.1045,-0.2518,-0.27,-62.1533,159.583,103,64.2024,63.2384,84.1892,253.2851,0.711,6.8483,149.6796,1,10.1444,29,9.0368,0.8403,0
41.2556,-2.2952,-0.1623,-162.2844,544.4673,80,78.1104,42.2478,107.9939,288.7594,0.6805,11.6547,66.9067,0,10.6047,28,10.6511,0.9303,0
47.0625,-0.4588,0.1809,-109.6689,555.1446,99,73.0615,58.3842,40.4062,452.8741,0.7792,6.3196,9.9391,0,8.1077,22,7.2555,0.8208,0
61.443,-1.3266,-0.3995,-119.6928,554.5562,114,71.0218,59.9133,117.2676,-68.8024,0.9501,6.2693,126.398,0,8.2945,38,4.2499,1.1162,0
44.2469,-0.8627,0.1687,98.0494,785.8931,102,94.0877,66.8125,112.1712,205.3031,0.7318,7.5237,0.0,0,7.9411,41,9.966,1.0632,0
58.0997,-0.9653,-0.6901,-118.9534,269.5766,86,84.2076,62.0729,88.7279,535.7788,0.7093,11.1466,127.6949,1,4.8396,35,6.9344,0.8794,0
36.7872,-0.2312,1.0029,104.9542,732.9748,89,64.1086,43.7376,77.297,413.7057,0.6143,4.6544,88.0284,0,5.5836,26,8.316,0.898,0
18.011,0.0698,0.5362,2.9456,873.8023,101,105.935,41.9948,65.9228,349.5553,0.8802,0.4557,165.6645,1,4.0748,36,4.6051,0.8529,1
48.6682,-0.7316,-0.1373,92.8275,764.5671,89,61.8459,90.9826,38.4988,323.5606,0.8799,2.1651,48.9718,0,6.4503,26,2.6471,1.0118,0
43.8999,-1.2777,0.1674,-17.8715,447.5984,85,76.4611,71.8739,113.5906,272.2962,0.9338,11.5237,101.6402,0,10.3231,20,6.5756,0.8449,0
41.1826,-0.1789,-0.5841,144.3799,567.9525,94,80.8782,36.0403,47.5614,159.8483,0.7983,3.1331,33.2241,0,9.4304,25,7.6687,0.8727,0
40.0115,-0.4983,0.2809,-80.4533,384.3171,80,68.6855,56.6012,62.1373,255.0082,0.9562,8.9247,134.1674,1,6.6679,32,6.2138,1.0053,0
42.9248,-1.8975,0.4227,96.0505,398.5979,90,85.5013,57.8948,46.7178,284.869,0.6344,4.603,109.6582,1,7.1935,28,3.5269,1.101,0
40.1265,0.6076,0.1332,-121.1688,758.4967,96,73.8238,49.6328,53.5104,411.5804,0.8252,0.4509,102.5495,0,5.7173,29,7.1772,0.9186,0
41.0326,-0.7288,0.4511,137.752,604.8619,91,88.2301,85.1263,65.3288,331.9936,0.7907,3.9697,119.9876,1,9.2206,42,4.3961,0.8952,0
36.4115,-0.2695,-0.0035,-169.7613,613.994,95,83.9896,47.933,92.7119,303.5598,0.959,4.9539,44.2641,1,11.4008,27,5.4404,1.1091,0
28.706,-0.2198,-0.0507,-15.323,331.5502,88,54.9576,48.3515,103.0012,231.5916,0.9633,2.78,106.8715,0,11.5364,30,7.8875,0.907,0
27.9059,-0.0154,-0.3299,-28.347,279.0055,83,64.497,66.452,35.2434,249.9338,0.9906,11.6324,147.5357,0,10.2354,39,5.4581,1.0836,0
74.6109,0.146,0.278,44.5646,658.2112,100,88.4873,31.1028,103.3788,122.4863,0.7409,11.8896,53.0469,0,5.5592,46,4.6148,1.0129,0
49.3675,-1.3046,-0.4183,-21.264,563.251,92,84.041,39.4539,101.38,319.9308,0.7519,3.318,121.3345,1,7.7327,35,5.4286,1.0089,0
65.2454,0.3124,0.2072,32.0323,455.2411,102,69.7399,79.3906,42.1421,172.9057,0.6771,11.5128,111.7814,1,8.0017,25,9.4722,0.9994,0
48.2241,-0.3441,0.1516,130.2131,760.46,102,73.3071,49.4116,54.6977,262.1415,0.8971,11.0398,69.6937,0,4.9831,24,3.7834,0.8372,1
48.5572,1.0844,0.672,-128.8697,588.9947,111,79.1211,33.9127,37.5719,399.5065,0.9333,11.3869,89.3602,0,10.0297,26,8.3858,1.1941,0
53.0667,0.815,0.2918,-92.107,372.4879,94,59.7488,53.4974,73.592,323.3767,0.9409,8.8382,169.145,0,6.4499,38,6.8678,0.9932,0
56.4007,1.3228,-0.8784,109.0152,209.2883,86,102.7153,52.8634,117.1852,330.4528,0.9962,5.8647,104.7844,0,13.0483,21,7.1791,0.9741,0
37.5333,-0.9384,-0.3318,-97.897,589.7363,104,70.1961,76.7318,108.8864,419.6667,0.8248,4.9387,151.7571,0,6.4764,27,6.62,0.8432,0
46.2023,1.2867,-0.3447,146.0354,429.5899,98,80.3079,71.7555,108.6618,365.4595,0.6858,0.3418,84.1427,0,8.932,32,8.6328,0.9716,0
53.0478,0.0941,-0.3659,14.6921,479.1765,100,96.7069,54.0945,41.4521,283.7772,0.8405,2.5701,107.2845,0,4.6256,24,3.3445,1.1054,0
30.6647,0.6902,0.4833,-150.5288,466.7421,114,78.159,83.1568,111.1163,97.4331,0.745,8.872,80.9861,0,5.5969,27,6.6184,0.8889,0
62.9734,0.6744,-1.1017,-172.5623,714.6288,87,83.2202,75.5198,31.8125,255.3975,0.7335,1.3609,103.4179,0,5.3476,17,6.3817,1.0755,0
60.6276,0.4591,0.7122,94.6457,626.4197,101,70.4303,57.1506,98.6118,288.8214,0.8802,0.1574,65.4691,1,10.687,33,5.1888,1.1064,0
28.9822,-1.0882,0.4993,128.2863,485.5611,97,74.517,33.0699,56.9575,297.9675,0.6812,9.4948,44.1481,1,7.4809,29,6.8738,1.0561,0
41.21,0.9551,0.0929,-93.6487,481.5224,89,70.7482,85.8204,75.16,135.7148,0.818,4.7028,74.2673,1,6.9208,35,5.6371,1.1982,0
51.0485,0.3517,0.1746,-93.3192,543.2121,100,92.7969,75.365,96.0411,316.2128,0.6564,4.7463,146.6094,0,11.6858,35,6.2257,0.9816,0
58.4184,-1.4731,0.0375,163.4768,697.7079,96,73.3269,25.7752,88.2513,371.0822,0.9564,3.2612,27.728,0,4.7901,32,6.0854,0.9289,0
65.2613,-0.4837,0.0793,56.2274,512.4432,89,72.5687,38.1058,60.1457,260.2422,0.6355,10.0798,95.5692,1,11.3756,36,6.2202,0.8192,0
43.6266,-1.2131,0.5632,-119.6589,413.8088,87,71.3869,23.3273,103.5774,342.1459,0.9728,9.8077,86.4527,1,7.5864,25,4.6758,0.9046,0
73.3817,-1.4262,-0.1119,-18.5087,319.2687,96,83.8248,28.5272,88.6905,230.3383,0.9998,6.067,94.3305,0,10.4171,27,5.8876,1.0891,0
49.5124,0.8533,0.3002,147.757,487.1541,115,85.8148,75.3732,105.9351,321.2032,0.6942,7.0522,61.6791,0,5.9798,24,10.9644,0.9284,0
47.7587,-1.4794,-0.4356,43.6227,320.256,100,60.0222,51.801,62.9723,484.7148,0.6371,2.9491,123.7851,0,9.9304,33,4.9529,0.9294,0
55.6172,-1.3211,0.2663,-33.3109,551.2154,113,80.6783,36.7076,40.5651,255.7128,0.6127,1.7304,88.2544,1,8.4664,38,8.1065,1.0906,0
53.1079,1.9782,-0.1364,-125.6279,567.9524,90,83.0148,65.1171,63.4735,182.2585,0.6583,3.9869,156.126,0,3.8103,29,7.3362,1.038,0
52.5488,-0.4479,0.214,81.3607,678.6135,96,94.051,66.8148,74.5058,371.2538,0.9661,9.3189,56.0439,0,3.2583,36,5.505,0.9787,0
69.9616,0.6577,-0.4323,-80.5094,468.5831,110,67.7624,76.7216,42.959,269.9173,0.892,10.7134,114.2555,0,11.2236,25,7.0141,0.8294,0
52.4737,1.1248,0.2246,23.7279,654.8507,95,68.7877,62.1987,80.5505,219.0409,0.6368,5.0035,91.1643,1,3.2394,38,6.18,0.8594,0
40.1573,0.7742,-0.0234,36.0505,741.7332,103,86.4154,62.8083,89.522,222.1312,0.9846,10.7665,77.8532,0,8.6958,37,6.5867,0.9881,0
41.6025,0.1496,0.7824,19.9618,511.0585,98,79.389,33.5392,30.2323,320.951,0.862,3.5329,46.8685,0,5.9655,28,7.4609,1.0424,0
64.7262,-0.0373,0.1295,-91.2626,835.2782,96,93.7875,51.9538,79.9485,301.4484,0.9719,4.5686,154.7346,0,5.7471,27,6.8915,0.965,0
56.8383,0.5376,0.2466,74.9789,715.539,103,91.013,49.3772,41.5148,425.5404,0.8854,3.8159,67.4321,0,11.0096,28,4.9421,0.9005,0
34.4365,-0.2247,-0.2208,23.778,428.0897,92,82.7933,3.0571,42.8332,338.8326,0.7502,2.9,107.0617,0,7.6668,27,7.2218,1.1444,0
33.9447,0.6949,0.156,-34.6741,941.663,81,79.3371,57.1574,63.917,393.1746,0.627,4.8133,71.8253,0,6.3923,27,6.3558,1.0946,0
50.2505,-0.259,0.237,-161.2329,489.8442,106,78.4257,15.8371,38.3569,299.1779,0.6066,4.0489,124.8176,0,7.8144,41,5.6502,1.1688,0
56.1649,-0.1455,-0.1771,-60.745,709.9355,87,79.7002,64.416,81.4891,346.0297,0.8439,2.5852,60.9554,1,12.3525,37,6.1049,1.1746,0
43.2195,1.8818,-0.2161,-53.1189,594.2775,92,80.6081,42.2841,96.3446,292.1864,0.8011,6.3451,139.9192,0,8.3009,28,7.9995,1.0691,0
33.1983,-0.4804,-0.4033,104.8188,545.5095,99,94.2137,42.627,59.3785,478.1065,0.832,7.8478,60.5172,0,6.7003,36,4.0075,0.964,0
38.7483,0.0192,-0.038,4.8409,696.3256,90,59.6296,39.9753,114.1525,343.911,0.9855,8.8584,96.3083,1,8.8119,37,3.0817,0.9969,0
66.4575,0.4306,-0.3266,155.5628,522.6272,106,75.8054,37.8046,93.9731,151.9678,0.9614,9.4901,93.3352,1,5.504,28,5.4673,0.8313,0
54.9697,0.4948,0.1461,90.2628,488.537,104,82.0479,45.4267,119.0099,278.3663,0.7428,6.0916,79.9034,0,9.295,32,4.4581,0.8521,0
60.0008,0.2929,-0.3952,13.6817,493.0695,100,73.9718,68.5476,84.6105,320.1132,0.7274,4.3629,62.3742,0,9.9018,25,6.3767,0.9103,0
61.6499,-1.2504,-0.0612,-119.2011,328.4248,102,77.139,28.3148,71.4745,295.9287,0.7136,3.1539,80.8163,0,7.1132,29,3.4065,0.8723,0
43.7399,0.162,-0.4729,-100.428,659.9958,96,75.5882,50.2235,98.7591,380.6862,0.9762,5.0597,97.0664,0,7.9577,29,4.0041,0.8521,0
46.2696,0.2428,0.5722,-122.3714,401.0383,103,93.033,92.2264,65.5155,249.2199,0.9633,3.6241,58.4839,0,8.5392,28,8.5976,0.9869,0
48.3199,1.14,0.0124,-20.5737,531.5204,117,75.7687,36.5687,30.0715,300.4562,0.9748,6.5888,65.9339,0,8.1783,27,6.8114,1.0226,0
54.1668,0.7392,0.008,80.109,503.0223,107,72.7914,49.6778,49.1738,389.213,0.6927,0.145,54.3136,0,9.8869,26,6.5236,1.1351,0
60.895,1.2059,0.2977,93.3569,591.1115,112,87.8052,66.8307,48.5242,158.2735,0.7879,5.6839,90.6301,0,9.8033,35,6.6629,1.0115,0
68.6988,-1.0032,0.8876,-145.3856,498.0365,89,74.6514,93.6907,74.0192,202.7227,0.742,8.8777,153.6143,0,7.4596,28,6.0816,0.996,1
58.143,-0.996,0.0405,-1.4721,459.7447,113,78.3168,81.0381,94.0467,490.7677,0.7291,3.3532,94.0525,0,6.5994,35,6.3547,0.9347,1
58.2159,0.3281,-0.7454,-6.6814,562.1996,95,68.9326,47.1922,80.1186,262.1288,0.6386,10.4572,59.0464,0,5.8741,31,2.2997,1.1288,0
69.2663,1.1329,0.591,-22.0008,549.3417,105,75.9421,57.8556,39.2857,383.5612,0.9361,2.1792,89.0604,1,6.5114,35,8.9613,1.0751,0
47.9494,-0.2004,-0.6787,-71.5622,340.7381,101,79.6514,45.8397,53.4472,407.166,0.7188,9.4817,111.2767,1,5.6479,28,5.8517,0.8774,0
61.89,-0.7403,-0.2482,-8.7091,483.5066,110,67.351,71.8488,42.2951,170.2297,0.7405,8.8959,101.6777,0,10.5227,28,5.6982,1.019,0
55.7828,-1.6015,0.5963,5.9784,690.4947,100,78.9989,47.6127,37.1581,213.9775,0.8424,4.7331,111.2911,0,8.7904,35,7.5092,0.8693,0
56.1495,0.363,-0.1676,35.8906,868.591,90,85.1325,84.0459,44.1027,300.911,0.9705,0.0206,42.3183,1,6.2438,29,9.6462,1.0897,1
47.8547,-0.1129,-0.2861,-44.1485,243.8688,94,60.0844,11.3905,76.7836,232.4194,0.8897,1.1501,108.8454,0,8.2314,24,4.6159,0.93,0
36.0577,-0.4339,0.1407,160.2362,624.1596,108,73.4773,62.2664,98.0176,340.2145,0.8572,6.6109,106.4859,1,7.7967,15,5.9485,1.0167,0
53.4483,0.9052,0.0048,-58.0181,515.8675,115,105.54,64.9569,65.7286,352.7125,0.6383,11.14,62.4884,0,9.3746,31,5.4484,0.8119,0
53.4908,-0.0868,-0.3467,142.2183,411.2033,98,77.9544,-0.3707,48.0711,320.459,0.8495,5.3295,157.6844,0,9.7687,28,6.8434,1.1511,0
44.2456,0.0009,0.4388,108.4513,435.8022,96,91.3877,17.3066,68.7277,295.0226,0.7065,9.1433,36.3564,0,10.5671,31,7.1655,0.9645,0
49.0327,0.8999,0.614,-12.5025,359.0381,83,79.7241,76.291,59.6943,357.5723,0.8558,1.8872,134.4906,0,5.8578,27,7.9814,0.8124,0
41.1811,2.1907,0.694,-1.3275,295.6622,105,76.7004,60.3832,34.0203,419.3212,0.731,9.5926,77.5852,0,5.1977,30,2.1079,0.8343,0
41.2659,-0.4445,0.2759,133.1502,557.7932,97,89.3335,65.8396,113.0281,430.1742,0.6307,3.1609,82.6397,0,9.864,21,8.6231,1.1299,0
45.1904,-0.8762,-0.3505,-2.619,767.4896,101,91.9709,83.5742,30.9555,326.956,0.9378,1.4896,101.9899,1,6.5704,19,7.2251,1.1214,0
36.7156,-0.9891,-0.6276,64.5766,552.8988,94,71.0767,43.0732,33.7087,212.3278,0.8219,5.646,37.867,0,7.2422,36,7.0338,0.8586,0
44.1652,0.4768,-1.1584,111.349,525.7358,78,69.0233,83.4195,57.0378,282.4539,0.7125,6.0582,173.0705,1,8.1976,33,4.4458,1.0939,0
57.1373,-1.0905,0.5166,146.8372,406.4639,110,66.3169,108.5129,99.9107,367.6935,0.7429,7.092,96.852,0,8.6778,34,3.7896,1.0248,0
64.5612,-0.3732,0.0973,-101.4609,360.4503,108,71.2177,75.3106,73.9981,409.8778,0.8472,5.6552,48.3936,0,6.6144,33,5.4296,1.1105,0
70.7544,-0.2853,-0.2095,171.1317,503.2705,89,91.3625,58.6647,76.0132,406.6429,0.8718,5.0634,80.9568,0,10.577,33,6.4033,0.9135,0
45.9987,1.5564,-0.9667,167.5201,345.6067,99,80.3119,48.8871,85.537,282.3653,0.7947,7.6517,88.1747,0,9.0901,29,3.6975,0.834,1
62.0011,1.1929,-0.5916,-72.9522,668.4643,102,91.84,54.2006,33.6148,322.5362,0.8103,8.7127,94.615,0,11.134,30,7.3666,0.8641,0
53.3617,-1.5367,-0.8827,40.9421,413.3679,102,69.6656,53.5044,116.2922,351.9879,0.6426,4.9164,65.0482,0,9.4848,25,9.7952,1.1814,0
47.6265,1.5848,0.721,-163.1095,373.482,102,69.9703,50.5491,79.4555,446.096,0.6588,9.877,124.9586,0,9.5512,34,3.8622,0.8989,0
54.022,-1.2162,0.3178,-119.5822,837.6016,86,76.0757,27.9603,104.1304,224.4507,0.684,4.3739,127.1367,0,10.5881,28,5.6482,1.1895,0
61.0213,0.1603,-0.653,30.1742,694.8291,96,82.9686,58.5285,68.617,345.9841,0.8121,10.7556,149.7836,1,10.0194,36,3.0763,0.9977,0
45.017,-0.8345,0.8175,54.0382,320.7432,119,78.6014,54.651,69.2248,248.5501,0.7679,2.2925,100.56,0,11.189,26,5.6921,0.9857,0
44.7868,-0.3883,-0.3611,12.4571,367.666,98,86.9792,77.3151,45.1527,416.8441,0.8284,7.0087,125.729,0,3.7,28,2.2813,1.1953,0
45.9022,-0.9804,0.1746,73.7,470.7659,102,84.1437,61.4156,62.4036,296.7334,0.6691,11.0298,142.4985,0,6.8577,30,5.3147,0.8888,0
43.7323,1.6755,0.1758,105.4407,475.8655,102,84.8754,35.3728,46.6421,323.8364,0.9872,2.6181,35.5071,0,5.855,24,2.0562,1.0916,0
61.9888,-0.1401,-0.047,-119.3552,431.1818,102,86.8488,28.0741,112.1444,216.2202,0.8461,11.8261,158.0372,0,4.6354,27,9.8086,0.8551,0
42.3615,0.2256,-0.1515,57.4622,700.5109,87,90.9631,49.8875,59.5611,257.2153,0.6512,9.6779,113.1011,0,9.394,37,2.3733,1.1553,1
44.1238,-1.0723,0.017,22.5354,531.577,105,55.3972,32.634,65.9566,498.4616,0.7481,4.8595,69.7005,0,11.9786,23,5.1727,0.8223,0
53.112,-1.4151,-0.14,-137.669,494.4622,103,79.8765,52.899,42.0759,361.5257,0.9921,5.8804,84.5753,0,7.2751,27,8.0381,1.1155,0
52.3033,-0.4441,0.1245,-97.7024,408.7899,104,88.4271,36.4669,119.2977,318.6838,0.9865,1.0861,76.1707,0,8.0974,36,7.5197,0.906,0
45.9015,0.5215,0.1444,-28.9192,342.2577,80,105.2389,75.5544,81.4296,437.1329,0.628,5.3754,53.0462,0,8.7673,25,8.3984,1.0458,0
66.8362,-0.1215,-0.2621,130.953,406.3206,98,78.9987,61.7141,81.7054,450.8901,0.9324,11.8833,130.8793,0,6.6675,41,6.997,1.1492,0
43.6936,0.9745,0.5506,-101.8707,368.6281,115,58.024,69.8538,43.0969,296.0033,0.8568,11.9168,151.1058,0,8.3813,25,7.938,1.1018,0
48.2891,0.1242,-0.4185,-114.1475,311.0986,87,94.2535,46.7075,91.1326,223.6475,0.674,1.9724,28.6942,0,11.7115,25,6.5523,1.1911,0
30.7325,0.0065,0.1951,79.5426,661.7065,84,67.8248,53.9658,91.2995,284.7682,0.9333,0.1777,144.0323,0,6.7757,26,4.6165,1.1487,0
46.95,0.5351,-0.1697,171.2855,639.5214,88,84.6062,68.3535,111.3758,263.9129,0.8559,1.7067,88.8889,0,6.8777,26,3.9615,0.9726,0
36.7704,0.1003,-0.4345,-18.9616,443.8062,86,85.379,57.3188,55.5304,310.1408,0.6453,6.7557,107.3923,0,6.9669,21,8.1555,0.9561,0
40.8373,0.944,-0.1387,-53.9505,697.6567,81,81.2615,64.1671,108.2794,327.2237,0.9392,10.9325,58.3607,0,7.2527,30,5.1488,1.1121,0
30.4414,0.5552,-0.3304,-88.5814,588.5415,106,58.6641,36.3848,69.9307,552.2552,0.9037,0.2689,87.6772,0,8.3666,27,6.9631,0.9225,0
41.075,0.911,0.3294,-162.0933,337.9305,99,76.3685,67.1558,50.2653,196.1123,0.6029,4.1317,132.4356,1,5.8584,29,4.7469,0.9521,0
49.2494,0.7165,-0.0473,-115.7709,281.3109,86,64.3047,38.3011,89.4664,169.1726,0.7018,11.9331,51.3236,0,8.0254,30,4.5356,1.1456,0
47.5582,1.3603,0.6846,-146.3706,545.902,92,84.5373,91.7203,32.9373,241.1794,0.7078,6.5209,109.5349,0,7.1051,30,5.6725,0.8591,0
45.8523,0.8289,-0.4757,-2.1234,571.4024,93,71.1487,53.8977,107.2226,-3.4823,0.7838,5.9845,121.3639,0,8.6598,40,7.2222,0.8141,0
46.751,1.7476,-1.0984,172.1511,306.0886,99,58.7586,72.0929,35.8844,110.7838,0.6921,0.8249,75.3873,0,9.206,30,5.7048,1.189,0
44.9501,-0.5412,0.1974,103.4649,421.1529,94,87.1162,41.1615,65.8842,167.4197,0.9311,4.3886,56.8804,0,8.2709,22,4.5339,0.8923,0
49.654,0.8348,0.8613,36.6084,627.9713,88,67.3264,45.7119,42.8999,413.3283,0.8807,5.397,84.392,1,9.1059,26,8.7692,0.8645,0
48.8977,-1.3807,0.2444,-4.8102,735.6326,91,81.3465,44.7287,72.3499,164.8291,0.6121,6.0222,142.9828,0,5.9708,33,5.4723,1.0421,1
52.7498,0.9471,-0.4712,42.1855,512.6614,91,72.6307,14.7952,116.171,130.2854,0.8828,10.7721,111.9186,0,7.9541,27,7.4547,1.1652,0
47.9904,0.0564,-0.5115,-44.6304,508.4388,108,88.6791,-2.731,42.8378,215.5892,0.9805,10.8877,125.5164,0,8.2298,32,5.9753,0.9643,0
45.6634,0.9368,1.0129,-115.7813,432.338,90,88.262,44.2358,39.6759,339.9656,0.7976,5.0608,28.6664,0,7.6755,27,7.0682,1.0824,0
57.7822,1.6795,-0.1897,32.3185,723.0843,88,82.3794,12.2325,47.8115,248.7496,0.6728,0.3137,77.4936,0,7.0731,30,6.316,1.0581,0
56.0287,0.8011,-0.5075,10.1172,583.3822,100,78.9257,55.7217,114.4627,265.8402,0.9522,10.412,83.7393,0,7.7207,38,7.0717,0.971,0
49.6757,-0.4127,0.5952,160.0332,373.8373,102,75.5923,46.8188,55.3047,242.5953,0.8638,6.8151,53.9683,0,9.2926,14,6.454,0.8407,0
61.951,-1.088,-0.0736,53.9398,617.3173,88,67.9504,-6.3691,84.6316,167.5917,0.7712,2.073,74.2717,0,6.6606,43,6.9645,1.1787,0
50.8265,0.536,-1.0137,98.435,394.86,109,74.1184,39.3523,55.9732,207.5871,0.7649,7.3506,96.4026,1,8.2412,33,1.8834,1.1992,0
48.3883,-0.2859,1.0414,-146.6274,357.2322,101,84.7839,49.5003,94.7641,218.2387,0.7128,6.9053,65.8914,0,9.564,37,8.1015,1.0251,0
49.3141,0.6636,0.2922,93.9373,432.919,100,99.546,78.2236,86.8045,363.3867,0.6425,4.3036,77.9372,0,9.5634,33,5.9873,0.8538,0
51.6512,-0.5067,-0.7558,173.8256,370.9216,96,85.7092,40.8635,116.366,187.9922,0.9489,0.7225,117.1565,0,6.2073,33,6.5442,1.0909,0
40.828,-0.9295,0.6979,56.6984,364.289,95,87.1501,17.1687,59.5963,402.0249,0.9933,0.303,71.5891,0,8.3867,28,3.3783,0.8316,0
31.2637,-0.2417,-0.5239,87.1501,290.13,91,78.9218,14.6097,58.131,368.3589,0.9784,8.2851,119.3421,0,8.1411,34,7.9372,1.0437,0
52.8147,0.501,-0.554,172.6276,395.1999,99,85.2627,39.5714,100.1254,143.5791,0.6677,1.1642,81.7657,0,8.5103,27,8.3798,1.0019,0
58.3404,0.1222,-0.4459,-39.1411,420.0462,113,58.5215,30.2982,44.2369,338.5921,0.7676,10.9601,66.3281,0,9.4461,38,4.7259,0.8262,0
39.9904,-0.8131,0.9698,116.7043,297.2979,95,72.7811,45.8714,95.5302,305.5527,0.7168,1.763,131.1274,1,6.7038,35,6.3817,0.8672,0
60.7307,1.8005,1.0227,-36.1107,581.0224,118,87.0367,53.4138,99.4898,436.0654,0.7372,6.6034,93.9876,0,9.9799,24,1.7291,0.861,0
33.5354,-0.1387,-0.274,-26.6693,235.0421,114,87.216,60.7343,107.2547,218.2434,0.7292,9.2941,7.525,0,7.0462,40,5.0406,1.0913,0
44.4121,-2.2618,0.8528,56.9671,442.8271,137,74.5665,61.3213,92.0847,365.4137,0.9718,10.2916,27.4427,0,8.4707,38,4.0176,1.1126,0
67.0602,0.9323,-1.1435,-87.6891,599.1814,105,66.9163,37.9982,45.0327,379.6066,0.9788,10.6406,65.6092,0,7.6027,23,9.0358,0.8451,0
53.5594,-0.0111,0.457,177.4015,669.8238,103,79.29,62.5889,60.2357,125.4882,0.6162,6.6609,75.8907,0,10.7479,29,6.2263,0.9463,0
46.9752,-0.1705,0.6821,-61.4766,413.7873,109,75.6555,19.4474,35.0275,430.9198,0.8144,2.8645,97.8951,0,8.2515,24,10.1507,0.8571,0
52.5229,-0.1904,0.7532,-135.774,652.0017,88,89.4061,52.7303,97.7505,226.5506,0.8648,2.4387,93.4784,0,9.4427,38,5.7258,1.1744,0
61.9634,-0.1848,0.0384,-63.8805,444.8803,102,87.033,54.2653,92.203,346.9077,0.6983,5.3766,61.0496,0,6.3899,33,4.5962,0.8291,0
35.5484,1.669,0.283,128.1478,838.2623,85,95.4902,52.5122,76.338,277.9337,0.6245,7.5511,87.4355,0,7.7122,35,5.0278,0.9675,0
63.1786,0.4645,-0.3586,-66.9859,281.0288,118,91.1046,29.2713,118.0813,280.858,0.63,10.34,78.286,0,9.0666,38,2.502,0.9021,0
45.0996,0.2604,0.0126,40.088,348.9528,97,77.259,31.4469,58.7822,219.4502,0.8951,6.0414,72.5862,0,4.817,24,9.1194,1.1822,0
57.0838,-0.2627,-0.0821,156.7153,524.1556,92,83.4864,62.9302,110.14,240.6631,0.7461,8.4133,71.626,0,7.2157,31,4.4677,1.1582,0
43.8578,1.7285,-0.1109,-86.4122,310.7965,112,100.3441,41.6384,46.3581,344.9599,0.8257,8.2807,177.8827,1,6.5965,21,4.2089,0.9492,0
66.8372,0.8429,0.5673,-132.7085,393.7932,103,75.9964,61.7943,115.9558,441.74,0.7267,1.4193,52.6227,0,5.2293,33,1.1097,0.9803,0
49.6884,0.9891,0.1075,-145.1346,567.9354,94,81.7493,37.8221,55.993,178.231,0.926,9.782,58.8162,1,4.0765,18,6.7287,0.842,0
36.7118,0.2782,0.8466,-21.4674,528.6722,125,79.9562,107.0629,102.5621,246.8535,0.6374,5.1621,82.6307,0,8.6216,26,7.9469,0.9653,0
54.7008,0.9999,0.124,-142.4568,494.7402,91,80.166,44.4105,40.1053,326.1446,0.6061,0.6827,132.5308,1,6.465,26,6.5967,1.0279,0
63.0123,0.3932,1.0957,-16.629,496.2993,86,71.259,73.878,66.8259,320.841,0.7765,6.8324,85.8042,1,3.8589,35,5.1297,0.9546,0
61.8826,-0.3713,0.6136,130.5781,130.8141,99,93.0844,97.5306,116.9317,350.0976,0.7614,10.8858,96.2808,0,9.4243,29,6.3828,0.8394,0
50.935,0.3694,-0.0434,99.8942,522.2896,86,70.8282,72.2116,58.0121,416.1392,0.6067,9.1122,150.5662,0,6.7746,29,7.0677,0.8911,0
58.1208,2.0971,0.0873,29.4123,404.5997,104,98.5806,42.9351,100.2487,128.5256,0.9316,1.4408,99.3018,0,6.7727,24,6.0807,0.9131,0
45.7843,0.2038,-0.42,126.1521,444.5444,110,96.3871,48.0499,73.5997,242.8986,0.8153,9.5971,59.013,0,10.4086,25,4.4417,1.1154,0
55.9104,1.2702,0.0801,-143.9028,261.4739,91,82.5089,-16.1477,84.479,404.4365,0.9362,0.5461,129.3293,0,5.8777,31,6.9474,0.8871,0
53.6281,1.1914,-0.4913,39.3904,600.9781,98,80.0564,3.1823,83.8691,282.0998,0.7831,6.9012,90.584,0,8.4603,29,6.2276,1.0834,0
21.0473,0.5629,0.6652,-138.3691,582.7723,84,72.2302,49.6522,81.321,184.9919,0.8478,1.3804,79.7043,0,9.0641,27,4.2116,0.9315,0
39.9939,1.6568,-0.1718,-6.4298,325.2748,118,80.7095,38.3581,73.5036,173.4655,0.6111,7.2274,57.94,0,9.3486,29,9.006,0.8499,0
52.0784,-2.1729,0.1778,-13.1535,526.9107,104,90.8011,27.6398,47.1546,298.7424,0.9135,1.835,91.7146,0,3.8235,26,5.034,1.0073,0
51.6499,-1.8364,-1.1406,-84.5441,746.9652,107,73.1577,50.6817,31.1022,258.6495,0.6251,10.7249,61.692,0,9.79,39,4.1458,1.1374,0
49.7092,1.7278,-0.1336,118.7477,521.0162,87,94.6788,38.2155,90.9627,515.7164,0.7091,7.8248,87.4557,0,7.1242,33,2.6308,0.9276,0
50.8937,-0.6474,-0.1858,-97.838,197.863,97,90.2506,30.5796,93.5376,284.3059,0.7878,5.2736,80.8713,0,7.6957,31,8.7701,1.0418,0
62.0767,0.1118,0.4605,18.6819,414.4286,100,78.9389,70.0831,99.647,223.6259,0.7007,10.887,123.0247,1,9.7299,19,9.4425,1.1384,0
53.5412,1.7506,0.2612,-6.3859,519.0456,95,87.961,24.2136,113.7767,424.8546,0.6236,2.0738,46.7358,0,8.6801,27,5.9392,0.9128,0
26.6737,0.1997,0.5092,-24.6052,817.4176,122,70.8741,63.945,44.6304,292.0884,0.8819,10.538,63.2712,0,5.6454,20,7.1377,0.8422,1
69.4771,1.6896,0.2213,-167.9248,318.6272,116,78.9699,54.7966,110.1434,377.4865,0.758,1.3596,107.8592,0,10.8342,38,6.8354,0.8957,0
30.9345,-0.3882,0.6153,70.8242,477.8906,95,102.1696,77.3196,51.2278,488.2078,0.8959,9.2663,72.5141,0,8.1114,31,3.2705,1.1507,0
59.5814,0.6159,0.2096,-175.4333,339.8893,98,91.9407,40.5168,78.7953,447.786,0.6956,1.7132,64.3614,0,9.1702,27,7.6419,0.9374,0
34.3568,0.0581,-0.6881,115.397,631.8849,112,84.983,23.078,53.3419,337.2701,0.7892,1.8442,91.8481,0,5.721,30,6.7301,0.8766,0
64.2344,1.4906,-0.0452,-84.0979,445.053,101,80.6895,37.3055,42.5001,372.7333,0.7419,10.3394,78.0773,0,7.9038,27,5.2762,1.0083,0
47.22,-0.2616,-0.0194,-136.798,90.2661,94,79.2579,49.1751,34.6279,434.6742,0.7741,5.3732,45.9562,0,7.3211,40,3.4882,1.0541,0
53.8428,-0.9643,-1.6326,-29.8654,441.0112,123,79.7124,69.7543,60.9255,204.364,0.9891,3.0552,21.6965,0,5.993,29,9.2169,0.9914,0
30.1384,-0.4676,-0.5083,21.3698,483.1856,97,72.2627,66.1089,117.4195,169.439,0.7597,7.9037,132.4796,0,5.5744,27,4.6317,0.9356,0
57.2956,-0.4233,1.0209,-68.2694,558.1947,121,86.5207,45.6518,72.5297,501.3774,0.806,10.3395,108.5547,0,8.8294,23,4.7306,1.0034,0
54.163,-0.6472,-0.1373,-136.1575,527.252,100,90.444,48.458,33.3818,174.8681,0.9838,4.9875,136.1644,0,7.7818,29,1.9157,1.1689,0
56.1732,-0.6887,-0.0527,-173.4022,598.5843,90,77.4786,63.9497,90.7189,526.8332,0.6198,3.4305,41.3893,0,8.9841,30,6.9971,1.0658,0
59.4962,1.1217,-1.0892,73.3728,481.4732,98,84.674,71.1056,48.1621,230.5232,0.7275,3.3187,152.9906,1,6.5626,32,6.7197,0.9789,0
51.7851,1.4078,-0.6736,139.1169,512.695,95,72.7235,56.5372,35.2572,209.7073,0.6816,8.1898,85.9475,0,6.8081,30,5.8516,1.1332,0
47.8929,0.3919,0.2422,-143.8124,501.8313,108,79.3326,55.7628,101.3321,379.3667,0.7808,8.4831,34.3252,0,8.2121,24,4.6945,0.806,0
41.8909,-0.6473,-0.2324,-96.9718,437.7291,105,71.5378,54.7606,70.1602,139.4242,0.6475,10.9606,111.801,0,9.3804,33,6.3964,0.8843,0
45.5689,-0.584,-0.5544,-172.7175,585.225,84,77.7304,55.3847,117.9472,557.1654,0.7842,0.2533,68.2281,0,8.1095,29,7.1745,1.0217,0
62.0649,-2.0729,0.6487,138.6238,627.0055,107,81.194,55.4078,94.3284,492.4051,0.7165,1.6453,134.1838,0,7.1076,28,4.4822,1.0692,0
41.6221,0.3797,-0.3506,-19.8941,493.4425,107,86.0444,30.0602,55.9726,453.999,0.9872,7.0749,54.6338,0,10.7006,37,3.768,1.0036,0
31.569,-0.6827,-0.6505,153.0703,426.2488,89,73.8738,17.6363,118.3246,147.4542,0.664,3.5242,119.5217,0,6.4193,32,4.9238,1.0672,0
40.1247,1.4711,0.0202,-11.4842,337.6222,106,84.7617,32.4607,108.3731,429.489,0.7858,5.4002,41.6844,1,5.9678,41,6.2827,1.0514,0
56.0604,-1.3781,-0.4075,130.3859,553.2416,89,70.4366,40.7108,58.445,418.9377,0.8743,11.1254,81.3075,0,9.8888,32,5.4489,1.0325,0
46.9715,-0.5924,-0.4081,162.6323,349.4722,89,83.1712,63.1447,56.1479,316.6222,0.8412,1.1594,113.3861,0,11.7199,26,1.8904,0.8634,0
56.0449,-0.0956,-0.0306,-59.3454,523.9165,92,102.1101,44.5815,75.2185,384.1226,0.7325,7.7794,129.0595,0,9.8218,36,3.059,0.9833,0
29.9954,0.4652,-0.3218,50.656,519.6689,105,76.2861,54.0583,78.7594,361.7467,0.7067,9.6498,20.4325,0,6.8722,27,5.8431,0.9823,0
20.1746,1.8029,-0.8335,59.9112,660.0576,104,66.6625,51.4081,82.078,178.867,0.7641,1.4457,100.9308,0,9.7784,26,6.4793,0.8973,0
52.6411,-1.3704,0.2793,-172.2929,708.0793,116,88.9667,59.9265,49.5776,256.3037,0.628,7.7592,118.2626,1,5.1091,34,4.1797,1.1655,0
60.0469,-0.3019,0.433,-22.2375,44.2827,107,82.8603,41.4372,34.9206,269.8468,0.7366,9.9795,72.5387,0,5.3223,33,2.8783,1.1593,0
32.89,-1.4282,-0.1253,127.918,469.7745,100,84.5837,35.484,78.7369,148.3014,0.839,2.4808,74.3489,1,9.7497,33,4.9647,0.9269,0
55.2604,0.79,0.3101,160.6627,184.8614,100,92.7188,17.0526,84.5747,375.3638,0.9955,1.6188,17.8519,0,7.4796,38,4.2606,0.8929,0
61.9026,-0.6469,-0.1845,143.7195,674.235,108,72.8926,56.6467,116.2145,412.945,0.8529,0.7814,96.4332,0,9.6427,25,7.6421,0.9631,0
49.9562,-0.1033,-0.955,170.2433,496.5218,97,73.188,-9.865,78.9308,345.2917,0.9787,8.7461,84.2511,0,8.9144,32,7.2736,0.8191,0
59.0109,-0.1723,0.4482,55.0951,672.7498,86,85.4458,53.2708,44.0681,487.3653,0.6022,4.9675,69.6624,0,7.8671,27,10.3624,1.1664,0
51.9041,0.1163,-0.0496,-96.1922,538.7241,82,90.3961,67.7741,57.6545,334.8323,0.9093,5.9927,74.3601,0,7.3088,34,3.3108,0.8823,0
47.3707,-0.1563,0.0755,27.1376,297.4551,108,82.3728,47.0107,34.6768,302.084,0.7856,1.1867,61.1715,0,7.5268,26,3.8995,0.8954,0
58.2102,-0.9717,-0.0532,-28.3882,354.8517,102,79.2857,57.3054,31.3852,244.7858,0.8473,1.3902,99.8187,0,8.2664,38,6.4194,0.986,0
69.128,0.0849,-0.0908,-86.8851,479.8572,103,83.2279,41.3841,73.016,327.6295,0.7433,8.088,91.4366,1,5.4574,36,5.3095,1.0377,0
44.4216,-0.7944,0.071,98.203,585.431,90,87.3355,49.8854,89.5793,30.4846,0.7176,4.9488,101.4985,0,9.2663,30,5.7453,0.982,0
49.1227,0.8146,0.0806,46.5115,508.5168,97,65.5201,46.7667,115.6262,476.3403,0.7406,10.0844,92.4566,0,5.0051,35,5.2739,1.0076,0
40.0931,0.0574,0.6318,104.4375,526.6258,87,70.0988,63.8963,87.0187,339.2259,0.8394,9.445,112.1278,0,12.7194,21,5.1425,1.1571,0
51.5521,-1.0397,0.2191,-82.9834,446.3836,98,79.1121,44.3119,46.2958,413.3639,0.847,9.4276,130.8902,1,10.2035,22,5.4198,1.1338,0
48.436,2.4069,0.5883,145.3984,669.4956,98,86.9008,26.2342,111.651,414.6251,0.8208,10.328,59.6292,0,6.5063,35,5.2332,0.8097,0
61.5845,1.6589,0.7535,-94.0631,521.9102,109,101.7153,56.5318,109.1942,373.6443,0.7628,10.1688,60.2828,1,11.0138,33,3.4241,0.9997,0
64.1975,2.4435,-0.8057,36.6921,507.2634,101,78.8663,47.4557,66.685,197.8871,0.9132,6.5167,79.3749,0,6.3227,22,3.6869,1.1019,0
57.8799,-0.3429,0.6383,-159.5179,544.3147,109,82.4525,36.0561,77.0239,-36.0524,0.9187,3.4486,67.8661,0,10.575,32,4.5338,1.086,0
60.4676,-0.8352,0.3265,14.7471,437.7496,93,73.3497,62.9234,74.9428,518.2922,0.8887,6.7551,129.9991,1,8.7028,21,3.6899,0.9491,0
42.9516,0.8065,0.2442,-144.4596,447.4703,109,86.5713,89.9316,69.6309,301.8195,0.669,2.8396,94.4228,0,10.8137,35,7.2654,1.0804,0
40.4507,1.108,0.4948,-60.4026,572.1973,98,69.0205,59.4254,59.6793,266.1968,0.7475,2.3023,67.0683,1,5.4635,28,0.8897,1.0603,0
54.3682,0.1967,-0.1324,129.8481,616.4466,86,79.8859,65.9344,118.8147,273.6233,0.9641,6.0738,92.6845,0,10.1132,21,11.1023,0.91,0
50.2002,-2.1037,0.3013,141.6698,632.12,91,70.4993,53.0336,111.7399,253.8365,0.7867,7.4749,86.3728,0,4.2371,32,4.5646,0.8898,0
69.9919,-0.9811,-0.5289,96.2275,470.7138,87,58.8764,78.5962,60.0084,298.4786,0.8089,5.4118,97.8353,0,7.8177,25,7.1783,0.8342,0
30.7836,0.4225,-0.706,-47.6266,518.4919,115,106.9379,63.0478,85.2807,292.4857,0.9283,9.6759,87.8607,0,3.8216,28,7.3902,0.9808,0
56.1958,-0.6602,0.2658,28.3402,409.0259,98,88.0191,38.8651,37.6887,311.6849,0.9754,7.0102,91.072,1,7.092,24,2.3897,1.0137,0
56.0305,-1.365,-0.0347,-99.3676,617.9913,96,88.0885,61.9289,97.0805,275.7019,0.9745,11.7351,118.2411,0,7.9694,19,7.3303,0.8211,0
42.3804,-0.2577,-0.0015,64.2057,358.2761,100,89.0893,58.6336,105.9334,388.8687,0.702,2.0407,64.9326,0,10.3801,29,9.6239,0.967,0
40.3242,-3.2466,-0.3988,-54.9349,533.3207,121,94.2506,42.0982,72.0137,372.6539,0.6291,3.7466,80.728,1,6.862,33,10.8159,0.842,0
46.6074,-0.6033,0.1956,-100.4405,631.8471,111,81.6239,74.8599,36.8354,246.549,0.8077,0.8481,112.2885,1,10.7309,22,3.5897,0.8355,0
33.5849,-0.426,-0.2132,30.5893,518.8564,98,88.6819,24.7044,82.4112,319.4038,0.8789,5.9908,106.0661,1,10.9881,36,6.6645,0.9208,0
64.5733,0.3104,-0.0233,-139.7512,545.0004,112,74.9949,57.4413,34.9398,183.5745,0.9073,0.5995,54.5878,1,6.3024,32,7.5872,1.0146,0
77.0073,0.5476,-0.2433,67.2116,459.083,105,78.2778,41.3672,103.4349,362.3684,0.8663,7.8142,62.0465,1,11.1335,31,5.2772,1.0512,1
46.5872,0.3777,-0.401,-112.678,221.913,101,64.6496,17.8718,82.6521,468.9634,0.6355,2.9962,49.6077,0,5.8034,17,4.9403,1.0324,0
43.607,0.8972,-0.1035,19.2439,398.9594,95,82.0193,52.343,108.3788,388.3488,0.7338,9.0628,80.4427,0,3.9826,38,7.0637,1.1932,0
36.8914,-0.168,0.5928,-38.6969,506.6534,105,74.7,41.7277,64.1048,291.8432,0.6024,0.4775,115.8762,0,7.7756,30,6.7878,0.8963,0
39.0386,-1.4556,-0.2365,23.8481,396.6414,104,78.6688,38.3206,52.514,203.3602,0.9173,4.0414,106.3206,1,7.5399,32,8.5363,0.9846,0
44.1056,0.0442,-0.0633,-91.4537,572.7816,105,88.2913,28.8053,114.4826,368.468,0.6342,11.1726,85.6153,0,6.7635,42,0.0,1.007,0
62.0877,-0.8755,-0.1326,-68.2598,280.3965,98,83.0206,90.2039,111.0715,240.5672,0.8404,0.8267,40.1602,1,6.396,21,5.2997,0.8887,0
81.9301,-1.3569,-0.3186,-129.4844,209.3761,110,90.3005,0.797,35.9423,302.8662,0.7374,10.5051,123.0488,0,8.9285,33,3.7401,0.9045,0
42.7717,0.579,0.6146,99.7076,604.256,79,74.0922,6.763,107.6958,376.6711,0.7846,3.9673,76.3515,0,4.7093,30,6.9678,1.0667,0
40.9795,-1.4129,-0.6808,-154.7597,453.2538,84,83.8186,60.456,113.5219,219.7148,0.717,0.4553,79.9915,1,8.9277,38,6.2767,1.1508,0
38.3201,0.6802,-0.0427,-44.4836,551.9569,98,73.6049,59.26,70.7877,310.4717,0.8956,10.8039,78.671,1,7.6132,25,7.411,0.971,0
54.5079,-1.2922,-0.4218,-18.3252,421.8449,99,78.2395,22.2114,110.3437,196.2089,0.7325,5.1487,45.2798,1,5.539,23,4.7605,1.0426,0
53.4422,-0.2905,0.2836,-109.7258,584.7111,98,76.9349,38.0375,70.2554,267.6403,0.8862,5.2135,135.0721,1,6.5568,29,5.5053,1.201,0
51.0093,-0.564,0.067,-41.4642,703.6127,97,69.8621,62.5371,35.1499,255.3011,0.7534,8.2665,141.0833,0,5.5348,31,6.4173,1.1181,0
45.557,1.1369,0.5911,-29.4882,714.2546,120,75.8718,44.489,79.1739,422.576,0.7634,5.6226,84.3327,0,9.5365,31,6.5125,0.8502,0
63.592,0.5943,0.3673,-99.2411,402.8058,102,85.7748,65.9231,114.242,321.7036,0.8181,9.3229,42.9465,0,7.1658,38,3.7373,1.2076,0
57.6426,-0.8242,0.0408,50.1321,436.7119,113,70.841,49.0888,78.0693,233.8325,0.774,6.8094,121.5805,0,5.2575,25,5.563,1.0853,0
57.2086,-0.1576,0.3722,-168.8926,525.5211,93,73.3606,39.5575,42.5131,259.0361,0.8364,3.8158,108.5009,1,9.2131,36,3.7901,0.8691,0
53.7024,1.3294,0.4179,-108.8767,780.6375,106,92.4368,20.8449,69.5649,402.7379,0.9671,7.6658,84.7271,0,8.9775,22,6.5438,0.8989,0
48.1061,1.493,-0.4563,44.667,327.076,113,94.1788,48.6919,39.5616,144.0,0.7447,1.0507,168.3406,0,6.775,32,7.5388,1.0765,1
42.8483,-1.3688,0.3866,45.9099,328.1346,91,88.3206,37.1753,82.6757,219.7172,0.884,5.9058,118.2557,0,9.3595,31,5.276,1.1434,0
55.1991,1.3162,0.1486,-84.5055,630.3419,97,97.0801,69.9086,86.2221,196.145,0.9494,4.0888,61.766,0,7.5849,30,7.9946,1.0147,0
54.2316,1.2396,0.2447,65.8977,400.1349,89,93.6466,69.1062,89.7714,317.6337,0.6328,4.8287,39.0579,0,9.6212,29,7.6685,1.035,0
55.6719,0.1786,-0.2038,-10.876,598.8735,82,79.1154,45.0918,34.7602,313.5114,0.8232,8.0929,77.2823,0,5.1439,35,7.5151,0.8841,0
34.3557,-0.0908,-0.4272,9.8088,412.248,92,99.8915,49.2723,106.3339,285.9804,0.6475,1.9441,152.2034,1,9.5083,25,3.9231,1.052,0
53.3928,-0.5504,-0.5171,-60.2603,552.8423,103,95.5952,42.5781,112.5083,293.0143,0.9151,0.4132,79.0001,1,9.1928,28,6.2626,1.0393,0
46.9133,-1.2534,-1.7041,174.338,423.5031,90,79.2755,39.382,55.8097,166.7165,0.7484,10.5019,87.5486,0,11.5746,40,8.0685,0.9816,0
41.214,0.3389,-0.3547,85.4594,349.2971,96,82.5123,28.5903,100.4772,207.4077,0.8046,10.2286,55.1507,0,7.6591,32,6.1788,0.827,0
57.2843,-0.1701,1.2196,-90.5652,521.946,114,73.3816,51.3501,73.5036,359.2477,0.813,11.0286,75.2382,0,7.6616,30,8.9417,1.0716,0
51.7727,0.4349,0.4112,-94.8372,318.12,88,79.0427,44.1981,77.8024,154.7909,0.8334,8.5126,87.0202,0,8.1742,28,6.7671,1.0141,0
73.5412,0.4588,0.1592,98.7025,568.4454,106,64.4561,79.8007,51.8533,274.1698,0.9918,10.6083,95.2778,0,8.7009,31,4.8382,1.0009,0
54.8448,2.5179,0.4805,-40.3161,464.8585,100,74.135,42.9493,110.5264,396.6813,0.8047,3.8769,85.0094,0,7.9547,33,3.8877,1.1936,0
47.0278,1.1967,-0.13,-147.0557,295.8471,97,87.9387,98.1145,116.2518,322.0447,0.9,1.7978,84.2073,0,9.2141,31,10.0991,1.0376,0
48.9171,0.5469,-0.196,-167.184,544.9903,109,69.7571,86.149,88.9175,232.4077,0.9906,8.3386,67.6556,1,6.9328,33,2.1923,1.1802,0
38.281,-2.137,-0.1451,-30.9758,541.8312,99,76.868,35.6064,43.6522,372.522,0.9054,4.23,111.5924,0,9.1205,35,3.0833,1.0818,0
62.3085,0.3923,-0.368,-30.7051,147.1723,94,85.5854,48.4939,78.1053,228.4513,0.9335,3.2777,123.4674,1,9.68,27,8.0474,0.8838,0
53.1499,1.5823,-0.3269,74.4684,492.364,114,77.1043,18.9385,57.2215,306.1087,0.6178,7.1067,131.0289,0,9.9786,31,7.0105,1.0293,0
53.3213,-0.427,-0.0079,26.9178,501.4844,100,91.5149,41.5994,70.5778,222.8879,0.6755,1.7378,57.0059,0,8.5408,31,4.6738,1.1059,0
39.3578,2.1907,0.0322,97.2432,513.9012,89,91.9698,57.4873,90.7087,151.9834,0.8715,7.1133,46.0454,1,8.7124,26,9.7779,1.1059,0
57.79,0.5439,0.6631,-65.6092,227.1852,92,73.8206,54.1112,36.3632,288.5433,0.9607,10.4829,88.6632,0,7.5661,28,5.5845,0.851,0
40.646,0.2946,0.5123,44.7305,553.0557,104,75.6306,33.8402,48.297,421.3534,0.6253,8.2611,117.95,1,7.5938,30,5.4334,0.8468,0
44.4609,-0.9908,-0.7428,138.853,576.9539,107,80.4493,48.4712,97.4888,414.5165,0.9238,6.1233,89.7119,0,10.5926,33,6.669,0.8144,0
51.2544,1.5037,-0.1472,-155.0567,359.3015,108,73.3496,60.0116,33.4352,373.8981,0.6745,5.8389,73.3388,0,6.1887,22,7.1929,1.0667,0
44.1905,-0.8306,-0.5528,75.0425,290.1288,95,96.337,47.4483,84.1679,372.0871,0.7782,3.8208,107.0904,0,6.0415,25,7.1499,0.9643,0
42.0767,-0.5644,-1.3042,77.7179,353.0907,102,75.8761,76.9725,54.0541,376.2935,0.9376,9.1106,166.2341,0,8.84,28,5.9128,1.1256,0
49.4986,-1.8811,0.0436,105.8509,519.3171,109,89.1086,48.2133,111.2237,280.0585,0.6686,11.2194,51.1432,0,4.845,28,7.1709,1.157,0
60.1001,0.8962,0.2886,-83.143,314.3277,102,65.0273,18.2511,104.9791,175.7702,0.8621,5.6927,130.1396,0,8.5091,26,2.4236,1.1153,0
58.9508,0.5877,0.0357,-30.0525,296.9581,100,72.2712,17.9849,112.7402,316.9021,0.9318,10.5989,77.6661,0,7.2333,28,0.7947,1.0077,0
57.0742,0.0102,0.2185,-93.705,814.9206,89,69.1464,42.4869,38.4478,394.1768,0.8507,0.2681,69.5135,1,6.6047,34,6.1467,1.0076,0
54.8624,0.7402,-0.1674,-68.9105,499.2035,86,67.5579,26.2074,119.5245,386.4574,0.6112,2.2763,114.5378,0,10.7158,26,4.2147,0.8623,0
45.2444,0.646,-0.5139,168.6631,453.3214,107,74.8364,17.6163,42.9148,323.6295,0.8621,0.6239,82.3076,0,8.1181,27,5.1347,1.0554,0
61.2087,-0.3655,-0.1835,-19.5646,399.4296,117,83.6749,41.4614,108.3113,334.008,0.6731,6.4184,51.4093,1,4.1001,27,5.406,0.9431,0
32.641,-0.7848,0.6844,125.4789,436.5347,110,95.3344,65.9353,63.8372,160.1804,0.672,3.9591,89.2933,0,5.3502,36,5.9532,0.8366,0
54.3379,-1.7153,0.1873,106.1567,770.2792,81,77.9779,40.7306,115.9592,456.0223,0.7566,10.1079,94.1244,0,9.9867,25,8.9899,1.0728,0
58.4129,-0.1777,-0.7604,-19.9706,622.4388,102,80.8187,56.6086,30.0937,288.6395,0.9091,8.1853,88.8012,1,7.3985,30,3.9886,1.0651,0
49.0971,-1.3081,0.065,177.1845,858.0096,111,83.3928,78.7439,92.0253,89.2481,0.639,7.4301,92.5774,0,11.7105,37,4.8858,0.8186,0
42.7771,0.1627,0.6369,122.681,558.791,79,72.7155,57.6625,119.6093,286.3191,0.7946,1.5052,78.1062,0,5.9424,23,5.0761,1.2003,0
49.6294,-0.1604,0.3807,-6.2298,356.563,117,79.7618,31.3457,92.448,307.988,0.9557,3.3357,117.6652,0,10.1202,26,2.9876,0.8331,0
42.424,-0.402,0.6434,-68.506,540.6753,109,100.8766,49.5063,93.5889,353.6843,0.793,8.7057,97.9948,0,10.0226,25,5.5936,0.8789,0
55.1426,1.0465,-0.7443,-152.894,582.2932,90,83.8816,41.244,90.0524,292.7694,0.7246,2.4218,40.2803,0,4.8656,24,6.6229,1.0897,0
59.4573,-0.9864,0.0629,-12.672,592.0869,93,100.874,60.0575,118.1435,242.2846,0.7114,8.3923,36.8766,0,6.8381,41,7.9124,1.1126,0
54.4669,-1.848,-0.1741,-50.3964,433.6759,101,80.24,53.7302,94.5845,247.0503,0.9953,10.8082,136.8524,0,10.6256,29,1.7325,0.9346,0
53.8714,-0.2254,0.2975,76.0957,770.5814,86,73.7973,44.3451,74.7242,300.1769,0.6431,10.4391,114.9489,0,10.6035,30,1.1051,1.0597,0
57.6032,-0.7399,-0.4246,-172.9158,309.5645,94,90.4351,51.5979,52.2988,281.7294,0.7647,0.3638,97.8843,0,7.785,35,5.7168,0.9397,0
58.7589,0.1216,-0.4333,119.3212,550.9177,101,92.6386,43.5956,99.9297,499.321,0.8998,10.5698,74.9057,0,7.9317,43,4.4756,0.9381,0
42.2173,-0.9136,-0.0015,-30.0139,456.1408,102,75.0348,18.0448,44.4921,267.278,0.7228,3.497,101.6794,0,5.7281,24,7.7054,1.179,0
34.6201,0.4205,-0.4609,-10.8963,383.4575,107,83.6449,11.2165,35.5921,223.1115,0.9377,5.2214,119.8576,0,10.6073,24,5.8129,1.0931,0
52.7789,-0.9729,0.1297,-114.1955,537.0658,86,79.3643,67.4799,98.6807,408.5549,0.8463,6.3675,95.8205,1,9.2306,25,6.5263,1.0135,0
59.2439,-0.9837,-1.0196,157.4936,688.4867,92,66.1928,70.5561,63.1951,300.2015,0.7844,4.9262,109.6263,0,5.121,29,3.1329,0.8966,0
34.191,0.6164,0.5879,-36.5806,560.5969,99,66.7701,53.7369,49.0949,391.0711,0.97,7.5469,147.1431,0,7.8956,34,5.2157,0.9292,0
50.6883,-0.0465,-1.3926,123.3809,540.9639,71,77.9471,68.8555,99.0253,291.2804,0.7499,10.0183,53.1112,0,10.0679,29,7.6722,1.1735,0
61.2834,-1.1871,0.4524,-94.5168,197.0567,98,91.5001,84.3049,108.087,371.6806,0.9863,8.3514,83.0876,0,7.7022,32,6.6622,1.028,0
48.8354,-0.9518,-0.2905,-145.2035,638.1805,102,88.5032,40.9668,39.4943,426.2529,0.6289,2.8661,121.9229,0,9.2004,32,2.0241,1.0248,0
65.2113,-0.3728,-0.7248,48.8739,439.0917,95,70.8371,35.3648,67.3454,442.6746,0.6157,11.0267,62.7987,0,7.2338,31,5.3615,0.9483,0
63.3384,-1.143,0.085,174.3899,580.1264,110,68.7753,64.701,32.1378,376.1476,0.6327,8.3341,84.7059,0,8.0901,41,11.3105,0.8508,1
48.1729,-0.2879,0.4428,52.899,638.0282,103,71.2631,77.9478,104.4889,92.4711,0.634,1.6374,37.0748,0,8.8723,27,8.2417,1.0093,0
46.3226,-0.2527,0.5793,39.1367,528.9319,104,70.4236,36.5445,30.7393,148.6454,0.6928,8.7584,149.8952,0,8.5711,25,3.099,1.1844,0
46.5066,-0.9171,0.5629,-20.7969,199.8252,100,71.1824,79.4926,65.1461,330.1551,0.763,0.409,77.328,0,7.5304,33,4.3785,1.0749,0
51.3485,0.65,-0.4292,-77.8315,712.4785,100,59.7439,42.4381,111.2469,154.1548,0.9246,7.4977,86.6458,0,7.075,42,5.4476,0.9478,0
38.265,-1.0204,0.1024,-24.9,770.7817,89,55.573,54.4946,82.5031,191.5372,0.7562,11.0959,72.3945,1,9.4685,30,5.3296,1.1289,0
36.4163,1.2457,-0.889,-126.3755,621.966,109,54.4016,42.7397,102.2553,389.9147,0.6506,6.8986,94.1138,0,11.2284,25,6.8801,1.1649,0
27.2851,-0.2185,0.0396,-85.7136,391.0299,86,64.4948,54.9961,42.1467,233.6088,0.6124,3.6826,94.2866,0,9.0738,27,6.3112,0.9212,0
49.7885,-0.6597,0.1691,-4.5412,684.4742,113,91.6643,28.9968,40.322,243.1587,0.8231,11.8596,35.2817,0,4.6732,35,6.0745,0.9289,0
70.3888,0.5394,-0.1876,-127.8736,457.6908,111,116.0559,70.5797,61.8953,260.4646,0.6925,9.7025,38.6248,0,5.9492,38,5.8104,1.0707,0
30.0948,0.0344,-0.9178,104.9515,489.9541,88,100.1999,17.2947,90.5803,421.3383,0.7444,2.9746,121.6753,0,6.5929,25,2.6569,1.017,0
48.1584,0.7599,-0.2969,-175.8379,679.6283,112,82.4882,31.3148,44.6991,426.2634,0.6968,0.8668,120.3214,0,3.274,27,7.1842,0.9646,0
47.8579,-2.0011,0.9537,-64.2264,597.1243,97,72.2419,75.9354,35.8992,533.6896,0.7622,11.5931,111.0692,0,10.5169,32,6.4699,0.8867,0
48.4793,0.5169,0.1955,5.9945,147.0583,78,75.6876,95.2609,117.8247,385.6127,0.9892,0.4232,40.3337,0,5.703,24,5.0332,0.9228,0
62.568,-0.5193,-0.2423,154.4212,531.1781,95,81.4048,39.4334,56.1703,457.783,0.9892,8.1177,122.2225,1,8.5971,31,6.1731,0.9167,0
41.116,0.0376,-0.0796,26.4428,677.8016,107,100.6707,80.6797,86.1963,229.5307,0.8852,11.7981,47.7117,0,7.4935,25,1.9894,0.8324,0
30.5375,-0.0882,0.1923,-73.8346,295.4618,102,70.0838,75.8647,89.3592,159.1472,0.6946,2.9369,77.6647,0,7.9557,35,5.71,0.8302,0
44.6572,1.3466,-0.7746,-53.2114,646.6221,103,80.0295,58.1554,33.4779,360.5548,0.9416,11.1115,64.8407,0,7.2084,38,4.0586,1.0184,0
43.3217,-1.8605,-0.7486,-57.9028,249.5364,96,80.9736,40.4012,80.9312,280.7974,0.6043,5.0535,178.5535,0,5.4289,32,7.894,1.0985,0
27.6909,1.6141,-0.3681,-115.067,467.781,104,79.1177,78.0648,48.0273,466.8396,0.8059,2.828,92.4101,0,11.5395,32,6.351,0.8942,0
52.4549,0.7064,-0.2557,-127.8545,581.2147,99,59.9125,46.2354,38.089,261.664,0.9508,0.9837,88.3169,0,5.6262,25,3.4522,1.1243,0
38.1399,0.1521,0.897,-6.9712,462.0327,96,77.2424,59.3011,65.7218,238.7356,0.7675,7.2136,99.6395,0,6.5758,35,7.3036,1.2057,0
49.169,-1.4335,0.0353,-82.706,676.6452,105,66.4763,6.7633,101.3554,270.3985,0.6981,8.3453,109.33,0,10.7615,32,3.9465,1.1264,0
46.3716,-1.6721,-0.2585,-146.9366,287.7967,99,102.8797,41.9424,117.215,295.7765,0.8504,7.7453,63.0074,0,7.6717,27,8.4066,0.9543,0
39.2598,-0.5609,0.0283,-102.0677,622.285,125,85.7098,37.7861,74.5547,303.2507,0.9273,7.2615,129.2097,0,8.4357,34,8.2171,1.1249,0
58.9063,0.6351,-1.0124,7.4614,507.9357,99,91.1645,52.5232,109.8736,315.035,0.8677,7.4541,82.2141,0,9.1898,25,4.3794,0.9866,0
47.1854,-0.006,-0.452,-87.5184,372.1166,96,71.1508,43.7273,115.0668,434.6719,0.7011,6.1553,17.3159,0,10.821,33,7.2125,0.9274,0
50.5427,0.5782,-0.3742,-94.4128,565.8135,106,75.5081,39.8382,69.8644,184.8638,0.6502,2.5687,62.292,0,8.4018,30,4.702,0.9468,0
55.8641,-1.4634,-0.5103,43.4363,489.4499,105,100.4203,49.9218,43.0827,388.5074,0.7095,7.2671,148.8911,0,6.1534,32,5.9195,1.0733,0
52.885,0.0444,0.6172,68.1899,721.9338,104,90.2407,34.5033,57.9094,369.9243,0.6574,10.6516,109.2115,0,4.7606,37,8.4363,0.8219,0
51.45,1.0954,0.33,-93.1515,587.5112,103,84.2156,16.8789,64.8787,331.8767,0.9834,0.2047,78.1122,0,8.7663,33,9.2463,1.1508,0
41.7581,1.4519,-0.6053,-10.0291,561.8976,83,93.4367,41.06,70.9076,344.859,0.7472,11.7892,114.2662,0,9.642,30,5.8568,1.0606,0
38.8775,-1.254,-0.6334,95.244,399.0569,95,99.6118,45.469,88.0201,255.1852,0.987,11.6728,46.8564,0,5.2362,26,0.8968,1.174,0
51.5785,-0.3519,-0.6297,68.3655,521.9851,107,95.1753,65.0123,88.0684,160.7657,0.8306,3.2001,115.6426,0,7.3158,30,7.3279,1.0587,0
40.3808,-0.3408,-0.0934,-155.0553,413.7256,101,90.4952,45.888,78.8929,338.2254,0.8762,5.0897,133.8168,0,7.2058,35,9.9963,1.1149,0
57.9444,-0.6264,0.1001,-50.3745,490.6557,96,91.4582,57.8021,50.5477,252.3861,0.9639,6.781,67.2536,1,5.3427,26,1.9923,1.0704,0
48.7046,0.9078,0.2081,80.3792,686.8026,102,76.7054,35.5293,62.712,358.0751,0.9975,10.1476,109.2291,0,12.9097,26,4.7983,1.0509,0
56.4861,2.8715,-0.5072,-115.4025,457.1371,103,81.9568,49.6443,67.2096,268.0225,0.9796,0.7319,123.9116,0,4.0003,29,3.7781,1.1335,1
40.1423,-1.1137,-0.0892,-109.4662,283.0763,104,86.8067,15.3871,89.7357,385.3924,0.779,2.7211,27.3731,0,8.2968,35,5.4613,0.9263,0
38.588,0.4248,-0.0279,46.8618,574.1793,91,83.1823,37.4381,42.7319,406.0633,0.8771,7.9214,60.4164,0,7.0846,17,9.3908,0.8082,0
66.7887,0.2955,0.5985,-77.8497,618.0271,88,85.0303,-4.441,51.7474,392.3338,0.7554,0.7396,82.6829,0,6.2372,36,6.3075,0.9874,0
48.5053,0.317,0.3871,-63.4498,738.3448,114,78.5883,26.1868,55.5479,425.3006,0.8521,10.712,109.7576,1,8.023,40,3.6493,1.0228,1
59.1322,1.333,-0.7176,8.2136,629.656,113,52.6941,24.5294,76.6532,298.6388,0.8089,10.6359,98.8529,0,10.2099,28,6.4766,1.0198,0
35.8808,0.3733,-0.9419,90.209,459.2489,90,86.7659,62.3059,98.1749,400.1137,0.6074,1.1834,92.1363,0,12.1458,30,3.3171,0.8109,0
47.1697,-2.1363,-0.0555,-0.616,539.1192,93,81.0807,57.0419,105.991,263.0436,0.9464,4.9857,89.5603,0,8.5089,30,4.2113,1.0371,0
63.0236,-1.4368,-0.3186,141.6337,558.3969,109,81.27,71.3646,96.8112,245.5104,0.7426,6.1228,67.7869,0,7.3408,24,4.8461,1.0047,0
34.3538,-1.0669,-0.4805,-141.6093,565.1278,101,102.0106,23.6069,97.3352,308.2987,0.7797,7.7871,41.8419,0,6.7988,25,6.3408,1.0618,0
72.7532,-0.7486,-0.3782,91.4937,128.8875,106,83.5668,66.4317,51.6766,431.2198,0.7379,6.5053,93.1911,0,5.6975,37,9.9001,1.2058,0
52.0254,-0.1396,0.2898,15.7097,413.9778,101,71.9508,38.4618,109.6326,279.7365,0.7933,0.0158,83.2768,0,11.0329,36,3.5231,0.8963,0
41.8107,-0.2147,-0.7518,114.0071,571.5569,107,86.8792,85.8843,34.7308,390.3474,0.7986,1.5532,88.9067,0,9.8218,35,6.7667,0.8173,0
53.5195,-1.8234,0.9242,-66.0948,664.9062,92,80.8556,46.4274,78.6217,199.9107,0.853,9.9897,82.4049,0,7.1948,28,7.4052,1.1989,0
61.0914,-1.6087,-0.3588,-6.4435,404.8597,110,91.1604,82.1076,37.9587,112.5063,0.7503,9.4597,108.2095,0,8.7528,45,7.2108,1.0911,0
41.7444,-2.119,0.3163,116.4952,437.7574,89,74.0328,107.5299,84.0788,251.5988,0.6912,0.2049,51.644,0,6.9263,36,6.7856,0.9073,0
43.1797,-1.554,-0.3345,119.4413,464.2272,103,71.8503,58.4675,34.2561,294.8695,0.7587,0.1781,98.9319,0,10.865,26,7.0127,1.1994,0
52.4913,0.9912,-0.7591,-44.6434,479.7663,105,74.6002,85.6346,87.6811,399.5873,0.7286,10.2138,46.8257,0,9.1399,25,6.562,0.8442,0
54.6302,-0.2705,-0.073,115.9906,628.1672,96,62.7085,43.379,33.0314,276.8943,0.8273,4.3356,97.2746,0,10.0721,22,6.7322,0.9324,0
48.0156,-0.9527,-0.627,65.6634,389.2306,107,75.6234,76.2283,44.8604,461.4847,0.8906,4.8811,99.876,0,8.7149,24,4.8108,0.9677,0
54.0234,-1.9176,0.0735,-32.6054,629.7205,98,95.8966,48.7235,97.8043,350.1521,0.8868,11.3304,54.8973,0,8.0576,33,7.8352,0.9831,0
58.5355,-1.0128,-0.0126,169.094,712.8177,88,72.7321,61.3399,57.2482,276.7229,0.9566,10.7641,121.8689,1,8.7243,22,7.4438,0.9679,0
51.7331,0.6072,-0.3473,-168.878,440.9481,90,66.4311,60.0942,109.5712,323.3035,0.6822,4.687,110.6192,1,8.7717,37,6.2773,0.956,0
43.0852,0.4757,0.0757,-42.2414,435.5171,98,74.7197,46.4646,38.8316,194.5384,0.8013,9.583,75.3699,1,9.0869,39,5.8771,0.9246,0
49.7906,-0.2525,0.5194,-69.497,523.6314,107,82.203,20.3404,77.7495,277.361,0.8497,5.4423,75.3886,0,8.3114,35,3.4524,1.0682,0
67.5624,-0.267,-0.055,156.8738,412.0269,99,72.5398,22.8697,113.3216,282.1535,0.8062,5.1563,86.8223,0,8.4133,29,6.9903,1.1672,0
53.3307,-1.7713,-0.3643,-144.1968,486.8144,90,80.7168,73.2087,67.183,319.3257,0.8563,0.2326,57.1559,1,7.7774,31,8.4576,1.1086,0
62.4024,-0.7761,0.2,46.0888,279.5512,89,82.5136,53.7439,59.5003,270.7575,0.9429,9.5221,75.9931,0,8.0944,33,7.6952,0.8872,0
44.8566,0.5556,0.2208,77.9861,628.3559,111,80.0173,69.4455,116.9383,346.6237,0.6368,9.6923,122.0759,0,7.4892,27,4.9922,0.8165,0
52.6264,-0.6748,-0.1425,-113.6967,749.4533,105,79.1064,39.9741,68.1784,139.2424,0.7491,9.172,126.5876,1,6.9653,30,6.5927,1.0035,0
57.9432,1.6235,0.6867,-126.0189,399.0181,90,97.6368,43.0529,92.8955,410.4704,0.8021,11.5807,136.5625,0,6.459,34,6.0485,1.1161,0
64.9776,1.2056,-0.1498,-162.7807,253.0662,95,81.7664,42.8489,112.7946,297.8064,0.8093,0.574,111.3791,1,8.847,27,9.0381,1.1659,0
62.2759,-0.4538,0.744,-122.8049,638.1325,89,72.091,16.6089,30.9695,376.3665,0.6049,11.6029,91.9956,1,8.2803,31,8.179,0.9475,0
38.8073,-0.2654,-0.3274,110.9574,437.2259,85,87.5462,43.078,81.242,404.1247,0.8308,10.3015,74.8612,0,6.35,30,5.7884,0.9936,0
61.5185,2.2231,0.4252,159.8242,399.8243,104,79.3999,43.7103,94.2102,318.4584,0.8783,1.4111,66.9121,0,10.4195,33,5.5411,0.8235,1
66.86,0.8472,-0.1099,144.512,481.7014,110,80.7145,49.7984,67.7093,386.7128,0.7559,0.5062,84.816,1,7.7508,36,4.4971,0.8817,1
44.2511,0.0703,0.1343,-48.4903,316.873,76,90.1342,44.9752,90.5642,335.9474,0.9653,0.2469,108.3646,0,10.9783,34,8.2104,1.1042,0
41.0553,0.1857,-1.0131,81.3152,572.3006,87,93.4146,77.2465,102.5775,331.772,0.8722,1.4004,89.4473,0,8.8703,25,5.5453,0.9293,0
49.7557,0.1489,1.0844,117.7357,310.3089,95,68.608,38.3797,58.4029,251.1251,0.8521,9.8344,79.4395,0,3.7206,29,7.242,1.0152,0
51.795,-0.017,0.1585,112.4948,322.3442,99,97.3199,66.7433,59.0815,420.8068,0.6821,4.4439,151.9668,0,7.7314,20,6.7665,0.9364,0
46.4993,-1.071,0.5084,-157.4334,320.3295,93,79.3522,56.0133,37.899,310.9294,0.9924,7.458,46.2797,0,5.1011,27,6.461,0.8887,0
38.1327,-0.4023,-0.6888,-102.6611,524.5997,108,79.4215,50.621,115.9519,439.4952,0.786,4.7257,105.465,0,7.0826,20,4.8867,1.1459,0
64.7241,-1.436,0.0858,158.0202,227.9466,94,69.9005,65.0323,32.9641,188.3999,0.614,6.8603,29.523,0,7.5205,23,5.5074,1.0547,0
41.4004,0.7248,-0.0897,86.3662,813.2409,102,87.467,43.2335,72.3652,240.6478,0.6296,3.3381,78.2993,0,10.1375,32,7.2943,0.9761,1
44.9307,-0.1325,-0.5288,120.3669,443.6708,94,65.7828,39.5205,77.9572,189.7604,0.7344,10.7804,61.9621,0,8.8605,31,4.4367,1.1506,0
51.0913,0.7755,0.6426,5.0844,182.5696,92,85.384,42.776,42.6957,408.7413,0.6165,7.4217,85.9873,1,7.7132,32,4.9764,0.8389,0
35.2752,-1.2744,0.0731,-38.4998,340.8894,103,96.5133,54.1264,74.1048,359.7031,0.6674,5.5839,86.3898,0,7.5789,24,4.5383,0.8801,0
34.5111,1.4221,-0.0271,54.4405,589.8177,110,76.8536,13.3127,56.5261,146.2453,0.8711,3.3252,57.8141,0,5.8992,40,5.9484,0.8256,0
45.6831,1.2977,0.3124,-9.7716,702.2517,102,90.8183,46.6532,102.2302,215.6081,0.737,3.5595,65.7013,0,7.7982,25,5.3619,0.9251,1
58.2563,-1.5744,-0.4273,-45.4456,524.4783,102,80.8194,63.8531,104.0818,186.6168,0.7647,8.3519,62.5349,0,8.8322,24,4.2582,1.1253,0
51.88,-0.5059,0.0806,-54.7648,512.8458,89,66.0783,49.5127,68.9503,402.7614,0.9811,4.9201,160.036,0,9.3635,34,7.3006,1.0442,0
29.406,-0.3973,0.0451,-123.1535,270.4736,106,81.1974,52.3594,69.1045,420.7819,0.8582,6.7771,50.7848,0,10.1657,32,4.7873,0.9255,0
63.8948,-1.4379,0.0671,10.5887,723.3286,99,78.1468,59.2179,36.8307,253.1504,0.7167,11.8493,102.738,1,9.5778,33,6.1213,1.1558,1
57.9741,-0.2599,0.5137,7.1448,583.3894,115,88.9646,51.7657,62.143,93.1111,0.7363,3.7922,26.5756,0,7.6799,39,3.6644,0.9449,0
51.9101,0.5581,-0.2122,32.677,548.1623,99,76.3666,17.53,66.5057,101.9162,0.9782,4.9142,83.387,0,5.5974,32,2.7233,0.8863,0
51.6419,-0.4694,-0.265,-138.1595,502.5371,105,84.9891,79.1652,70.1965,431.0622,0.7784,3.8593,127.6024,0,6.6048,29,4.6171,1.1398,0
56.7342,-1.7129,-0.3072,149.3723,579.6544,85,69.4431,102.2774,70.7614,423.5403,0.7749,1.0781,124.4838,0,6.9838,28,2.1125,1.1289,0
73.2632,0.7725,-0.3279,87.1402,379.992,102,84.2946,80.4979,38.2963,455.7831,0.7099,11.2836,88.6471,0,6.6621,26,8.7998,1.0265,0
58.8052,-0.7917,0.5512,-132.8529,640.9011,86,80.2377,45.7235,44.6785,287.5277,0.7283,9.0036,110.3154,0,4.3629,30,8.8025,0.9184,0
52.9617,-0.6863,-0.0353,-151.4362,620.5085,100,78.7249,32.2867,69.0486,94.3351,0.9033,7.3609,88.0766,0,6.6299,22,5.8537,0.9814,0
37.729,1.6813,0.5114,51.4514,485.2783,97,80.3109,80.2769,64.054,349.0719,0.9251,0.2876,89.3868,0,7.1494,28,7.8536,0.9262,0
51.6452,0.3967,0.1355,-57.059,459.1863,91,77.0762,52.8571,42.8169,251.1896,0.6974,9.999,49.6869,0,4.0186,24,2.1147,0.842,0
57.7331,-0.8091,-0.4371,-65.1425,176.2345,97,81.4159,68.597,88.3793,477.1119,0.9755,0.8618,53.6856,0,7.2002,30,6.0203,0.819,0
48.8482,-1.1891,-0.7535,122.3968,240.1689,105,78.0298,30.1599,40.5876,368.5939,0.7272,1.5448,84.0691,0,7.155,35,9.1374,0.8857,0
44.7721,0.9659,-0.726,-55.7484,581.865,114,70.2666,60.2279,30.4663,319.9529,0.884,1.0468,125.3682,0,8.2316,33,7.441,1.0757,0
55.5365,0.897,-0.4454,47.5855,635.7097,108,67.0378,57.7456,85.1348,260.396,0.8475,1.7565,121.4875,0,7.6944,28,6.0127,0.8895,0
40.1194,-0.5067,0.5099,13.3468,660.5075,103,75.0569,77.6979,37.4486,434.2651,0.6119,7.6511,54.7975,0,10.4513,34,4.5265,1.156,0
58.6796,-1.259,0.6504,-85.3317,297.9238,110,76.8288,66.3628,35.4408,228.4185,0.9445,0.975,91.0981,0,10.065,34,7.336,1.0708,0
45.6444,0.3856,0.0465,-60.6096,844.0177,105,49.9535,53.3468,37.7178,161.3491,0.8525,7.6186,138.2103,0,7.5915,31,10.8002,0.8602,0
28.7754,0.5939,0.4635,159.5494,650.0437,84,80.1932,87.8386,114.2712,308.1025,0.8317,9.3194,113.6701,0,8.2636,23,5.5663,1.127,0
45.4525,-0.3727,-0.2775,-60.7058,413.9822,96,102.0299,44.6279,39.4829,408.8649,0.8209,5.4984,93.3596,0,8.3462,24,8.1872,1.0432,0
49.4288,-1.1032,-0.3139,102.2412,524.4985,102,86.8996,80.6793,105.5132,464.158,0.866,7.6614,66.2904,0,5.6917,35,2.1257,1.1362,0
55.5249,0.0248,0.3854,130.0592,245.3931,89,78.2857,61.3062,99.893,142.5008,0.633,4.246,98.9737,0,7.2048,31,6.6198,0.9444,0
54.3705,0.4617,0.0831,-154.4263,407.4646,112,71.847,64.8383,105.7086,427.1675,0.903,8.969,115.939,0,6.1014,28,4.648,1.1265,0
37.0955,-0.4871,0.3667,58.718,580.7394,99,63.0198,109.4697,84.4674,293.7718,0.7222,11.8431,84.9545,0,7.4232,35,10.8734,1.0502,0
51.2209,0.2619,0.0256,89.7338,509.4035,117,88.8859,7.1727,43.96,380.8568,0.7686,4.0835,99.4682,0,8.1673,27,4.0057,1.1674,0
44.6599,0.361,-0.1877,-23.7522,761.4715,81,84.2541,22.214,99.3815,157.2142,0.6165,7.3106,64.0592,0,3.8657,37,7.269,1.1546,0
46.3978,1.1455,-0.1079,24.957,278.083,94,67.6503,73.4919,80.8919,261.5925,0.6551,11.659,106.6904,0,8.9631,25,9.3173,1.1023,0
40.0177,-0.4207,0.1536,-121.7499,482.4301,104,89.6328,68.307,81.1491,364.7829,0.9228,0.3821,86.3382,0,10.2145,30,4.3973,0.8274,0
49.4909,-1.1393,0.1199,-65.341,329.5076,109,88.3958,52.5659,84.7896,300.0605,0.7466,3.3533,68.9419,0,11.7543,32,7.6453,0.9122,0
81.3243,-0.0673,-0.466,74.7601,730.2582,105,73.2868,72.3932,43.3511,287.8887,0.8909,1.9282,120.9167,0,4.9817,26,10.6139,0.9908,0
68.5644,1.6875,-0.0609,36.9256,539.8035,102,77.0809,27.6605,56.2321,266.123,0.7493,7.3025,127.2649,0,4.1307,28,7.6925,0.9045,0
40.0129,-1.7631,-0.7603,-130.9011,501.2665,101,82.4984,89.1077,119.4145,300.5615,0.9473,2.1291,33.5135,0,11.1512,33,8.1894,1.0514,0
50.6594,-2.3131,-0.1746,175.6975,480.0293,93,85.5284,77.7336,108.6127,302.2516,0.7961,3.7655,77.1873,0,7.167,26,7.7053,0.8175,0
46.8601,-0.108,-0.4604,157.6041,368.4374,92,69.0529,83.709,62.3312,186.8779,0.7288,5.2042,71.6018,0,7.4951,26,5.5383,1.0886,0
51.4203,-0.3793,-1.5229,-99.3178,679.767,101,85.6694,18.528,118.7883,244.2961,0.9157,0.6466,83.9622,0,6.2709,25,7.8209,0.8057,0
59.1631,-0.2084,1.105,135.0434,525.5908,93,80.592,71.3434,36.2681,359.4113,0.8275,3.5612,105.7582,0,6.0983,27,10.2973,1.1939,0
48.7068,-0.2456,-0.3861,-83.8191,536.7128,103,91.1085,50.0313,61.3947,286.8226,0.8255,2.7093,42.6796,0,7.9595,20,4.4237,0.9882,0
42.8777,1.0056,-0.4706,22.9461,587.3482,101,87.6267,97.7576,79.9679,349.4205,0.889,5.1575,119.9942,0,12.3849,24,4.9723,1.0171,0
61.5648,-0.0425,0.8115,101.5384,370.7327,101,80.5785,55.2267,85.8875,283.4134,0.9952,11.9763,67.6911,0,7.7714,27,4.4184,0.8142,0
37.6597,0.8196,-0.586,-56.1311,799.2931,103,89.168,32.2434,102.4643,242.8645,0.7486,11.9749,65.2891,1,8.9568,27,4.138,1.147,0
51.893,-2.4775,-0.7257,19.8531,735.4269,101,64.9052,61.6751,96.2997,402.3213,0.8133,2.1988,102.9867,0,5.9129,35,6.1906,1.1293,0
35.139,-0.529,-0.1027,-17.8727,494.6062,97,76.2578,16.1442,91.9223,364.3298,0.7185,8.5942,130.415,0,7.6764,28,8.3934,0.8866,0
39.7393,-0.8153,-0.2475,93.6715,454.837,110,70.2721,71.1518,117.6922,289.1759,0.7552,10.6996,102.1274,0,8.329,31,2.1909,0.8365,0
57.4479,-2.2847,-0.3197,-7.6767,595.9463,102,74.4459,41.4966,83.8529,377.5568,0.6249,6.2429,91.117,0,7.8036,28,5.2489,0.9321,0
43.2061,0.1034,-0.4587,24.088,668.0283,89,74.324,46.4282,30.5902,362.0948,0.7595,8.8778,67.5337,0,7.0145,30,6.7796,0.829,0
31.2344,-0.1003,-0.0943,124.4008,762.5413,108,67.3722,54.9813,85.5077,242.8112,0.678,4.9775,89.2057,0,10.9542,29,11.0544,0.8355,0
42.7731,-0.467,0.8182,71.5124,596.7221,102,89.5278,43.7352,98.3042,316.5449,0.8435,7.1873,74.3681,0,7.4449,33,8.6473,0.8396,0
41.7023,-0.126,-0.8053,9.9012,520.4851,102,87.509,82.5494,112.6288,337.7128,0.6172,5.536,46.9873,0,7.6282,27,6.379,0.9693,0
37.3763,0.1034,0.4203,-13.935,520.5703,78,73.9304,44.3536,65.3104,348.8341,0.6515,3.6268,94.1501,0,8.4882,28,7.8647,1.168,0
55.5009,1.0131,0.7668,-134.3644,217.8969,99,56.8481,60.3471,34.6462,475.966,0.8149,1.7638,119.9626,1,7.1118,29,6.7845,0.8307,0
34.5319,0.6425,-0.3131,-159.7081,435.4555,98,74.9487,61.2017,41.4119,364.4802,0.7638,3.5002,81.4355,0,9.806,31,3.4196,1.1102,0
44.1206,0.3286,0.1882,162.9992,554.1833,109,79.5138,50.8362,111.7145,365.7442,0.7635,10.5705,141.7049,0,4.3937,26,4.5688,0.8072,0
51.3341,2.3072,-0.061,-112.8504,161.3404,93,93.5694,34.2287,115.5509,191.411,0.8166,10.8184,76.9904,0,6.9027,35,1.9288,1.0837,0
46.5721,-0.7081,-0.8596,-80.3262,526.9905,93,74.3609,4.4211,50.9342,565.3789,0.6925,10.3354,62.9783,0,10.215,29,7.2783,1.0022,0
45.9581,-1.3599,0.6095,39.9415,378.1961,117,89.7835,72.1332,90.8045,171.2174,0.6576,3.5058,159.9516,0,8.6449,25,4.0967,0.8829,0
42.7729,1.1742,0.0176,118.0533,736.5528,105,74.9518,29.2669,72.5995,244.7602,0.6345,10.7253,92.5273,0,5.9618,42,4.8484,1.1569,0
37.8121,1.8668,-0.2605,119.9311,457.2978,107,85.6871,90.2018,84.3933,249.0375,0.9518,1.9154,81.7417,0,6.4949,30,4.0153,1.049,0
43.6324,-0.6352,-0.7608,118.6731,460.4557,97,88.0761,37.6225,34.531,268.5295,0.9098,10.2972,92.809,0,8.4328,26,5.9545,1.168,0
56.5756,1.3778,0.2605,172.1117,479.3879,107,85.7848,75.3889,116.7611,212.3011,0.7486,3.2969,93.1329,0,4.2138,32,6.2804,1.0935,0
45.6595,-0.5335,0.0761,-159.9469,499.3024,110,70.4287,52.5993,72.4455,137.9684,0.7102,7.8409,73.5108,0,8.5208,33,5.8754,0.8818,0
51.6692,0.5848,0.3029,-36.0546,618.9246,80,76.3644,81.6598,99.5361,417.9629,0.8076,9.024,91.7094,0,9.2243,28,8.6807,0.9127,0
61.1712,0.6403,0.2776,148.8916,448.3547,107,85.8719,57.5887,76.4912,248.457,0.6339,0.9292,73.7038,1,7.6749,31,4.979,1.0808,0
55.998,-0.6311,-0.4066,-11.7584,503.5148,91,64.1999,59.6081,107.1094,88.0436,0.967,3.4701,51.3988,0,8.8612,19,7.6948,1.0193,0
37.2372,1.8467,-1.71,133.6668,619.8189,107,87.8966,26.8707,86.9573,271.4388,0.8305,7.541,70.9212,1,11.8181,26,11.6282,1.0654,0
54.4796,1.9616,-0.055,-173.6437,501.2795,98,67.8734,65.2033,58.8588,344.4688,0.9725,7.206,61.096,0,7.8415,24,7.4491,1.0773,1
60.4767,-1.0212,-0.0886,1.5724,598.3146,89,66.4817,68.5784,74.8736,140.4379,0.9782,10.6429,85.9303,0,5.747,27,6.628,0.9639,0
44.178,0.2011,0.0819,152.0828,433.1651,113,74.673,53.4843,101.1519,361.859,0.8181,7.7917,70.1349,0,6.2688,32,4.4058,1.188,0
34.1438,0.9145,0.7589,-85.9382,552.651,100,73.1494,72.0003,54.1388,331.5412,0.7991,2.4512,143.1245,0,8.7311,21,5.9032,1.0734,0
45.593,-1.8826,-0.0244,154.677,696.3487,108,81.8182,58.2199,100.8291,212.9628,0.7211,9.3825,96.7416,0,7.3754,29,9.0155,1.0752,0
51.8806,0.0262,0.3463,-176.9482,590.368,108,82.6721,74.2932,93.7851,328.5733,0.9275,11.4989,26.7125,0,7.6411,29,6.5496,0.84,0
55.9241,-1.6532,0.1885,-151.5861,219.3472,84,80.7031,52.3835,30.7477,462.5583,0.9787,7.8068,48.6845,1,11.0328,35,6.7614,0.9653,0
44.7925,0.6675,-0.6924,-8.3431,583.3047,117,70.1699,72.2046,108.0059,305.6188,0.6706,5.5904,90.9239,0,7.2996,23,5.2077,1.1872,0
29.6451,0.086,-0.6451,-141.7033,326.9017,108,92.0891,55.2823,76.876,250.1451,0.9135,9.7054,107.3404,1,6.507,28,7.9486,0.9265,0
37.2359,-0.3738,0.5768,-98.785,361.2533,112,80.6457,91.1507,113.476,217.7102,0.6731,5.4798,100.0957,0,8.7804,39,3.0677,0.8973,0
53.5992,-1.5669,-0.4397,-72.891,573.782,104,89.3057,43.2847,30.9771,481.4432,0.6715,1.8166,104.4294,0,9.7694,29,6.2628,0.9097,0
69.9067,-0.5986,0.1846,-6.6614,354.5654,111,57.0645,48.1373,107.5593,279.1293,0.7051,0.9817,67.242,0,10.3363,24,3.8612,0.8307,0
49.7805,0.5192,-0.512,-39.4151,333.5292,107,85.3512,36.7395,99.3114,276.2125,0.8767,4.7689,150.4396,0,12.2702,28,6.9593,0.9711,0
63.1288,-0.041,0.3732,151.9731,499.4757,109,74.27,42.2509,89.4966,388.0288,0.6281,8.5239,69.588,1,11.4521,19,2.6554,1.0967,0
39.4304,1.1925,0.1237,138.9653,407.9869,111,87.5912,39.6398,83.823,357.1642,0.7279,8.343,115.9523,0,7.4439,25,8.4732,1.0087,0
43.5236,1.1278,-0.1489,89.3055,255.5362,105,97.8619,91.1887,83.9415,162.1658,0.81,6.3816,45.2592,1,8.1903,30,5.3256,1.1258,0
26.5972,1.0853,0.3333,57.351,583.3078,96,68.3181,91.8443,105.5015,320.3763,0.9187,5.2521,45.1689,0,6.8931,35,5.0625,0.8427,0
53.6965,-0.5378,0.1298,-106.4372,647.813,99,88.5825,47.629,119.4542,251.1378,0.7334,7.9365,102.2667,0,5.3312,25,3.7927,1.06,0
41.0638,0.295,-0.3611,36.6575,635.7057,103,74.0117,78.4522,71.5936,417.8406,0.7992,11.5195,111.1334,0,10.8193,31,5.792,1.0448,0
55.991,-0.9652,0.006,-127.0574,365.2527,100,61.2857,46.7801,80.98,184.8834,0.8517,3.4679,63.4159,0,5.4625,27,4.8459,1.0341,0
44.9768,-1.2599,0.3346,-17.0211,561.6352,88,89.2707,58.6683,46.3463,379.389,0.7025,6.7293,122.8169,0,7.9832,33,6.9345,0.9797,0
70.2181,1.1819,0.5538,-13.8514,425.8883,95,98.1942,80.7199,65.2752,103.8759,0.972,10.1401,101.8562,0,8.5307,33,8.3027,1.1889,0
67.932,-1.1865,-0.0644,68.2956,309.8755,110,101.1113,45.3445,45.2362,364.8347,0.7447,3.1162,96.449,0,10.7184,31,7.6204,0.8164,0
26.9663,-1.294,0.8932,120.6456,387.9008,117,83.006,30.0024,30.9392,377.4487,0.899,3.1114,100.9277,0,9.8174,32,1.1132,1.1764,0
55.9121,0.1052,-0.3723,-64.6192,77.0994,87,65.5562,59.4289,95.1194,209.975,0.8669,10.5857,95.1747,0,8.2457,36,7.0045,1.1759,0
42.567,-0.2707,-0.7784,-165.1747,341.4051,100,77.9264,33.8492,57.5291,386.5996,0.8567,11.5405,59.2102,0,6.7113,32,6.7682,1.2067,0
56.4689,-0.1842,-0.7055,-163.0907,279.9939,95,78.9078,50.7231,108.3043,287.4393,0.7634,8.2165,139.0124,0,2.479,24,2.5188,1.1427,0
36.5625,2.3057,-0.005,134.9367,530.4361,100,90.9625,56.5643,74.2159,81.2472,0.9462,7.7344,114.256,1,4.7362,33,7.58,1.1762,0
64.4123,-0.9945,0.006,-4.9227,543.7244,102,79.7554,63.6273,102.3729,329.7645,0.9135,6.3181,86.2957,0,7.5761,20,8.2048,0.853,0
60.3069,0.495,0.0628,-90.7155,246.5413,91,59.2428,63.8658,68.1295,219.5033,0.8256,9.3756,122.0364,1,9.6133,27,3.0271,1.1472,0
35.8625,0.0867,-0.334,-168.3768,624.1969,96,86.3049,56.1466,104.9474,393.0615,0.7252,11.5855,136.9154,0,6.3796,19,3.0815,0.8903,0
48.1869,1.0093,1.1129,10.3552,408.8358,89,80.7188,67.1984,107.0374,431.0448,0.8236,4.5985,118.8895,1,8.2971,42,7.503,1.0098,0
51.624,-0.7858,0.7555,-130.6459,339.5901,85,89.0391,81.2447,72.0153,258.7469,0.6347,3.5057,103.8364,0,7.5368,33,7.5729,1.0585,0
57.1932,-0.2245,-0.5721,-29.8699,231.4515,94,82.4841,67.061,113.9724,191.0892,0.8167,11.6802,69.1275,1,7.1868,28,6.7599,0.967,0
49.8805,0.1141,-0.051,5.788,379.8699,115,86.8896,71.1526,56.5734,297.4208,0.8798,6.0751,70.1516,1,7.9325,23,8.1969,0.9723,0
57.8637,-1.4338,0.0246,-97.4879,479.1169,96,80.1474,32.227,63.651,373.2685,0.9685,2.0902,32.9281,0,8.9653,27,4.1727,0.8622,0
49.2923,-1.8056,0.3428,-108.4187,649.3696,94,82.8361,54.5678,72.8976,239.1253,0.8872,10.5729,97.2578,0,7.2233,38,2.8381,1.0065,0
56.1177,-0.0208,-0.7621,-172.8691,484.206,92,70.7851,58.4139,97.3316,345.782,0.6937,1.2559,88.2227,0,8.4073,22,6.8659,1.0919,0
36.3213,1.3376,-0.8571,30.7875,452.7694,118,83.542,96.5794,65.8822,389.6081,0.6207,6.2173,20.6114,0,8.3725,18,9.3593,0.8289,0
49.7401,-0.3522,-0.6095,-107.8412,587.0741,105,78.1488,6.1918,37.5432,412.4269,0.7142,9.1048,17.8495,0,5.6007,19,4.1603,0.9327,0
61.5012,-0.2151,0.7521,136.1622,521.014,80,84.8994,67.8333,30.21,338.1874,0.7588,10.5509,140.0052,1,10.755,33,2.518,1.1807,0
64.1109,1.1507,-0.3274,37.3596,274.2403,102,68.1761,61.1043,108.5466,127.6453,0.6057,0.9848,38.0388,0,11.0992,26,6.0923,1.0015,0
51.7304,-0.1488,0.4043,20.3092,434.4913,119,93.9917,64.8071,87.5938,270.4358,0.9784,8.1389,104.762,0,4.3007,26,7.9481,1.1261,0
49.0086,0.7769,0.2944,1.6865,413.7489,102,82.4835,22.8344,45.3024,279.0044,0.8341,9.6951,44.5296,0,7.884,33,6.4415,0.8291,1
63.6803,2.6665,-0.0898,-102.4884,477.509,106,87.9313,54.0239,111.1913,308.7964,0.978,7.483,131.1377,0,7.0651,26,7.8894,1.095,0
48.9907,-0.5771,0.4137,168.9878,428.7045,83,80.0475,87.5817,95.0071,42.5201,0.739,3.0727,108.4722,0,8.6698,31,6.9764,1.1784,0
61.4453,-0.1771,-0.6138,168.1361,379.0292,88,86.0324,27.0366,98.8743,220.1626,0.8871,8.1677,105.3803,0,11.9228,38,6.0943,1.0911,0
48.9336,0.3962,-0.2357,-64.3419,719.7316,89,57.5482,64.3894,70.4536,281.7702,0.8567,10.8673,60.5313,0,8.757,31,5.7776,0.8529,0
50.4,1.4916,-1.1084,99.4378,493.2182,121,78.9245,38.3693,97.7733,344.1456,0.6978,11.148,102.0099,0,5.5797,30,4.3908,1.1087,0
38.9528,-0.1151,0.0488,-137.0714,571.5289,87,72.0713,83.6207,84.5358,525.8349,0.7094,8.5405,76.5166,0,4.3227,32,6.6187,0.9648,0
37.5072,0.7293,-0.3962,100.9904,482.3975,101,76.4006,66.8329,96.113,365.9034,0.7616,2.7234,43.8458,0,10.3394,36,5.0802,1.0242,0
59.7813,0.3479,1.095,-76.9205,622.2825,92,90.1067,59.5342,60.4533,200.3109,0.6778,2.6486,79.278,1,8.7127,32,2.4721,1.1131,0
67.2282,-0.0722,0.0293,-75.9116,486.3729,101,64.0036,35.1672,78.1518,216.911,0.7318,4.3701,64.716,0,8.302,32,8.5097,0.8332,0
51.0571,-0.4204,0.4097,2.604,645.8554,76,87.3972,47.1163,33.2004,231.9258,0.8285,2.2705,60.8207,0,8.9012,35,3.9266,1.1196,1
48.3381,-0.6092,0.3264,-38.7616,69.4596,97,84.6133,42.8007,44.6073,260.8508,0.6975,2.8225,96.8728,0,8.7648,32,5.3885,0.9631,0
60.2264,3.0655,-0.0388,-137.5808,514.9534,92,92.8046,32.5226,107.076,322.6061,0.7148,2.6585,45.0836,0,7.673,26,7.7465,1.1539,0
53.3736,-1.541,0.496,33.5078,539.1639,110,59.2634,47.002,89.0446,205.625,0.9584,1.2127,133.6963,0,9.0661,34,4.4629,0.8104,0
26.0168,-1.4463,0.0165,-103.0163,545.6953,118,85.895,11.0362,104.5217,278.1186,0.7887,6.3481,114.7793,0,7.6054,38,6.7249,0.9939,0
59.9367,0.2447,0.2378,-19.9873,337.4281,98,82.5271,64.5076,80.4973,280.057,0.8833,3.3352,81.8492,0,8.0132,43,6.6855,1.1475,0
36.631,0.2033,1.179,-96.8362,391.5985,103,79.4684,41.7142,68.8989,333.8146,0.7078,11.9336,136.2769,0,7.122,33,3.0364,1.1003,0
49.8828,0.4264,0.0961,128.7307,343.5035,93,94.4409,35.9139,103.3617,259.2561,0.8384,5.032,65.4856,0,5.1768,28,1.784,1.1864,0
45.5851,-0.8745,-0.2639,-58.3122,573.0631,111,58.9196,21.3181,34.2442,223.3879,0.8734,7.6301,96.0029,1,9.5718,34,4.0898,1.185,0
43.5934,-1.0265,-0.3539,139.4967,635.6409,95,81.2515,58.379,91.799,229.5906,0.7213,11.3992,100.4186,0,9.1179,45,7.3798,1.1518,0
50.4694,-0.2855,-0.0415,-62.605,253.4191,83,90.2242,88.5884,84.8498,339.2064,0.775,9.5446,52.4627,0,7.1416,30,7.1466,0.9332,0
58.9363,0.9076,0.0586,-115.3811,530.776,95,63.7459,43.9752,33.2082,227.4559,0.9371,9.7627,116.4153,0,7.6708,36,2.2108,0.891,0
50.3132,-1.0177,0.0296,27.5885,370.3081,96,85.9447,77.4973,60.2064,369.9367,0.8815,11.2462,64.0318,0,5.2155,41,9.2087,0.8859,0
64.0989,0.1511,-0.791,19.8496,762.1362,97,83.254,61.5935,76.6595,336.6478,0.9576,10.1605,110.2035,0,7.9006,19,10.9,0.9477,0
65.34,-0.5123,-1.1318,42.8089,584.3926,105,58.7013,46.8325,32.9235,191.0753,0.674,10.7137,92.8482,0,5.0925,35,7.4733,0.8087,0
65.2487,-1.5245,-0.4844,-71.2297,447.208,121,90.9687,88.9396,57.7228,423.8674,0.8693,10.9418,66.6061,0,7.1417,29,7.2582,1.1187,0
49.4415,-1.2814,0.0294,-64.8112,479.7649,91,71.0819,15.4723,31.3368,307.9805,0.6062,5.9268,83.4158,1,6.28,27,1.781,1.0042,0
45.2178,0.9103,0.0316,-94.5252,694.5585,95,95.7847,52.8887,54.465,233.3864,0.6964,1.9209,103.3367,0,7.6145,30,7.8294,1.1828,0
49.663,-0.6038,0.2273,154.2243,508.5791,123,85.7407,42.9388,117.9733,482.9769,0.6234,9.9784,108.9368,0,8.6769,40,7.3305,0.9563,0
61.2532,1.2438,0.1815,65.8641,231.7065,104,82.9976,56.3662,70.8266,298.798,0.9027,10.1053,35.9559,0,9.9635,27,6.8556,1.0626,0
60.6536,-0.0372,-0.2498,92.2521,727.5988,101,90.1272,26.8745,115.4571,335.8158,0.8021,6.9708,103.9453,0,8.8517,28,5.3173,1.0879,0
24.0479,-1.3678,-0.5103,-110.1013,621.9256,109,88.9431,66.1042,102.3753,301.5564,0.8017,9.3576,63.1369,0,5.1695,28,6.2674,0.8956,0
53.0585,0.4772,0.2605,58.1682,419.3958,104,60.4092,17.4533,53.5984,444.1654,0.7625,10.9603,51.2916,0,12.3908,32,5.7473,0.8109,0
26.3199,-0.8013,0.1131,94.5592,590.1071,84,62.9504,62.8808,114.3065,478.0497,0.6229,6.3955,87.2663,0,8.7457,26,7.7486,0.8087,0
49.8093,-0.3768,-0.5466,-56.7158,407.9779,85,78.5657,39.931,57.0082,325.8788,0.9049,6.3437,60.1951,0,10.1052,33,7.9847,0.9749,0
44.71,1.1327,0.3124,-123.2307,403.9999,106,69.2573,59.2387,61.0765,307.1374,0.8868,10.861,87.5789,0,10.7508,28,5.7436,1.0571,0
41.6308,-1.2897,0.4785,70.9215,481.8283,101,96.5965,35.8894,57.3024,393.4609,0.8864,6.5314,65.6427,0,7.9147,28,6.7179,0.8337,0
58.4926,-0.4496,0.3947,40.0117,590.0004,101,70.0923,32.9643,69.8042,251.6754,0.9977,9.8227,97.7103,0,6.69,37,6.672,1.0352,0
43.5271,-1.0835,0.4822,27.2226,570.5683,124,80.9206,81.7653,36.6282,324.7215,0.9353,9.9706,113.7856,0,9.3204,22,5.9844,0.9646,0
49.905,-1.1903,-0.3753,-114.276,640.7507,99,85.8306,84.0464,103.4697,234.8252,0.7068,3.8264,123.1448,0,9.9336,29,4.7194,0.9221,0
40.6763,-0.4732,0.4259,-85.5028,571.2225,67,104.442,27.1111,37.3732,489.2506,0.6583,11.9703,66.3634,1,9.135,27,6.8326,1.0229,0
50.7372,-0.8576,-0.0789,44.9584,718.0001,102,91.4932,53.181,73.0722,408.5991,0.7799,10.0772,78.4864,0,10.3015,27,7.1108,0.8208,1
59.5973,-0.2739,1.0224,40.891,758.6578,93,73.3883,65.475,36.2531,478.2738,0.9331,8.8065,57.9474,0,10.1409,32,5.9344,1.0297,0
41.2212,0.6388,0.4471,19.7002,545.3238,116,85.2474,48.6794,88.9303,250.9211,0.6633,4.6333,71.3018,0,10.0123,31,6.5806,0.9007,0
56.3994,-0.7509,0.2147,96.5302,449.5407,105,86.9833,49.3555,70.5187,390.8388,0.9104,1.9988,66.3051,0,9.4609,36,5.2499,0.9097,0
50.5649,-1.4682,0.8581,113.2766,473.0818,92,86.2196,64.4559,30.102,342.3341,0.9758,4.0903,101.304,0,4.9429,30,5.7603,1.1613,0
50.4732,0.6415,-0.2531,-80.4549,211.1804,103,70.1949,60.9327,68.8102,330.5643,0.6555,1.0741,84.8848,0,9.1754,24,5.9553,1.0223,0
46.4959,-0.7576,0.2753,-123.2613,503.0959,128,100.318,41.0201,62.7327,465.5539,0.8732,10.395,88.6548,0,7.7898,24,3.7985,1.0345,0
57.7341,1.8278,1.1178,-107.5796,407.4599,107,67.7587,60.533,112.2719,208.7618,0.686,9.1793,116.0783,0,3.3278,34,4.9123,0.9934,0
56.7092,-0.409,0.4066,-78.7288,394.2605,85,86.8021,44.7241,83.9082,239.4492,0.9983,2.8804,115.7926,0,8.2701,31,9.2611,1.0594,0
48.6657,-0.136,0.0757,161.1895,494.3179,99,71.1778,42.898,104.4467,246.6086,0.9565,2.435,73.6697,0,7.917,29,8.0375,1.0404,0
52.0268,-2.3041,-0.1349,-130.6216,185.1583,97,83.9076,35.2686,43.0184,155.6391,0.7486,2.9954,0.0,0,6.2925,30,6.1131,1.1863,0
57.4298,-1.1617,-0.4841,136.3541,473.1679,113,78.0408,35.3286,41.3727,100.777,0.6175,5.0084,118.4038,1,6.6739,22,5.9829,1.1791,0
55.4152,-2.2791,-0.1448,-106.7841,530.6052,106,66.9749,55.1755,46.461,283.0226,0.6181,5.8648,115.822,1,5.9548,34,3.9602,0.8695,0
46.9336,0.2941,-0.4094,-54.5595,269.6701,120,55.2516,19.3969,114.9291,374.4407,0.797,0.9965,68.158,0,7.6679,35,3.9265,1.0607,0
61.6571,-0.0818,-0.1151,-134.6858,703.1561,90,88.8564,18.8347,38.9478,277.7205,0.983,0.917,98.4201,1,4.1942,25,0.0,0.819,0
58.6414,0.6301,-0.0551,-142.7903,566.4311,89,74.4067,46.6406,73.5113,218.243,0.9385,4.1899,139.5999,0,6.2508,22,3.6024,0.9394,0
71.1124,0.8074,0.4944,-145.7485,693.6048,99,81.3915,50.0759,36.8652,421.4159,0.7915,7.5676,140.6204,0,10.3735,32,8.0651,0.8641,0
34.3043,0.9615,-0.2043,-56.6068,565.1314,98,98.002,29.0109,98.2887,186.5295,0.6866,8.2019,55.9596,0,9.1048,21,2.0538,1.1243,0
57.0199,-0.225,-0.2983,8.5292,554.1265,114,86.2378,85.0261,64.6356,115.1396,0.6265,8.142,78.8778,0,5.8215,34,4.8788,0.893,0
61.5209,0.0854,0.4436,-107.7093,728.314,111,51.019,35.0863,85.0587,147.6418,0.754,6.261,37.6987,0,8.2878,22,5.744,1.0395,1
60.0517,0.5789,0.3483,155.7627,697.3183,95,67.7529,36.9061,36.4483,456.3343,0.9266,11.4892,75.7029,0,7.0361,26,6.5774,0.8469,0
47.4729,-0.7947,-0.1217,31.1108,791.2435,97,61.5875,35.243,68.8347,279.6881,0.794,9.084,71.1636,0,9.1845,25,4.5239,0.8482,1
36.3684,-0.938,0.3005,138.6233,481.3936,81,71.6632,68.9929,42.0407,427.2129,0.7896,5.8444,13.0053,0,10.3912,32,4.854,0.81,0
65.3965,1.5401,-0.131,-126.4252,380.802,71,77.2907,83.9205,59.2047,421.9981,0.7904,5.5893,121.3605,1,11.4767,29,2.886,0.8348,0
45.1826,-1.8062,-0.1066,-128.342,326.3436,107,105.5486,30.6806,46.9978,106.7464,0.6845,6.482,132.7252,0,7.137,38,4.7582,1.2056,0
47.0456,0.5,0.7769,124.831,353.3931,101,90.0651,66.8097,73.3556,306.1964,0.9246,4.1025,127.2377,0,8.0936,30,3.3659,1.1139,0
70.6655,0.3412,-0.0689,24.4733,601.7558,93,83.5643,55.3217,110.4209,377.2739,0.9013,10.7847,118.9327,0,7.3362,34,5.6415,0.8739,0
37.2689,-1.1233,-0.2029,157.8912,908.9541,95,84.4384,34.7527,65.7576,192.4796,0.7196,6.2148,38.5803,0,8.6713,28,6.1249,1.188,1
58.1889,-0.6678,0.0089,-127.1171,726.2892,105,84.7509,55.2681,111.3267,171.1461,0.6735,7.7561,146.4576,0,8.0431,24,6.4672,1.1079,0
42.4621,-0.3568,-0.9827,-170.6335,473.0565,79,62.4768,23.6166,99.7451,350.33,0.9155,2.6145,91.4339,1,6.4851,25,8.5975,0.8169,0
42.2427,0.2167,-0.084,149.9618,614.9552,105,65.9062,44.9958,97.2225,180.3986,0.9909,3.2008,103.3592,0,10.7749,36,8.4713,1.0381,0
51.6765,0.3517,0.1274,71.5814,416.9902,111,84.5532,29.9724,100.298,328.7199,0.6555,11.177,121.6913,0,6.196,21,7.7477,0.8093,0
56.7637,-0.0309,0.9907,110.5805,426.3202,103,80.0495,43.2781,93.961,375.3113,0.6637,0.6378,105.0761,0,7.8548,24,4.647,1.1268,0
59.502,0.1884,0.0462,-73.435,344.8361,106,83.0225,51.3766,48.2948,388.8459,0.8361,4.0925,139.5371,0,9.0086,31,4.3115,0.9135,0
60.8147,0.6595,0.219,-178.8961,354.8262,126,96.0529,79.8966,105.4518,380.7047,0.7931,5.9484,67.9408,0,6.5098,21,4.5505,1.0715,0
42.9341,0.6133,0.1732,-6.1633,583.3104,107,73.0799,51.0638,63.8343,428.1765,0.6608,4.0035,133.2995,0,6.304,27,11.264,0.816,0
38.5647,1.5343,1.1343,176.4034,722.4021,84,76.3042,30.0887,54.2299,199.2864,0.84,4.4097,45.7226,0,10.1868,45,6.3281,0.9325,1
46.5736,1.0431,0.5014,146.7135,656.1651,101,82.4679,50.3299,104.9773,468.8324,0.6092,11.9792,102.446,0,9.8997,35,7.8423,0.8658,0
53.4748,0.0178,-0.7255,-154.0718,718.6477,97,62.9789,8.5233,85.5517,248.7156,0.7973,6.9798,73.9178,0,11.8436,36,6.9509,0.9335,1
47.9436,0.6407,0.6146,-112.3979,617.5706,99,65.2694,67.1013,52.7745,191.9691,0.6464,6.225,96.7273,1,9.5326,30,5.3226,1.1332,0
13.6846,0.4238,-0.4725,-67.958,494.8514,78,93.6308,33.7818,109.8925,407.4776,0.752,5.0759,127.7987,0,6.0734,46,8.1568,1.1739,0
31.7282,0.1644,-0.3268,118.9442,421.1707,90,77.0581,87.9989,78.4956,362.0905,0.9932,9.3262,121.3094,0,5.0872,31,3.9197,1.1836,0
47.5953,-0.8686,-0.6499,116.8972,586.5281,94,75.0972,68.2821,32.1528,129.5789,0.7473,8.6721,90.3077,0,4.8487,26,4.3712,1.1253,0
58.552,0.1623,0.9112,-113.3984,248.0556,105,82.4125,52.1591,77.4128,387.3885,0.7397,7.7311,53.4274,0,5.3423,45,4.3036,0.9847,0
40.9535,-2.0652,0.5932,11.9088,409.3225,75,63.3055,44.0483,115.9565,328.3986,0.7737,2.0976,53.366,1,9.399,29,7.9438,0.9476,0
57.3307,1.0723,0.6153,0.6462,381.8557,113,76.9322,41.4019,44.5804,303.3202,0.8209,1.4255,126.4082,0,9.2186,34,8.3882,1.0428,0
35.039,0.3503,0.5179,-30.859,686.6126,96,74.254,42.7199,57.0882,252.473,0.604,5.8952,93.4791,1,6.6973,23,5.6148,0.828,0
52.5557,-0.1592,0.3454,12.9314,293.3625,90,83.674,49.8606,50.5639,430.926,0.9265,9.5908,70.0995,0,8.5827,42,3.8824,1.1664,0
52.6285,-0.4207,-0.1598,-74.596,639.4394,92,58.8954,41.9097,49.8281,458.3189,0.7189,0.8384,61.7732,1,9.8081,31,2.2898,1.0083,0
54.6874,0.6545,0.103,11.3577,558.1129,95,71.9883,61.1166,36.9533,364.8069,0.9388,10.7709,107.242,0,10.6928,38,4.1136,1.1972,0
39.9172,1.8375,-0.2582,66.8189,559.9462,95,75.3947,79.3843,71.9795,175.2019,0.6562,10.1967,143.6512,1,10.2867,28,4.0615,0.8738,0
34.5237,0.3751,-0.4257,-157.4988,429.8704,98,75.1517,52.0626,103.6595,177.6913,0.7723,2.4716,82.7842,0,7.0949,36,5.5944,1.035,0
57.2605,1.9022,-0.3202,168.2301,280.5145,111,90.5158,72.1126,51.6054,217.3974,0.9952,4.9392,119.586,0,9.156,42,7.8742,1.1913,0
34.7384,0.7844,1.1771,-120.4907,575.0409,89,72.1279,23.5317,94.0029,396.3016,0.6771,0.7417,56.4497,0,7.6886,37,5.5951,0.9247,0
42.2909,-0.8054,-0.1912,-50.2925,632.8822,78,110.7566,57.1306,81.5748,267.6453,0.8048,0.5541,113.0371,1,7.5275,35,3.4751,1.0717,0
63.9168,0.4877,0.5004,-10.5741,574.5727,105,87.4694,51.7144,49.1041,362.0895,0.7287,4.9963,136.0228,0,9.0021,37,3.4832,1.0093,0
51.6989,0.3901,1.0386,-165.2456,478.3953,85,75.1346,22.104,81.2677,240.5513,0.859,3.9219,67.9529,0,8.2299,30,6.7471,1.1821,0
53.6875,-0.806,0.3904,17.4103,329.3119,103,86.0451,44.8943,77.0313,440.0916,0.6288,9.6701,114.5215,0,5.5586,39,6.6406,1.0642,0
56.2474,-0.4077,-0.394,133.1906,406.5393,95,87.2655,67.1134,50.3242,184.6186,0.9221,3.2715,96.5167,0,4.811,31,7.7289,1.1108,0
55.8912,-0.4276,-0.3683,144.3665,567.5363,99,76.8969,-3.8121,31.524,277.8367,0.855,9.373,88.5018,0,7.9217,31,5.2665,0.9755,0
49.7872,0.1002,0.0594,-62.571,381.4855,99,91.5178,46.0033,66.6202,276.3276,0.9474,3.6633,46.2262,0,13.7152,31,5.238,0.9592,0
40.9858,-0.28,1.1284,21.1668,355.7007,92,70.2427,40.9415,59.085,368.5534,0.9042,6.6353,53.9128,1,7.5038,32,8.0383,0.8751,0
76.8406,0.2687,0.7118,99.6471,283.0086,86,85.8629,55.3836,55.4544,336.0405,0.6547,10.2508,101.8638,0,5.8207,28,9.8067,0.9129,0
47.0737,0.4307,0.2683,-88.9755,580.2852,96,78.9509,68.1239,92.8781,448.1742,0.9474,1.9656,85.5838,0,7.6962,33,7.9576,0.9479,0
53.3105,1.2677,-0.1021,10.2501,577.1303,92,82.8951,63.9792,93.851,429.7164,0.7565,4.1923,99.5958,0,8.5437,34,6.1444,0.9176,0
54.4014,0.5491,0.1897,-47.9802,673.1231,101,82.2876,69.4346,113.4027,230.0041,0.7962,8.6995,131.6893,0,7.0837,28,2.8179,1.0406,0
44.6705,-0.7019,0.0946,-43.857,178.3864,91,80.1809,73.6171,32.47,304.3707,0.6242,2.5153,46.9416,0,10.0335,24,6.8314,0.9043,0
45.7431,2.1111,0.0915,-146.1105,675.7792,93,99.7657,42.7323,111.9317,299.2327,0.6907,0.8376,131.6199,0,9.2623,28,6.4248,0.864,0
64.8823,-0.6955,-0.4377,-33.5197,667.0214,102,74.1495,1.4513,90.6835,245.9227,0.7163,11.7482,56.7679,0,10.0566,26,3.7811,1.1293,0
42.6102,-0.3876,-0.4471,-122.0835,681.2976,98,72.1036,63.4482,89.3544,145.9278,0.9221,4.1544,83.8961,1,5.752,49,5.1487,0.9823,0
54.1243,0.5975,0.1644,-71.5428,517.9425,112,79.1152,29.84,119.285,298.0027,0.79,10.5433,73.5187,1,9.2429,41,7.8649,1.0393,0
58.9585,2.8953,-0.5798,-61.0988,533.2686,103,93.0323,55.6469,36.9991,387.366,0.7456,2.6468,61.6663,0,8.3981,31,3.9443,1.0436,0
47.8586,0.4016,-0.3126,-24.984,532.5665,91,80.3816,21.6574,102.2892,319.2865,0.9794,6.3601,150.0807,1,7.3176,32,6.5428,1.1567,0
49.0612,-0.6416,0.0148,150.0889,363.0494,95,79.2849,35.1771,83.4015,333.7856,0.6949,10.4156,95.6757,0,8.2931,24,2.8251,1.0366,0
59.5691,-1.6393,0.1654,47.159,369.4226,88,74.4432,61.6006,44.5543,443.4301,0.7927,0.7439,134.592,1,8.918,36,5.0048,0.9142,0
48.6265,-1.7058,0.5579,170.8063,533.862,108,75.1355,41.1197,99.3719,212.6831,0.7035,9.0462,57.8452,1,8.56,28,6.7221,1.2055,0
29.2279,0.011,-0.6265,32.6345,462.6337,92,90.6962,16.6094,62.2783,220.5053,0.6937,1.5917,87.3456,0,11.4943,28,8.4992,0.8528,0
65.0388,0.5447,-0.625,109.9764,607.4163,100,79.377,22.9099,52.7413,257.1163,0.9545,2.7377,52.5613,0,5.05,31,2.2488,1.1538,0
40.2452,-1.4198,0.6532,120.2945,446.5215,98,82.5461,72.5512,81.9564,407.8226,0.8251,4.2637,43.2181,0,8.8915,32,3.8756,1.09,0
52.1548,0.222,0.8382,86.0414,279.6961,99,73.0196,42.9374,72.9292,389.5829,0.6,3.5495,102.0225,0,7.3026,24,3.7095,0.8544,0
36.8222,-1.3136,-0.522,61.1694,286.6994,102,87.7687,43.3935,44.1382,326.4746,0.659,4.4815,92.8453,0,11.5846,30,4.0814,0.9423,0
44.8912,-0.9244,-0.4226,-29.5506,385.8097,102,92.2316,37.7815,95.7952,442.9251,0.9522,8.3437,114.5001,0,7.8402,42,4.1637,1.1943,0
45.6351,0.6317,0.2728,24.2194,608.9194,98,70.7242,19.6098,58.0721,207.3171,0.6249,2.9257,164.282,0,10.3196,33,5.6564,1.0931,0
51.7417,-0.7476,0.0244,-110.262,422.1106,103,70.9773,44.645,74.2809,257.7424,0.9574,7.3582,52.8623,0,5.8599,36,4.875,1.136,0
41.2287,1.3101,0.0283,42.5688,544.7709,104,71.556,74.7398,55.9886,336.331,0.6822,7.1394,76.2713,0,9.0962,43,5.7792,0.8973,0
69.8283,-0.5844,-0.3903,5.1467,249.1587,103,90.3568,34.4376,69.625,279.5978,0.9926,2.908,107.1817,0,7.3954,38,4.4789,0.8521,0
50.2453,1.1094,0.3598,109.5571,524.3059,83,70.3902,12.233,52.4674,384.7496,0.8494,0.9565,65.8681,0,9.8345,31,9.571,1.193,0
58.8104,2.2652,-0.1186,144.9157,505.6674,111,76.5593,65.4862,73.2745,472.8254,0.9924,3.0112,98.8058,1,7.9146,34,8.2197,1.0156,0
49.9115,-0.7457,-0.135,-132.194,678.5305,95,70.1553,51.6834,44.4597,290.8011,0.8065,7.7986,75.2615,0,8.6014,40,5.9971,0.8563,0
59.9727,2.466,-0.5656,68.7268,523.1366,88,96.9175,53.7984,55.4498,340.9874,0.9133,3.0543,77.7047,1,10.2273,29,4.4611,1.0412,0
28.9935,0.0135,0.3957,162.0167,614.4301,89,74.6834,57.5704,49.1921,392.7844,0.7096,2.5547,56.2971,0,5.9208,36,4.7776,1.1111,0
42.9525,-0.6326,-0.1807,150.4371,791.8614,109,96.6324,15.1089,62.479,376.4948,0.6624,11.2426,101.0925,0,7.5397,37,5.4753,0.8876,0
44.782,-0.296,-0.0226,120.3935,505.985,89,79.7347,47.7327,104.7207,477.0506,0.6419,11.5029,98.6992,1,7.4582,31,6.864,0.8404,0
44.7011,-0.4034,0.5949,-162.5972,730.0698,89,75.0651,54.8465,74.5844,341.6675,0.7328,4.7934,82.5613,0,9.3941,28,4.7612,1.1311,0
55.1868,1.4018,-0.5234,-89.1057,518.5943,108,87.9888,49.1408,68.1595,305.3545,0.7543,9.3267,109.2172,0,11.8522,17,6.0066,1.0612,0
55.8716,1.3178,-0.0433,-126.6162,419.8596,115,79.6074,48.9964,81.5149,202.9078,0.728,0.861,75.6212,0,7.9265,34,7.0785,0.8256,0
49.2595,1.306,-0.7791,153.6964,483.7026,105,94.1008,73.1416,100.6142,335.0476,0.9844,10.8561,164.3414,1,10.4264,28,8.4536,0.8903,0
49.507,-1.2994,-0.2618,89.6003,423.9987,110,77.8348,58.7984,56.7293,208.197,0.6557,4.1504,120.1637,0,8.7947,25,6.1011,1.0372,0
74.4051,0.1893,0.6441,11.4425,429.413,103,75.4827,62.5682,102.6231,204.1552,0.6806,9.1918,116.4811,1,6.0005,38,8.2847,1.1945,0
53.2459,-1.5497,-0.7707,172.5841,413.9781,93,75.4426,46.8618,52.4633,341.3886,0.6816,7.8696,43.5522,0,8.5582,20,5.485,0.8847,0
27.7479,1.0111,0.1178,-109.9012,454.4973,108,92.428,-1.1847,106.3144,266.9242,0.8928,4.8359,87.7454,0,9.2754,29,3.055,0.8867,0
57.7011,-0.4837,0.8018,50.9659,606.6121,110,82.5085,43.4892,105.0176,57.9702,0.8669,0.9202,69.0051,0,7.025,29,4.9137,1.0172,0
55.5947,0.5031,0.2744,39.3772,244.8095,99,72.6252,49.511,83.1778,532.1485,0.6709,7.3865,77.1573,1,10.3931,25,5.3914,1.1679,0
61.5934,-0.5019,-0.2919,-57.4365,543.0698,86,65.6449,46.1223,62.0975,154.6719,0.6104,0.8636,98.114,0,8.6535,23,7.7967,1.206,0
55.984,-1.7559,-0.5559,-5.2631,518.034,96,82.1125,48.4981,67.2831,274.5402,0.6158,11.5123,82.4815,1,5.6662,27,5.1949,0.8161,0
40.9525,0.8852,-0.9648,-95.261,707.6623,94,70.6185,54.271,103.1723,181.2556,0.6973,5.146,83.4277,0,7.3276,27,5.0803,1.0708,0
58.9,0.9624,0.7812,63.7613,445.1495,107,62.32,68.9955,37.4131,274.4742,0.9023,3.4923,126.0638,0,8.1357,33,5.12,0.8615,0
50.9931,0.1394,-0.2104,-29.4333,669.7552,102,90.8871,32.8514,100.8117,256.0154,0.9587,2.4995,67.4033,0,10.9215,29,9.1808,0.923,0
60.4616,-2.1114,-0.901,-171.522,371.0151,90,67.6757,45.8911,41.9948,232.7043,0.9611,0.893,89.815,0,7.6056,28,6.7894,0.8102,0
65.479,0.7504,-0.5106,162.2827,431.7505,101,62.13,80.742,103.3959,290.3438,0.7729,8.4982,66.5231,1,12.2183,16,6.2718,0.9705,0
48.7813,-0.7376,-0.539,0.5109,562.4985,102,78.6251,17.5769,111.1214,193.7693,0.9287,11.8872,66.7878,0,12.1305,31,4.3689,1.0444,0
58.758,0.5166,-0.2476,74.0282,591.1652,97,77.0025,44.4569,76.2107,353.6764,0.8874,5.509,83.2029,0,8.8593,32,5.6546,0.8086,0
60.3365,-0.4906,1.1942,-109.1052,460.2252,75,71.267,6.3561,97.7603,343.508,0.6288,8.4557,125.6945,0,11.4132,30,1.7495,0.9849,0
51.5875,-0.388,0.4615,-134.1973,533.4263,98,82.1897,44.838,48.2201,306.5844,0.9686,5.8134,52.3068,0,6.9428,36,7.453,0.9333,0
69.5809,0.4976,0.2422,144.8719,475.3477,104,77.0337,52.0354,99.4521,354.0861,0.817,4.8561,84.43,0,8.3374,32,4.2914,0.8073,0
60.4554,-0.8209,0.5987,32.7357,618.7069,99,101.9918,13.6602,93.2587,403.3957,0.7851,4.352,88.5496,0,5.4681,30,1.8418,1.0021,0
44.1461,-0.1667,0.9169,-2.3937,478.0112,101,78.0714,54.1952,40.3272,159.372,0.8346,10.7394,41.9202,0,9.2376,24,4.9856,1.1292,0
52.6008,0.5096,0.2641,7.614,466.5585,98,67.2746,36.4402,75.3635,460.8115,0.6709,9.1243,67.3902,0,7.3857,37,9.5254,1.1801,0
58.6017,2.1664,0.7206,-94.9671,648.6914,115,83.002,71.5963,98.9524,467.2314,0.6639,10.3057,112.6832,0,10.8461,26,7.1182,1.1027,0
69.2009,-0.0745,-0.3204,148.5671,531.5383,81,83.8306,59.5036,38.3271,385.8729,0.7743,1.1582,102.125,0,9.2625,42,6.382,1.1145,0
56.2086,0.8395,-0.4314,-102.8735,600.2491,103,76.6499,39.1575,89.2967,267.3529,0.8296,4.346,101.5338,0,7.1866,34,5.5512,1.1066,0
52.8946,-1.1718,-0.5158,-123.1177,874.7851,96,63.366,45.8387,102.1115,512.7178,0.6229,2.5035,98.1227,0,6.8353,32,2.7272,0.9031,0
62.6381,1.6946,0.147,154.8165,202.2203,109,95.466,81.0082,61.351,411.9335,0.6341,2.0549,151.8928,1,12.0002,22,6.5408,0.9495,0
47.8055,-0.808,-1.3149,-87.2734,345.8802,82,67.3755,47.6951,64.3679,150.427,0.9761,10.5815,94.8001,0,5.5472,34,4.6067,0.983,0
40.1002,-0.1322,0.6624,130.4945,360.8327,112,88.836,23.0863,54.7016,262.3968,0.7427,10.6691,57.0745,0,5.645,27,6.3557,0.8948,0
57.0376,0.5112,-0.2468,98.1046,371.9645,82,92.3282,27.156,46.828,360.4749,0.6436,6.8629,55.954,1,7.3274,30,10.3423,0.9462,0
46.2183,-0.7799,0.4131,-42.5003,713.47,111,76.9003,46.2362,116.2068,173.2156,0.6594,3.1118,83.5338,0,7.8708,30,5.1538,1.0718,0
77.1577,1.0809,-0.6959,-88.5593,99.9296,103,88.7953,72.4982,93.3213,410.2872,0.7583,11.6982,80.0789,0,5.2995,27,2.0441,0.879,0
52.5297,-0.6618,0.5556,93.2359,572.2501,106,89.6708,40.1977,34.7435,280.3964,0.939,1.3181,73.9466,1,10.5363,25,5.6004,0.8143,0
57.0987,0.8306,0.6914,35.1355,270.0923,91,69.2782,28.1106,113.4903,201.3388,0.7383,9.3203,112.5295,0,8.677,28,4.4804,1.0183,0
43.7167,1.0677,0.0515,-88.5455,503.8359,105,94.7105,50.1788,40.3955,282.4019,0.8939,3.9471,133.0699,0,13.9815,37,4.2201,1.0726,0
62.646,0.5784,0.2639,140.7166,538.9098,107,83.2932,56.5494,113.1653,244.5627,0.7165,4.8326,84.7496,0,11.1584,32,7.6591,0.9799,0
49.7305,0.7084,-0.5131,79.5537,635.9433,113,58.3545,60.321,70.6603,127.9397,0.7783,9.6096,54.6602,0,5.5527,34,6.6374,0.9316,0
48.7546,2.5309,0.0228,147.3401,460.1712,100,81.9816,15.9782,73.7109,295.9422,0.6985,0.4346,104.7963,0,9.3464,29,7.5354,1.1441,0
48.9948,0.4165,0.4861,-22.5107,474.034,100,74.4105,56.318,78.6052,258.144,0.8933,5.6237,81.658,0,7.0058,28,2.4114,1.0901,0
37.086,0.1098,-0.1515,-133.8482,192.5739,108,84.459,55.2031,38.4368,311.5832,0.9147,4.9194,84.5457,0,6.4417,25,5.9372,1.0302,0
47.4947,0.3362,0.7632,152.6671,842.0214,115,73.599,41.1907,89.8375,192.0439,0.784,3.1479,78.0886,0,6.7698,35,8.1506,0.9765,0
55.4617,1.2713,-0.8916,36.5134,545.9641,92,73.6612,72.7202,88.8746,316.1244,0.8865,11.5608,74.023,0,6.7969,30,4.4866,1.0897,0
34.5461,2.3293,-0.1643,38.1814,565.818,109,69.6425,59.0478,81.9985,541.462,0.7282,5.9688,47.2116,1,6.4131,29,3.0316,1.1682,0
60.2167,-0.1665,-0.9606,30.3356,660.9553,98,82.2485,32.8581,109.9005,175.0549,0.7838,5.2156,84.3514,0,6.5462,29,1.9105,1.0,0
47.3166,-0.9124,0.1581,-9.9385,489.8823,92,85.2021,59.3831,73.0589,306.5124,0.9503,8.2728,81.3936,1,11.2292,26,2.5668,1.0373,0
52.4473,1.1625,-0.1065,-88.1845,563.579,103,79.9721,12.2519,93.9485,331.9563,0.6186,8.9222,66.8131,1,9.1828,26,6.4743,1.0689,0
27.6599,-1.3631,-0.0879,40.6879,607.3021,98,77.0596,40.4492,60.5356,306.607,0.7828,3.1504,42.9715,0,7.1503,25,4.1903,0.9906,0
52.2499,0.2578,0.37,78.697,278.7864,90,80.9664,41.8122,113.2171,297.5229,0.6221,3.6374,112.0667,0,8.1513,26,6.7875,1.0051,0
39.5685,0.3046,-0.1419,149.9555,579.5947,108,90.5694,63.2217,113.8901,307.8132,0.7729,0.4553,50.0165,0,10.2413,32,6.0831,0.8219,0
46.4854,-0.1073,1.4033,-154.0268,811.275,103,69.5997,110.7948,73.3885,257.0366,0.8085,11.9023,90.9523,0,8.1473,38,5.5509,1.1768,0
34.3253,-0.0485,0.4043,-88.3046,762.025,99,66.6349,44.1335,96.2359,467.9837,0.9023,0.0025,103.9593,0,5.2522,35,6.4707,1.1871,0
41.1812,-1.6525,0.015,99.6069,729.8097,114,67.9928,79.2988,50.99,341.356,0.7224,5.7592,42.4676,0,9.7262,29,6.0035,1.181,0
48.3644,-0.8683,-0.3374,99.0542,786.5794,70,63.6092,77.1563,87.9154,237.6786,0.9128,5.3384,73.3735,1,8.0206,23,9.5107,0.8308,0
47.2825,0.9371,-0.4554,-103.6676,311.061,94,69.862,23.404,37.656,421.1028,0.6232,9.6559,115.6682,0,7.3161,31,8.6071,0.8056,0
58.8453,-2.0413,0.2185,-113.5016,421.2688,104,91.4119,76.7826,107.6326,227.6164,0.6915,0.8323,76.1205,0,6.1154,34,3.9288,0.8292,0
31.3193,-0.086,-0.2633,-47.8295,363.2853,91,63.0051,35.9048,94.9419,186.5199,0.8419,3.7381,24.0558,1,14.2572,32,7.5243,1.0349,0
49.4863,-0.3126,0.4954,-157.3505,1024.267,92,77.488,50.1837,115.9413,257.8801,0.603,8.6668,107.1387,0,5.9189,26,5.6876,0.9758,1
49.0092,-1.9924,-0.0411,82.9299,536.5884,100,86.6655,95.931,100.0397,443.4554,0.8564,11.7526,76.339,0,7.2226,34,7.9804,1.2042,0
45.4219,1.6924,-0.0395,61.1311,287.8609,90,80.118,60.3343,46.4713,188.2312,0.8876,11.9541,84.361,0,8.7313,41,5.4532,1.1207,0
40.8679,-1.0303,0.0573,129.1412,334.7498,81,88.7249,37.1415,72.0734,271.3833,0.9369,2.1604,81.0144,0,7.3958,31,5.5953,1.0757,0
61.0218,0.5489,-0.076,-25.1823,516.0664,102,74.1984,58.9095,78.8177,241.5776,0.9052,0.8593,113.0329,0,10.1757,30,3.8929,0.8566,0
70.4771,-0.4689,0.1386,49.225,295.558,109,75.072,19.4145,104.5621,385.6631,0.9737,5.9046,132.0725,0,8.0725,34,6.0977,0.959,0
32.8594,-0.8449,1.0348,163.4218,780.3024,89,76.1023,71.2418,79.5357,192.4776,0.8122,0.4253,143.9601,0,9.1927,28,6.6105,1.1575,0
40.7582,-0.236,0.2704,165.1688,618.5778,106,85.533,37.1276,72.9025,363.0401,0.8971,5.6362,131.5642,1,7.9694,22,4.4622,1.0988,0
39.9564,-0.3564,0.2117,-154.4121,546.963,87,107.3022,0.8208,94.17,166.6062,0.9246,11.337,84.0975,1,11.9648,26,3.6575,0.8167,0
47.1848,-0.1867,0.3935,-179.3216,341.9594,88,79.9246,42.7953,87.7953,409.3108,0.8538,10.1049,95.6665,0,6.6963,28,6.1562,0.934,0
62.5585,-0.787,-0.0543,165.5944,301.842,92,77.635,39.7176,97.39,355.8052,0.9722,0.5511,31.1527,0,5.8509,23,6.9394,1.0604,0
55.2767,-1.014,-0.4818,12.714,552.375,109,70.3688,59.9763,72.7614,373.3732,0.7893,0.2654,110.9679,0,8.0687,31,8.2211,1.0163,0
48.4615,1.0045,-1.5095,72.1442,520.6179,109,97.4025,26.9323,95.1153,318.0256,0.6901,5.0312,75.4006,0,9.1978,20,4.5684,1.2022,0
50.1636,0.0069,-1.0254,148.535,307.4965,105,76.1319,56.9727,117.3995,193.3884,0.706,1.3286,44.6854,0,7.717,41,6.5716,1.0229,0
46.8099,-0.0603,0.374,-24.0643,491.9223,99,73.8211,36.388,46.3451,379.5154,0.7435,4.4412,130.367,1,8.8212,25,8.9285,1.0783,0
57.3865,-0.8915,0.1844,-21.3648,492.3082,95,77.9005,48.5937,34.7076,358.8042,0.8946,8.3783,111.7104,0,7.7074,31,7.4965,1.1199,0
58.6034,1.5744,-0.074,-119.8866,610.7099,88,98.2256,71.3278,81.3656,223.7896,0.8226,4.0286,136.0456,0,8.2345,34,7.3142,0.9312,0
55.913,-0.0874,1.1811,146.0982,815.9598,93,74.3873,71.9795,44.2605,176.2269,0.9739,4.3801,70.5024,0,7.6267,31,9.2593,1.1595,0
28.0346,-1.8957,-0.0171,53.1624,188.0713,111,79.7484,75.5114,44.8549,306.9196,0.9594,0.9561,39.1535,0,6.864,28,5.3536,0.8115,0
50.1314,0.2758,-1.1809,-115.1031,620.1762,99,54.8387,34.7663,90.4922,314.815,0.783,10.8486,133.4275,0,6.1825,34,5.9137,1.1929,0
48.1346,-0.7642,0.3752,21.5251,395.5259,106,89.8029,55.9439,67.9768,373.0583,0.7584,9.9156,70.3137,0,6.8587,33,2.7827,1.0254,1
59.913,0.9108,0.5805,-61.861,563.2313,101,77.1372,56.8046,32.9281,237.4591,0.9882,4.5217,86.6176,0,7.1284,30,6.0461,0.8191,0
52.3911,1.0384,0.36,-127.0145,519.6064,90,89.1204,75.0461,80.5462,338.5285,0.7925,6.6848,133.8283,0,10.7893,27,3.0637,1.0484,0
55.5674,0.9229,0.5879,-114.527,575.0201,101,86.3389,43.4428,51.9949,398.0789,0.9965,5.9176,55.624,0,5.9034,34,5.9279,0.8872,0
45.047,-0.4614,-0.8804,21.3326,313.5355,127,81.5885,20.2207,69.0405,92.1234,0.6947,2.591,77.1832,0,6.9484,28,4.2049,1.1549,0
59.394,-0.1129,0.0473,23.1787,645.4432,105,75.5012,66.9787,33.5125,67.0822,0.9562,2.7661,60.8334,0,8.6283,32,5.4523,0.9777,0
62.3381,0.2486,-0.415,104.3787,506.1287,119,80.6335,76.8197,35.7163,317.826,0.7078,5.9932,88.2992,0,9.6859,33,4.5289,1.0333,0
33.7301,0.8927,0.2615,-90.7257,708.7599,92,66.5947,56.3444,47.2393,328.4998,0.8572,5.0824,85.6766,0,9.154,33,6.6543,1.1868,0
37.0381,-1.0378,0.7602,149.7,738.867,117,82.2478,28.1426,94.6468,237.0039,0.9996,4.8706,60.5341,0,5.6384,36,7.7626,0.8611,0
57.6245,0.0934,-0.1841,6.7007,535.5256,88,85.5323,93.31,101.0985,152.06,0.8293,10.0488,83.4018,0,10.0251,25,3.794,0.8699,0
48.2761,1.8679,0.3258,-106.4978,648.4832,97,80.8195,52.4055,60.9385,482.2131,0.9312,0.2813,106.2824,0,9.3764,20,4.9114,0.8525,0
60.2871,-0.5354,-0.4382,-31.219,635.5065,92,80.3609,36.8053,41.3024,306.6776,0.6995,11.534,110.5508,0,6.4206,42,9.2496,0.8583,0
52.4182,-0.0261,-0.0088,152.4093,700.8061,100,73.939,71.9488,114.2765,311.1366,0.8258,9.4996,97.2033,0,6.9078,27,5.1621,1.0327,0
56.9287,2.6135,-0.2571,-7.8636,689.9479,91,78.3946,83.2964,100.8469,250.1226,0.7867,10.7385,97.3104,0,7.3914,34,7.744,0.8517,0
42.5276,-0.2412,0.9005,134.8974,325.4022,110,69.0309,17.8669,44.8408,284.924,0.7497,7.7738,44.2428,0,8.5093,29,5.1914,0.9428,0
53.3979,-1.5388,-0.5399,-122.4602,541.7352,92,74.5445,60.7513,50.4247,272.632,0.6246,3.4075,126.3819,0,11.6111,34,3.3915,0.8544,0
53.4263,-0.0574,0.0441,149.025,291.7503,97,100.6481,75.9461,33.2824,437.3057,0.8971,6.2587,99.1159,0,11.2641,24,2.8781,0.9953,0
43.1111,1.6729,0.6847,-24.9772,421.7137,99,80.8872,47.9198,111.0794,548.2616,0.9907,5.3542,129.3462,0,11.277,25,5.7367,0.8186,0
60.0169,1.0567,-0.9725,157.0057,427.7994,110,84.8541,52.9582,113.9956,221.0864,0.8491,2.125,105.2219,0,7.9255,32,8.3147,0.9496,0
31.0468,-0.9797,0.2156,131.7883,587.7656,96,79.7373,47.4088,37.4602,409.1643,0.6307,11.737,118.625,1,8.7242,26,5.1555,1.1649,0
52.0771,0.4154,0.0556,57.5879,465.4757,115,80.6561,80.7039,43.2207,461.2391,0.8662,3.6256,57.702,0,8.1747,26,4.5117,0.979,0
37.0592,-0.1758,-0.3406,62.2247,476.0556,106,81.3441,27.9274,48.4777,217.2157,0.9994,0.5013,177.7268,0,7.6747,29,3.4707,1.1426,0
39.777,0.812,0.6081,-103.8571,649.8726,85,77.5903,44.8469,46.2827,243.8066,0.9004,5.8623,97.5337,0,6.5937,25,8.5,0.8798,0
59.8599,-0.6154,0.858,37.0187,631.914,94,85.933,92.9772,114.6513,180.4525,0.7693,1.2887,117.6143,0,11.8344,30,2.3366,0.9756,0
39.0008,0.4945,0.329,17.8184,541.3943,107,72.8422,37.5886,53.5188,240.6982,0.9914,9.9317,107.2631,0,7.8316,27,7.1244,1.0574,0
38.5786,1.9103,-0.1484,-59.7071,612.3754,94,65.1677,19.1734,63.7373,213.2782,0.9644,0.3967,67.3692,0,5.096,33,6.4908,0.8097,0
55.8032,-2.6124,-0.7235,2.0237,596.8912,105,81.9673,49.7885,36.1833,278.0008,0.9108,0.6128,65.486,0,7.6258,34,6.6658,1.1724,0
38.8922,0.5929,0.09,154.4917,794.7279,102,91.183,71.6014,86.5607,172.4251,0.9724,9.4829,90.944,0,8.2387,35,7.1154,1.2076,0
60.1821,1.3191,-0.0768,-178.09,468.6829,85,73.5075,49.2464,53.9406,360.1795,0.9091,1.5245,60.2175,0,8.618,29,3.71,0.8855,0
56.4461,-1.5563,-0.0465,-29.8353,387.206,105,87.8435,40.2853,52.0681,384.2276,0.9908,6.7605,143.0937,0,8.3464,36,5.5273,0.8737,0
42.2236,-0.7206,-0.2484,-59.8901,530.5844,90,86.7246,60.0166,117.9411,256.7365,0.9033,7.4971,101.5622,0,6.3638,25,4.5746,1.0717,0
59.8038,-0.3937,-0.2924,166.0432,357.4441,108,95.6022,99.8036,33.4722,192.9723,0.6593,11.941,128.8817,1,11.7905,40,7.1742,0.874,0
30.6143,-0.7309,0.0145,170.6019,444.8076,103,98.6369,44.8742,46.8394,320.2513,0.6397,3.0524,111.0509,1,7.647,26,6.1617,1.063,0
54.7249,-0.8058,-0.6156,30.8378,567.5183,94,85.8016,91.4429,76.1875,327.0498,0.6985,3.5502,60.0382,1,9.5104,35,4.6337,1.0846,0
37.5377,-0.3747,0.5182,18.0025,423.8967,109,78.8019,58.2659,80.6034,229.0399,0.655,0.7907,103.7503,0,8.7304,34,8.5196,1.0218,0
44.767,0.8517,-0.3817,145.1565,465.7855,104,63.8361,32.7059,94.1746,258.2637,0.8258,0.6038,117.3246,0,5.8875,33,6.0876,0.8995,0
45.4129,1.4877,0.056,-177.6447,459.0547,87,89.7653,83.2585,48.8201,253.5637,0.8643,4.9131,91.4655,0,7.6233,36,8.548,1.1653,0
62.814,1.3027,-0.1621,22.421,435.0078,89,91.3138,43.0267,65.4648,379.3829,0.65,7.9046,61.7842,0,9.7456,36,5.8804,0.9228,0
44.9872,0.9938,0.3251,-171.1323,335.5292,93,77.4252,18.8481,55.8463,319.6799,0.6028,7.9452,76.4341,1,7.2373,28,7.3691,1.0216,1
49.2138,1.8321,0.2977,168.5384,651.8351,88,83.5203,55.8777,105.1045,117.3122,0.8789,9.3208,100.3944,1,8.0087,32,4.4832,0.9056,0
45.6183,2.0313,0.2535,-64.7426,705.5118,96,69.7336,40.687,62.3823,538.8404,0.6201,6.4773,116.6525,1,8.3787,26,2.173,1.1496,1
40.1736,0.1661,-0.5844,7.4885,642.742,108,74.0174,86.2999,53.5009,256.612,0.8885,9.5198,53.969,0,7.3067,35,6.4647,1.0229,1
39.697,1.431,-0.0962,-29.6753,641.4101,100,66.783,58.1109,85.5143,375.3656,0.6282,2.1647,70.0424,0,9.0127,34,5.5208,1.1557,0
53.0873,0.4239,0.8011,141.7047,437.6454,107,82.6902,39.3081,39.6761,306.2259,0.9854,7.6098,114.9905,0,7.5866,22,4.6888,0.9863,0
49.7361,-0.2162,-0.1709,179.9345,526.2828,106,76.0037,67.3826,106.4063,249.7699,0.6998,9.3395,55.2719,1,7.3592,36,6.4813,0.8928,0
57.6252,-0.0498,0.5246,-155.3803,383.094,98,92.4968,50.0578,55.1132,395.5716,0.627,6.8517,86.9329,0,10.4008,28,8.7522,1.0423,0
47.5794,1.0125,-0.0051,83.5312,479.7795,106,82.3475,56.5056,104.1611,480.5654,0.8488,8.6857,87.1657,1,9.1594,27,5.3034,0.9214,0
47.9034,1.4656,-0.1549,-47.5205,493.1124,108,83.5309,2.3204,119.2239,188.0716,0.8891,1.6994,116.3138,1,6.0958,22,3.2811,1.1122,0
57.6575,0.5805,0.0933,-129.9337,292.2317,101,80.1143,26.9641,31.9193,221.677,0.9697,5.3162,99.3259,0,6.7972,31,6.613,0.9012,0
46.2789,-0.396,-0.4161,-34.0425,519.8221,122,95.7977,54.6243,47.2775,454.6753,0.9303,10.216,87.1406,0,8.5638,36,3.386,1.0397,0
35.6041,-0.4895,0.4499,179.3328,420.3738,97,94.5231,24.366,97.2079,506.9012,0.7126,3.8147,91.9151,0,9.8624,38,5.9999,0.8769,0
58.4755,-1.8533,-0.427,-51.2758,539.7844,88,78.2838,38.1121,37.4546,337.3972,0.68,10.7875,96.3484,0,6.293,35,4.8197,1.1631,0
43.2286,0.3609,0.2768,-80.1362,464.736,118,82.9844,68.5401,70.1809,434.9516,0.7222,11.8561,94.4402,0,9.7457,21,6.4611,1.0386,0
50.6689,0.2929,0.5393,124.6217,551.9626,87,94.1478,60.3284,43.5501,252.7204,0.6966,1.6731,121.0768,0,9.5621,33,7.0086,1.0883,0
43.7349,-1.0446,0.2129,132.4577,604.6686,98,68.2403,73.3378,72.2778,133.3123,0.888,1.7718,112.681,0,8.8797,20,6.6836,0.8715,0
40.275,0.4731,-0.2845,-58.0071,311.9933,102,83.0198,50.268,31.1309,293.1762,0.8795,4.4982,92.4029,0,6.3163,24,5.6903,1.1208,0
31.0128,0.4563,0.0929,-72.4777,452.0583,87,76.4995,36.3548,43.5489,442.914,0.824,6.7557,121.4222,0,6.5776,30,3.2798,0.9184,0
53.3917,-1.4837,-0.3671,53.0213,402.8024,108,94.7258,78.2387,54.7459,227.907,0.628,9.155,157.9539,0,8.4481,25,6.1972,0.9465,0
16.0609,-0.3217,-0.1057,-106.1357,676.7478,89,85.3062,50.9275,47.8099,462.0578,0.9813,0.809,117.0007,0,9.4531,27,6.2541,0.8142,0
62.9834,1.409,-0.2616,-5.8733,754.6676,107,62.6222,28.6001,62.5215,424.8694,0.7399,9.3791,80.2303,0,8.8904,28,4.9083,0.8321,0
60.3202,-0.6332,-0.3806,-129.1163,506.3632,115,75.8428,82.6802,43.043,317.3929,0.9258,1.9621,48.3671,0,7.1951,18,6.0626,0.8799,0
40.905,0.0176,0.3153,-70.2883,560.6749,115,94.0371,51.3532,103.8721,587.2183,0.9189,1.0206,72.1126,1,8.6916,40,5.5301,0.8434,0
65.8825,0.1605,0.492,-72.9067,278.903,107,88.92,69.5887,76.8233,284.7727,0.7187,7.2334,91.1976,0,14.0145,36,3.763,0.8147,0
70.608,-0.0263,0.5266,70.164,545.464,89,69.5752,55.9115,57.9146,169.9653,0.6993,0.9259,157.5621,0,4.8481,39,6.9314,0.9558,0
47.2668,0.6887,0.1211,-78.3817,461.1853,74,70.2126,69.5347,56.5672,267.2806,0.8141,0.8772,79.1689,0,7.5515,26,3.284,1.1167,0
54.1097,0.9352,0.7346,143.4585,703.7831,108,80.7812,62.8988,51.9578,337.7212,0.7431,7.4116,137.0295,0,6.16,30,6.1521,0.9055,0
51.3627,1.2646,-0.3384,173.8966,465.877,96,79.4562,43.9479,75.4712,233.3598,0.968,8.385,98.5595,1,7.6665,40,6.3134,0.956,0
65.1362,-0.3135,0.6426,-150.8178,376.9106,93,77.4329,42.7386,77.8092,231.3688,0.965,11.031,74.0154,0,9.3044,27,5.2214,1.0273,0
36.0737,0.5239,0.4548,-36.8469,298.5796,95,75.9674,64.263,119.2416,348.0775,0.9087,11.4897,58.3616,0,5.3324,27,6.1618,0.9528,0
47.7263,0.8398,0.0199,-71.3372,527.1586,82,74.1214,52.3092,86.6113,385.4471,0.6084,5.7236,84.5645,0,9.1174,26,6.6269,1.1902,0
59.194,-0.1183,0.1115,-53.2836,418.4842,104,102.5548,49.8773,77.8275,329.7084,0.9383,7.7264,67.7471,0,8.063,36,8.3139,0.8931,0
58.1353,-0.7192,0.5182,-84.4722,682.594,108,76.3423,41.3321,33.4464,295.8432,0.8623,9.3372,66.0318,0,6.0657,19,7.4844,0.9849,0
49.5719,0.1436,0.3309,-42.2406,594.9864,119,73.409,44.6452,79.502,243.0475,0.8096,11.0776,50.6808,0,7.9602,36,4.1087,1.1502,0
63.9231,-0.6057,0.1307,-129.0907,484.8545,105,85.0595,19.817,74.5445,228.5834,0.7561,0.2653,72.867,0,5.8781,36,7.7304,0.9329,0
52.3348,-0.7042,-0.2251,-79.2654,594.0906,111,78.9867,60.1905,110.6969,274.0321,0.8466,2.6172,65.6395,1,7.6315,27,8.7498,0.8697,0
51.137,0.2201,-0.4621,89.2144,761.48,101,70.7846,37.21,95.0295,174.3781,0.7024,6.2924,85.2023,1,9.6854,33,5.8036,1.1736,0
56.9704,-0.1883,0.0542,-56.1433,326.0136,113,77.4993,52.1841,73.1625,240.4622,0.8303,2.7798,88.9621,0,5.4443,31,10.5605,1.0423,0
49.391,0.1755,-0.5722,-105.1794,404.7367,95,79.3989,48.7177,50.5292,330.8297,0.8604,6.202,63.3333,0,7.4896,29,5.0681,1.0142,0
50.5026,-1.5512,0.3661,-140.9601,791.2482,72,84.303,53.9526,94.3043,184.5408,0.8706,8.1494,76.2273,0,10.9908,28,5.9282,0.8582,0
42.1271,-0.1755,-0.8872,-54.7185,386.8353,100,83.1305,50.6663,55.8244,93.2406,0.7683,9.2353,84.6122,0,8.0802,37,6.2923,0.835,0
79.334,-2.2603,0.1535,51.6273,599.3491,85,69.8452,59.1139,61.7632,253.7687,0.628,10.031,107.8585,0,9.5373,29,7.1841,1.1797,0
45.2659,-1.0455,-0.1384,-88.8102,678.0565,96,86.087,32.4356,92.3129,180.2792,0.7673,11.9347,117.0875,0,7.4622,26,7.8686,0.8371,1
57.2924,-0.0889,-0.2197,-27.9196,497.634,95,88.9212,48.5566,58.1157,246.9931,0.9606,10.5555,82.594,0,5.5812,29,9.8775,1.0022,0
69.0872,1.2131,-0.1383,162.8635,603.4176,123,69.2414,50.5671,56.7174,384.8207,0.8148,4.1688,86.7375,0,4.5489,32,8.1028,1.1115,0
36.5718,0.5369,-1.4411,18.8506,455.9109,95,72.233,32.794,69.7967,384.0465,0.6156,3.4857,59.8287,0,7.1,38,5.3076,1.0987,0
56.1117,0.0903,-0.2209,11.4979,772.4997,106,78.2446,30.3715,89.7122,294.3198,0.7496,3.6233,83.9581,0,12.3379,26,6.5328,1.0728,0
50.2316,-0.3767,-0.4338,-32.4204,433.7184,109,82.1955,38.6388,114.7656,357.7969,0.8463,1.1048,55.917,0,7.7002,28,6.7194,0.8183,0
67.9473,-0.2506,-0.4275,20.4624,356.8114,101,82.576,53.4964,43.3842,496.8434,0.7121,7.9564,106.6562,0,6.8424,26,8.6,1.0696,0
40.9079,1.3058,1.5605,174.4442,633.3076,107,79.5728,28.2648,52.7318,274.5852,0.6751,0.1269,54.1202,0,8.4233,26,8.8746,0.8746,0
42.4775,-1.1063,-0.6945,-88.6295,606.4933,94,65.685,68.8339,118.6821,203.0489,0.8312,3.5099,97.4915,1,6.7068,40,5.1685,1.0347,0
49.5009,-0.7255,0.1981,159.094,522.3585,106,90.1207,37.7622,85.542,366.9651,0.843,9.2048,71.9904,0,8.0595,26,5.8686,1.0582,0
45.0649,1.0668,-0.3978,-126.3344,504.9574,115,70.0836,49.8436,30.8658,249.6279,0.7836,5.6302,161.4832,0,8.4905,33,3.3605,0.9066,0
45.4072,-0.3439,-0.4561,-140.0021,425.6006,100,93.5058,63.4079,110.5173,191.5857,0.637,4.9552,108.3515,0,5.2527,32,7.2809,0.9878,0
70.2843,1.9391,-0.6734,55.681,389.7976,106,91.6751,20.5046,55.3897,275.1252,0.8955,9.4335,106.731,1,10.7486,25,4.6576,0.9398,0
51.2704,0.6907,0.5642,-89.5756,409.1407,111,68.8648,77.2977,79.5035,339.383,0.9023,4.8285,84.2433,0,8.1471,36,4.1941,1.1907,0
42.1531,1.155,0.6022,-20.0188,546.9055,95,83.5247,32.354,63.0507,336.2822,0.7564,5.6835,125.4403,1,11.0226,20,3.8534,1.146,0
46.0998,-1.6256,-0.3101,82.6757,468.9888,106,93.6106,76.5575,45.6861,161.5836,0.6036,5.922,94.9813,0,6.6593,34,4.9267,0.8919,0
54.0489,1.0594,0.4561,12.5429,276.3459,99,85.8885,60.4157,84.1794,343.1836,0.855,6.073,71.4419,0,6.4904,38,6.042,0.8344,0
53.3737,-0.8494,-0.5179,-175.0502,436.9239,113,63.0228,13.903,49.3467,153.9582,0.9912,1.2186,112.1832,0,6.9302,34,6.1479,1.0141,0
44.2274,0.7158,-0.2005,-69.8964,468.096,86,79.6253,46.9676,50.5221,170.8519,0.7948,6.3375,89.2528,0,6.4033,32,4.9258,0.9347,0
33.7197,-0.3637,0.3395,-156.7128,576.4693,93,88.3376,34.3375,102.2423,433.9934,0.8751,4.6441,45.0134,1,10.5206,31,5.7653,1.1761,0
49.4946,0.2228,-0.5006,153.4012,543.801,100,96.8095,82.8207,87.8815,127.8972,0.811,10.7961,61.0547,0,8.4167,25,5.1849,0.9053,0
49.2241,-1.1062,-0.3697,106.0735,763.3142,103,78.6443,54.1966,112.6563,59.4941,0.695,0.1504,128.1276,0,9.6071,30,8.0451,0.9071,0
43.5387,-1.7206,0.0123,174.183,353.0727,91,63.3375,11.2415,69.4184,343.893,0.7361,6.197,80.7982,0,8.5357,41,8.6076,0.9367,0
62.7978,0.1506,0.0186,138.6394,582.9573,110,101.8813,75.2498,75.4519,239.9788,0.9842,11.6941,112.5325,1,9.116,30,7.2524,0.8444,0
55.7458,-0.2938,-0.5392,-8.8805,595.2198,94,78.7754,60.9883,36.2465,260.8353,0.8381,0.1829,51.0844,0,7.9008,29,8.8347,1.0167,1
51.3482,-0.8938,1.1165,137.7351,541.8887,100,94.4449,58.3085,62.3828,448.6171,0.6752,8.2907,120.6808,0,8.2941,27,7.7908,0.9112,0
46.3929,-1.682,-0.4219,62.0779,455.4328,108,77.4189,50.4564,34.3885,406.6267,0.6199,0.3587,32.7229,1,8.5,28,4.7139,0.9681,1
67.3303,-2.6751,0.4764,8.8559,397.4658,111,85.4978,21.5924,61.509,393.4811,0.6213,10.3498,42.7497,1,8.9356,36,5.8709,1.0499,0
38.4553,0.5236,0.2979,-46.5674,493.8811,100,73.1452,81.6237,66.7848,302.8256,0.8002,2.3571,45.0559,0,6.9433,19,6.9277,1.0407,0
45.034,-0.2551,-0.4027,65.1478,231.8123,104,73.3393,45.1985,45.5747,351.303,0.642,9.902,97.8579,0,7.4557,40,10.0551,0.9302,0
45.4763,-0.6039,0.2316,32.448,361.4136,110,98.0961,78.7873,106.9578,251.5806,0.9331,10.9997,97.2402,0,8.8282,23,6.4777,0.8648,0
52.9896,0.2128,-0.4203,41.1066,353.7755,96,89.3972,50.2882,60.3064,239.1741,0.737,1.6337,63.4342,1,9.8749,24,6.5633,1.0795,0
56.6088,1.0144,0.0354,-36.0607,575.5555,94,79.7207,46.1924,34.9268,299.4454,0.7536,1.1795,35.182,0,11.6884,36,4.4094,0.8137,0
36.6343,0.2696,0.412,86.1534,593.8077,97,89.3452,15.4246,65.134,360.7066,0.7377,10.0394,125.099,0,7.1205,31,2.6059,1.0954,0
43.1539,-0.4431,-0.2791,-150.7166,339.1583,87,73.2212,35.8451,79.3234,455.1783,0.814,2.1014,99.9294,0,6.9835,26,4.2286,1.0365,0
54.4764,2.1325,0.2057,81.4172,303.8596,99,80.0156,76.4424,73.0233,407.2538,0.9993,0.6401,104.1364,0,4.493,32,4.3614,0.976,0
43.3485,-0.6358,-0.288,83.0741,280.5258,105,81.0224,64.4239,80.7041,367.1591,0.9587,2.6495,96.7862,0,9.2665,22,7.1305,0.8938,0
45.9822,-1.4096,0.0878,5.7396,646.6647,109,72.4155,60.4949,109.428,288.4095,0.6927,2.4636,46.2911,0,9.1983,22,6.4591,1.1458,0
51.7264,0.0998,0.0531,-85.2181,637.2592,100,71.1056,61.8345,32.6402,273.8218,0.959,8.0955,80.0069,0,5.5568,24,5.2013,0.8377,0
40.2007,-0.2556,-0.1833,6.9395,597.4248,89,61.1143,50.0662,101.032,322.8473,0.8329,5.664,71.7586,0,8.1219,31,7.0375,1.1768,0
52.7761,0.9471,-0.9157,-135.689,725.4931,76,70.3246,40.6083,63.83,317.6871,0.8925,9.1877,61.1745,0,10.5725,28,5.8288,0.8794,0
56.1256,-0.5263,0.3904,-77.3482,766.6818,98,98.2789,34.0173,64.5585,192.9667,0.8082,2.8303,60.1433,1,6.6675,30,7.4444,0.89,0
50.3839,-0.1652,0.9952,-28.332,350.9915,77,62.2299,40.8407,83.1206,262.3787,0.8644,5.8904,90.9003,0,8.2073,33,3.8548,1.0922,0
64.2538,-0.8658,0.0698,62.3642,440.8389,101,79.654,52.8313,83.4217,302.8083,0.7567,1.2661,108.3801,0,7.4736,32,4.7673,1.207,0
57.2542,0.8077,-0.3065,-112.602,617.0417,104,81.5261,34.5751,39.5104,364.332,0.7128,5.6655,85.5396,0,8.4775,41,4.7185,0.8924,0
49.5908,0.1436,0.104,-123.0585,85.8954,97,77.5023,50.3352,87.0493,293.6074,0.8013,5.9928,107.4513,0,10.8112,26,9.9272,1.048,0
46.7858,-0.2752,0.573,38.8067,462.3912,94,88.7436,51.5795,45.7846,492.4501,0.7902,10.9381,124.4186,0,9.772,37,2.6435,1.157,0
67.5472,-0.15,0.6398,64.6364,644.401,107,77.2495,46.3626,56.5456,238.9348,0.7582,11.3846,106.4467,0,5.0081,26,6.1161,0.9672,0
43.3854,-0.0213,0.4558,-149.8839,447.7068,109,89.5348,17.1222,73.5207,324.4084,0.9156,10.5036,117.3071,0,9.9544,27,4.4691,1.0785,0
47.2783,-1.4374,0.2226,-168.0613,609.7602,123,85.4912,28.9792,90.0598,287.6758,0.8869,11.0692,57.2876,1,8.413,29,6.6858,0.8412,0
45.9018,1.1627,0.3377,-127.0261,199.9426,91,66.4672,46.7627,98.1475,341.4556,0.7148,0.5586,73.3255,0,7.7705,30,6.4579,0.8969,0
53.978,1.104,0.0591,144.3696,542.6056,95,91.6155,7.2812,94.7172,300.8852,0.6789,9.9215,43.9173,0,10.9079,31,7.7641,1.2048,0
72.5516,0.0407,-0.478,62.1499,430.8669,108,76.8622,70.5077,76.8237,269.0974,0.6019,0.7991,78.8067,0,6.2581,25,3.4766,1.0343,0
52.4667,-0.0662,-0.1893,151.5693,466.2087,90,62.0888,75.996,45.317,355.6262,0.9919,6.8622,20.7124,0,8.9931,27,5.6708,1.0085,0
46.7793,-0.9967,-0.1615,59.2973,357.8199,99,84.713,67.0347,90.9152,218.1851,0.7407,1.0232,109.2526,0,6.8003,26,2.5232,0.8294,0
51.8867,1.7273,0.1463,167.4854,739.882,93,77.1295,55.6428,117.8943,168.5778,0.8449,9.4917,111.0373,0,8.1638,36,6.9299,0.9042,0
36.8714,1.4855,-0.882,-21.9936,510.3404,100,96.2868,25.3404,103.4728,395.9869,0.899,0.0273,56.3876,0,6.0146,31,6.1154,1.1196,0
48.1222,0.3944,0.2555,35.6756,521.859,112,90.956,56.1346,68.787,302.1824,0.6824,4.6065,94.5142,0,7.06,23,8.5201,0.9928,0
67.0408,0.82,-1.0065,36.4268,809.2387,89,70.9773,78.0972,71.3329,450.6745,0.867,6.3542,114.7016,0,9.2854,27,5.3197,1.0947,0
56.6199,1.2305,0.2057,-178.8696,361.2677,107,89.4899,27.3392,115.8927,300.7393,0.6457,3.2509,99.4319,1,6.3427,24,7.478,1.1753,0
62.3097,1.0275,0.5849,-170.1164,520.987,120,73.0397,101.085,36.0986,154.8123,0.6387,6.0629,51.3548,0,6.5797,29,7.2907,1.1336,0
60.1335,-0.8562,0.4474,-127.7045,397.818,102,63.4293,66.3545,83.3629,342.262,0.7212,10.5143,86.5499,0,7.5668,29,5.5168,0.8741,0
42.912,-0.3111,-0.4479,4.0066,390.5565,115,73.8542,28.7886,42.6908,120.7263,0.7281,7.3202,113.9391,0,10.9143,26,4.1053,1.0853,0
69.1199,0.4682,0.3118,-25.0105,546.1716,96,66.7089,29.8003,36.7845,139.2576,0.6719,6.6369,47.6178,0,4.8833,33,4.7272,1.0851,0
32.2395,0.2033,0.3522,14.3097,457.7216,100,79.8635,39.8949,55.5942,302.0546,0.787,11.7711,64.7977,0,2.2833,30,4.8677,1.2007,0
53.325,0.7531,0.8529,108.1767,796.7321,98,99.3054,48.9237,50.6507,320.2761,0.847,4.68,100.016,0,7.2882,28,0.8399,1.0106,1
29.4035,0.6437,0.1829,116.0065,767.3387,96,80.7871,42.4691,34.0977,313.374,0.9706,10.5834,103.3448,0,4.6568,28,5.7596,0.987,1
32.8669,0.247,0.5131,171.7253,475.6277,114,84.6141,-6.0188,106.7702,223.9804,0.8808,7.761,89.6393,0,8.4018,32,7.4281,1.0924,0
59.3557,-2.6037,-0.2186,20.7172,268.847,115,69.9685,23.954,105.1689,220.614,0.8091,9.3021,91.316,0,7.2281,35,5.6671,1.1319,0
43.0867,1.1728,-0.426,-55.0024,456.3254,100,74.5965,49.8626,91.2674,569.7368,0.8158,3.7443,71.9137,0,6.5828,33,5.5648,1.0398,0
62.4489,0.839,0.4321,-69.11,657.1279,83,85.4526,53.7988,99.1534,187.0964,0.8298,7.3278,79.6187,0,10.4695,39,3.1194,1.0818,0
28.2563,2.0692,0.4391,-57.333,367.023,112,79.3142,68.0431,35.9901,219.661,0.7151,10.1818,28.6003,0,7.9715,30,5.0307,1.1609,0
49.1149,-0.4775,-0.3177,-63.4213,740.6967,101,72.7926,36.684,54.5484,445.206,0.898,7.5075,86.3628,0,10.7072,25,8.4759,1.1241,1
37.8406,-1.8429,-0.6059,-38.5488,587.1747,102,90.028,52.992,83.2492,219.5671,0.8614,8.1117,120.6983,0,9.7239,30,4.0012,0.8618,0
46.7148,-0.1804,0.0616,-153.0427,324.3716,85,81.4048,50.1879,110.2901,274.0133,0.7954,6.1326,115.718,0,2.7045,28,2.8417,1.1541,0
65.4835,0.4567,0.0219,48.0357,400.9844,105,100.5506,33.2632,93.62,304.2698,0.6855,1.5248,110.5809,0,7.1653,37,8.3306,1.02,0
67.918,-0.442,0.1169,24.4948,422.1783,104,86.5931,62.419,31.6034,265.5859,0.94,8.9928,63.1286,0,4.8319,41,5.4117,1.0909,0
55.1293,1.3718,0.4429,-13.6941,379.0964,99,68.6535,59.6264,51.5193,414.9204,0.6792,8.3385,102.4932,1,8.3975,30,6.0349,1.1814,0
34.0538,-0.6601,0.5144,-150.8021,328.1809,105,81.1566,96.3521,66.4041,401.2665,0.679,5.9513,59.4611,0,9.408,37,10.0232,1.1248,0
37.9332,-0.1009,0.0039,-146.4449,413.7397,104,67.9604,71.3496,85.9648,377.8157,0.6586,4.838,98.5824,0,9.5256,28,6.8357,1.1186,0
51.6005,-0.246,-0.4976,16.2379,442.8955,99,100.0498,19.0939,89.8269,445.6004,0.9986,8.0026,55.3197,1,6.8191,26,7.2315,1.0501,0
41.9409,2.7743,-0.3628,-166.8311,694.8641,102,70.1111,68.6525,84.9867,288.3244,0.6979,8.4013,29.7795,0,10.3076,38,3.3711,1.1854,0
56.5797,-0.9061,-0.2983,80.924,565.8011,96,91.1416,21.3689,36.3732,427.0275,0.9405,4.5928,35.1196,0,6.2755,28,8.4955,0.9348,0
66.7593,0.5837,-0.0601,177.7601,574.7272,133,89.5429,79.4855,98.2059,347.015,0.6139,3.6804,118.0531,0,7.3498,37,3.6361,0.9407,0
40.1733,-1.2012,-0.2573,35.0665,552.4398,105,73.1749,44.1053,90.308,209.2732,0.883,11.6387,115.9267,0,7.65,30,1.5179,1.2025,0
41.0494,0.343,-0.1224,80.4353,380.5834,95,83.2841,56.3472,49.2042,349.3956,0.6121,11.7124,84.3149,0,13.2247,23,6.9308,1.1751,0
38.1956,-0.9545,0.0369,-21.983,672.0665,90,82.5582,76.2868,74.6683,256.1962,0.8497,4.489,50.7406,1,7.3317,28,6.2722,0.8927,1
47.4574,1.0999,-0.3215,60.2684,434.8459,95,88.3273,59.4149,53.0539,149.1838,0.7065,11.5297,57.127,0,7.1868,32,7.0239,0.8362,0
50.5223,0.9081,0.161,54.6409,449.6235,104,81.7698,66.2504,91.7908,149.247,0.6275,7.0162,69.4657,0,8.6523,30,4.2788,1.0563,0
50.2158,0.2715,0.9138,116.6727,556.8672,109,73.3192,37.0304,49.4329,203.648,0.7097,0.1688,131.318,0,6.1498,25,4.5982,0.9923,0
58.9769,-1.3914,-0.0834,76.0823,874.9605,103,85.6077,31.365,31.8145,456.2294,0.6498,1.3298,75.6884,0,9.0264,30,4.2691,1.0761,1
53.9297,-0.0532,-0.3408,89.6578,415.194,96,85.6418,50.5547,68.8531,27.8285,0.688,2.6424,90.299,0,5.8356,25,9.205,0.9327,0
49.4129,-0.3041,0.1533,20.389,255.5771,93,70.689,63.1863,33.8718,273.4576,0.8749,9.7669,115.6481,1,5.0184,17,4.055,1.1333,0
50.4092,0.8304,-0.3975,-5.5746,543.4003,98,56.9461,47.9711,33.8889,354.4286,0.9332,8.8011,74.9326,0,7.8726,30,4.4859,1.0196,1
50.8551,-0.9025,-0.0737,-14.8621,602.5784,100,85.9155,82.8366,47.2028,285.4554,0.7753,9.9109,92.0001,1,9.9789,29,5.8491,1.2014,0
49.422,1.1551,-0.3392,-38.8761,434.8463,91,83.7334,61.3617,94.8958,265.3429,0.7669,6.2412,107.9906,0,4.6129,25,3.6484,0.8454,0
43.2289,0.9674,-0.5349,-84.23,410.9376,98,84.318,43.9221,114.8529,219.2672,0.7848,6.7413,101.1807,0,8.0678,36,5.1406,1.193,0
37.9693,-1.3744,-0.4393,-168.008,309.2998,110,93.1901,46.8947,76.1387,447.5997,0.7884,0.5446,106.2538,0,6.2492,31,1.8132,1.1606,0
51.4228,-0.2196,-0.3304,61.5944,550.557,91,88.761,38.9899,91.0165,254.8082,0.694,2.5651,100.3847,0,9.1903,31,5.0356,1.1021,0
45.007,-0.0513,-0.5209,144.346,791.6499,87,92.9337,59.4977,34.4608,177.2344,0.9956,5.5263,69.7844,0,8.7374,29,0.4307,1.1095,1
55.251,1.0059,0.6394,154.9737,756.8684,112,87.8304,42.1647,101.1318,250.6323,0.8673,9.5862,103.9723,0,7.6192,28,5.5445,0.9556,1
50.7198,-0.6868,0.2157,29.0022,545.1232,111,81.4395,53.9936,70.3455,326.7219,0.9095,7.7496,94.6363,0,8.3485,27,3.4398,1.0192,0
50.1491,0.2076,0.4709,-146.1108,437.5711,88,67.7041,80.627,73.4134,223.2284,0.7769,7.4554,68.7985,0,12.0046,33,3.5082,0.9767,0
59.8447,1.0991,-0.6792,136.3192,557.2961,87,95.4119,59.112,102.2419,341.2188,0.9043,10.7226,56.1671,0,10.8953,27,4.8762,1.1315,0
35.9539,0.2513,-0.147,89.1882,451.2677,98,77.9043,48.9758,40.4871,295.7226,0.8734,7.2213,77.1226,0,6.1236,37,4.3748,1.0319,0
67.6925,-1.8573,0.2096,-89.492,403.9066,84,73.9411,45.587,71.0104,336.7945,0.9308,3.2873,110.8849,0,6.1234,21,8.3583,1.0722,0
28.1502,-0.4945,0.8264,109.2762,524.4289,87,86.3706,76.4164,78.5407,440.3509,0.6177,5.8452,88.5238,0,7.8265,30,4.0278,0.9878,0
64.508,0.9042,-0.3764,-10.0771,691.6883,99,61.6435,57.8275,85.2096,121.5739,0.6181,8.5735,127.631,0,4.8589,26,6.57,0.9438,0
52.0084,0.7794,-0.6432,139.5335,471.604,94,72.6098,65.1587,93.6736,258.212,0.8277,9.9775,88.1543,0,7.7156,21,2.5043,0.9675,0
44.7596,-2.2494,0.0953,-90.8601,469.8381,92,73.7076,38.4011,86.7965,211.2152,0.7515,6.3725,62.3275,0,10.3091,31,5.2518,0.9552,0
35.2836,0.2007,-0.3369,108.3261,460.2861,100,73.422,23.4126,106.2905,227.5366,0.921,9.72,86.2165,0,9.5218,26,5.1046,0.8176,0
44.0051,0.946,0.8529,76.2877,618.8956,86,99.3521,75.6627,118.3788,312.0844,0.6663,11.8753,117.519,0,8.1078,32,6.6978,1.0897,0
48.3632,0.5389,0.271,-174.8012,627.8234,106,79.1767,71.3163,31.5218,298.1565,0.7002,0.744,125.8237,0,10.1109,40,6.1547,1.1205,0
51.9492,0.6536,-0.1428,22.8005,338.5414,101,73.6111,28.8497,67.1917,130.3004,0.7682,8.767,47.1275,0,6.6555,30,5.1704,1.048,0
64.456,2.0623,-0.1414,77.5923,473.5121,86,79.5168,66.7454,66.816,179.6833,0.9575,11.1254,92.0034,0,12.1676,27,5.7694,0.9017,0
50.7341,-0.0435,-0.0633,-123.6921,665.9387,101,88.537,77.3779,97.5428,410.9048,0.6531,6.0025,103.8042,0,7.4294,26,8.2013,1.0873,0
53.1965,0.3048,-0.9123,11.4836,449.8046,99,60.9377,42.2242,56.1445,163.2951,0.9104,4.5712,26.1685,1,7.0564,27,4.3363,0.8432,0
53.5011,-0.9395,0.021,-70.532,708.8748,90,81.1442,49.091,31.3561,368.8182,0.9954,6.6194,157.8928,0,5.8822,45,5.6754,1.1779,0
46.7246,-0.6347,-0.2435,70.651,602.9722,104,75.4705,88.2713,36.7192,106.9645,0.9,10.8934,40.4174,1,7.7974,32,5.8311,1.0676,0
48.0779,-0.332,0.3164,14.4503,763.4579,94,82.6956,75.2463,113.1254,137.1889,0.8201,10.2235,37.7261,0,11.2865,28,8.7739,1.0968,0
48.9305,0.8497,-0.4488,43.7249,453.3129,102,68.5416,35.3407,112.6399,351.3045,0.8233,7.2022,58.6652,0,10.3307,32,7.4563,1.0155,0
56.2645,-0.7476,0.3413,-153.8857,605.2627,95,78.202,37.1691,53.0684,449.3385,0.6657,11.1816,88.1518,0,5.919,26,4.7168,1.0604,0
40.8707,1.2346,0.2715,-130.3937,609.9317,98,78.634,45.3871,114.239,396.3773,0.7756,8.6934,27.8997,0,12.9684,30,3.7306,1.052,0
44.9342,-1.0932,0.0799,18.7521,661.6184,99,67.2943,55.2489,108.837,247.7126,0.8121,4.5131,79.3159,0,8.1269,21,5.668,0.875,0
53.5634,0.6396,0.6269,-114.7778,553.008,104,98.6433,60.5931,92.0114,224.8474,0.7994,2.8563,7.6384,0,6.397,38,3.4413,1.0324,0
39.2352,0.5521,-0.9424,-0.4712,667.0105,88,84.149,24.9735,52.0227,342.5814,0.6446,7.5727,70.8315,0,9.5019,26,7.4182,1.0062,0
51.1365,0.2575,0.2219,68.4105,405.383,100,89.2127,37.8324,40.6515,136.8534,0.6607,9.1418,97.3387,1,9.5724,30,9.0908,0.8308,0
44.5432,0.9846,-0.0224,111.5178,491.6288,92,76.46,12.6063,45.0934,344.2756,0.7007,7.9856,116.5283,1,7.8105,29,6.0645,1.014,0
55.0529,-0.7425,-0.037,-128.5175,276.7921,97,82.1473,65.2483,47.8008,244.2923,0.8086,7.3742,38.6974,1,6.8772,30,6.4291,1.1971,0
63.7382,-0.4661,-0.4909,87.0764,459.5381,73,67.982,51.0647,102.643,462.4747,0.6643,1.0811,46.1935,0,8.6633,28,7.811,1.1116,0
44.5537,-0.9634,-0.7098,-49.253,372.3427,107,73.5988,45.603,58.8757,329.6525,0.7115,7.1734,81.4991,0,8.4075,25,5.7516,0.892,0
57.577,0.009,0.4462,64.4159,549.6576,88,71.0114,41.4335,91.017,282.5407,0.7368,0.1267,115.5257,1,7.3245,36,7.7356,1.0507,0
52.006,-0.1199,0.3941,-127.6975,647.9095,89,82.9652,46.8151,99.1579,322.6978,0.8678,0.4833,125.3349,0,10.7536,32,4.0563,0.8966,0
46.1618,0.8565,0.8993,5.4631,584.6931,104,97.0697,58.1622,69.0193,264.0281,0.7333,3.0148,91.798,0,10.2155,31,9.2269,1.1461,0
50.0663,0.3868,0.9815,121.5224,617.0334,104,89.0345,26.1939,49.2524,349.5304,0.8791,1.4824,58.1694,1,11.8197,37,7.8443,1.1175,0
62.9796,0.6894,-0.7741,-141.6847,514.3317,92,98.1174,35.2871,72.7075,211.634,0.6604,2.741,66.6036,0,8.2745,29,8.0469,1.2037,0
48.2818,-0.1971,-0.0773,117.9651,478.8867,91,87.9379,29.6455,42.0765,407.4071,0.7135,11.6401,46.2529,1,7.7213,34,8.264,0.9107,0
63.0911,0.4057,0.1254,-17.0034,324.0526,113,84.2022,-1.429,103.3907,263.7511,0.7692,11.2073,120.8065,0,9.5913,33,6.333,1.0263,0
48.8003,1.8127,0.481,116.3778,211.3155,104,70.7756,85.6137,102.5686,383.1605,0.7062,0.8631,93.2043,1,8.0028,27,6.4771,1.1515,0
35.8757,-1.3455,0.7134,165.0196,273.8093,104,83.2331,63.5836,114.0517,376.4721,0.6736,1.0117,129.7513,0,8.1807,34,2.6173,1.1008,0
48.5326,-1.8391,-0.5145,-122.5251,400.5347,119,75.2585,33.7585,103.0661,315.1646,0.9889,6.9793,64.9451,0,9.5413,30,6.7551,0.8418,0
35.0969,0.6369,-0.2705,62.8451,636.8568,118,88.3206,54.7706,88.4098,369.1493,0.8626,11.3434,54.8467,1,6.3682,45,6.365,0.8389,0
46.8229,-0.8485,0.6854,-95.3653,315.6855,70,66.4082,26.7024,63.9962,255.5936,0.6085,9.1415,119.906,0,6.8935,33,5.9755,0.8824,0
46.4388,-1.3817,-0.8365,-131.2005,376.746,89,78.9188,60.0186,74.6892,364.385,0.6748,8.262,74.9553,1,11.9736,23,8.2199,1.1368,0
68.1686,0.5339,-0.5383,46.1097,429.4362,97,80.1745,98.0358,46.7827,139.7398,0.864,4.8393,76.6684,0,10.1743,20,3.427,0.8642,0
66.0937,-1.0044,0.2189,-141.1259,693.2315,110,97.8653,69.0648,90.6197,194.4744,0.7417,8.4574,131.8025,1,2.4346,20,6.0678,0.8994,0
50.854,1.5391,1.0272,-12.5379,494.2606,82,69.7687,10.3849,105.1267,281.9841,0.8037,7.233,95.4627,0,6.4942,32,5.1935,1.1074,0
62.1136,0.1565,-0.8385,48.9436,520.2483,81,91.6816,19.3071,92.7453,110.7612,0.9199,9.4983,122.3945,1,11.2645,33,7.431,1.042,0
46.0226,-0.2026,0.0298,-0.1329,561.605,106,88.2341,20.2678,116.1234,308.7732,0.6463,11.0338,102.5055,1,6.8012,25,7.7081,1.1341,0
35.7276,-0.8216,0.2772,70.9449,709.2379,84,77.4421,41.622,117.575,512.0689,0.8565,8.8619,111.8581,0,7.5718,22,8.9394,0.9933,0
55.2783,0.2152,0.7349,108.5083,512.5577,100,84.0966,48.6703,92.6846,228.8268,0.7959,2.8554,128.1072,0,6.5366,31,6.8401,1.1233,0
53.6138,-1.5909,0.2234,134.0087,235.2082,89,77.5021,78.2298,97.1477,304.4654,0.6903,5.7397,58.9531,1,8.9652,29,5.5708,0.9513,0
40.6247,-2.4683,-0.9208,21.554,519.0393,87,80.146,22.8536,59.4602,204.1276,0.7289,8.6688,114.207,0,5.335,30,7.9298,0.9002,0
41.067,-1.5542,-0.643,-80.413,716.0723,90,87.53,50.4449,34.0599,407.9866,0.6113,9.798,137.5695,0,6.9029,36,5.926,1.0776,0
59.3957,1.1372,0.686,3.4783,596.1544,112,105.4463,-2.7603,107.2508,277.7089,0.9925,2.6581,67.8197,0,8.8013,21,4.5947,0.9748,0
33.1647,-0.9241,0.2201,-40.4321,532.2542,83,89.6417,29.4167,91.9144,298.6439,0.6511,6.7077,67.2952,0,12.6892,39,4.8767,1.1865,0
55.5818,-1.4345,-0.5629,-98.6668,553.0612,101,82.4753,23.1794,116.834,278.866,0.8985,11.2725,148.7035,0,7.2862,36,5.113,1.0819,0
46.8552,-0.0888,0.2467,10.4642,224.4254,89,94.237,7.1906,30.0281,274.1215,0.7753,8.0567,76.5536,1,7.4423,35,11.0358,1.1175,0
55.5956,2.2247,0.1536,-171.8442,203.5124,103,65.7949,65.1734,94.4199,177.0084,0.7872,6.4925,98.0182,0,14.4902,37,9.2236,0.8226,0
59.8831,1.0919,-1.2472,38.0034,634.1171,100,75.9544,36.9346,54.1439,318.0227,0.8368,8.3845,39.3931,0,4.0017,25,4.0494,0.9844,0
41.2568,-0.8004,-1.0497,115.7774,692.8513,119,80.6721,53.5699,69.9866,274.0332,0.9647,6.7457,103.5845,0,7.6584,22,8.4961,1.1246,0
38.5983,-0.8185,0.1554,179.7969,405.576,100,69.6144,22.3196,70.6375,151.2447,0.8243,3.4864,78.7776,0,5.7814,34,7.0792,1.1964,0
64.6629,-0.796,1.0177,151.8045,528.9938,91,74.5896,73.5187,33.2119,116.1227,0.9211,4.8859,103.4403,0,6.1359,25,3.9591,1.159,0
49.4281,-0.9103,0.1319,-147.6663,593.1192,98,63.4404,30.9315,106.6835,283.2616,0.9368,9.9798,86.2746,0,9.1111,22,3.8676,0.8801,0
53.2775,0.5438,-1.2247,-121.5254,749.0099,112,67.2125,72.234,37.9585,269.7458,0.8598,7.0623,118.7162,0,7.3956,34,7.0104,1.1713,1
59.1077,-0.3359,-0.8062,-130.0879,488.0089,102,77.5499,71.4351,115.7537,168.2078,0.8554,5.1263,116.03,0,9.6392,33,2.1723,1.123,0
40.3871,-1.1131,0.3129,21.0066,610.6661,92,70.5939,55.1374,81.3914,382.7581,0.9451,1.3544,93.9473,0,9.1488,28,10.2792,1.1164,0
59.0196,-1.3363,0.3674,-163.4631,798.9779,104,84.208,57.0507,54.7213,247.8247,0.6205,1.3802,69.3144,0,5.1595,37,6.052,1.1418,1
56.4015,2.301,-0.0971,157.3174,457.9327,108,82.6775,29.7656,87.4817,355.7366,0.8548,1.8145,31.4377,0,4.9344,32,9.3492,0.874,0
64.7002,0.7387,-0.2419,-157.7388,509.7191,109,83.5708,17.599,113.4624,216.023,0.8085,11.114,78.321,0,9.5443,34,3.6705,0.9719,0
64.5258,-0.8561,0.3969,-39.1498,334.1634,101,74.9557,53.8219,100.2697,262.3939,0.7063,11.4868,111.233,0,4.641,27,7.7646,0.8256,0
50.6344,1.2124,0.5524,141.8291,341.7078,95,90.8236,54.3373,44.9034,239.3745,0.9127,8.7999,85.0118,0,6.2646,22,8.2974,0.8246,0
57.5306,-1.1524,0.347,161.4162,631.317,107,85.0076,42.4755,57.8896,261.7032,0.7188,0.5747,95.1946,1,8.4773,25,6.7261,1.1508,0
50.4455,-0.1371,-0.477,-12.4953,679.0822,92,82.2453,33.5696,39.7741,322.3517,0.9117,7.228,87.0011,0,9.7924,21,9.4269,1.1062,0
51.4524,-0.2466,0.4496,-4.1646,674.544,103,82.3281,32.7409,95.8152,272.6219,0.965,7.4915,26.905,0,7.8163,31,5.8826,0.9506,0
38.7114,0.1823,-0.1765,49.0238,345.0298,75,77.9247,20.4137,48.0863,362.4943,0.8289,11.816,87.8352,0,10.3429,34,7.3181,1.0093,0
47.755,-0.9421,-0.3008,-33.25,469.1459,109,93.1854,69.1095,97.1057,184.0179,0.9215,2.8726,91.0351,0,6.6998,27,5.123,0.9007,0
32.0523,0.1285,-0.3203,-63.1219,571.7714,110,91.4166,36.0687,41.8557,227.4827,0.7043,8.6773,78.406,1,9.1032,35,7.1653,0.9901,0
48.6252,-1.7484,0.0105,86.1937,158.5537,99,76.3468,31.0846,98.6307,333.8796,0.6626,11.9236,97.7352,0,7.1356,45,7.0458,0.8975,0
63.2004,-0.3767,0.2852,34.329,568.5469,106,81.6493,62.6117,76.3014,389.9326,0.8269,11.269,37.3359,1,9.5437,30,8.4033,1.0363,0
57.7793,1.3352,-1.0103,-6.5984,782.0703,97,76.0343,39.4702,105.4829,308.6735,0.7704,4.2536,50.1769,0,7.3667,30,6.571,1.138,1
51.1225,1.0254,-0.3654,-143.7166,670.5038,85,104.6555,38.0453,76.7026,374.4399,0.7697,1.6964,102.109,0,7.4708,32,7.6908,1.1559,0
47.9796,-0.696,-0.2304,-155.2098,138.453,108,77.4478,72.6253,52.3749,210.8646,0.651,0.9201,88.5241,0,9.7601,38,3.8744,0.999,0
44.5968,-1.5259,0.5182,3.8935,559.6017,97,91.9529,26.9705,91.2899,251.3799,0.9749,0.718,130.2271,0,8.7053,30,7.6365,1.1626,0
40.8149,-2.1831,-0.4334,42.9954,532.3945,115,106.7927,28.1207,57.0287,357.2409,0.6432,1.0568,109.4167,0,5.8599,28,7.1946,1.1087,0
58.1867,0.6175,-0.1655,56.7042,540.7492,98,83.1694,12.1518,38.2818,263.6926,0.7166,11.7544,136.3932,1,12.9724,29,6.1158,1.1724,0
34.6497,0.2784,0.4048,142.1604,516.07,112,62.581,49.4886,104.4124,254.2152,0.7889,11.8432,130.7193,0,3.874,40,1.5634,1.1599,1
34.4199,0.3857,0.0198,113.841,451.0315,105,95.1023,38.2182,95.6579,261.6624,0.8972,1.3881,97.7272,0,4.8572,23,8.8992,1.0072,0
59.0436,1.6906,0.7666,-129.3256,151.1979,112,74.8826,87.2232,35.1704,179.0638,0.8512,0.9823,126.1904,0,10.5255,28,5.3851,0.9549,0
52.0785,0.1529,-0.0751,105.9951,546.6382,91,73.1299,38.1572,113.4255,194.8211,0.6288,7.9749,57.9653,0,10.1888,25,3.506,1.1358,0
50.4483,0.2281,0.9415,63.4691,594.1074,91,97.7927,62.9926,48.3242,231.0108,0.6181,9.8264,108.6443,0,8.8618,33,5.2943,1.1078,0
52.0706,-1.3974,1.0313,118.0904,416.6959,106,66.984,32.587,96.9261,442.8598,0.8284,9.0986,58.398,1,7.3393,37,4.6349,0.8749,0
70.1009,1.6239,0.229,123.6077,688.7861,93,94.3465,66.3242,31.9713,257.5651,0.6049,0.1115,140.5599,0,7.3714,34,5.7262,0.8131,0
50.5604,-0.164,0.2091,-55.6083,253.9721,83,77.762,79.0454,73.0982,264.6565,0.8253,5.2168,89.4843,0,8.2812,25,4.4543,1.0591,0
52.9329,-0.8169,0.2795,-85.2232,241.2018,93,61.4702,39.5269,53.111,366.4976,0.6729,8.6404,87.7522,0,7.628,34,7.733,1.1873,0
70.5806,0.2079,0.4083,18.9483,512.7481,97,88.8404,46.6318,79.9641,299.3681,0.676,9.7542,63.0824,0,6.5681,33,5.2215,0.8955,0
49.3641,2.0003,0.0619,-72.5012,397.7439,94,57.4834,45.6884,54.3148,251.924,0.6717,8.3316,0.0,1,8.5291,37,6.3894,1.06,0
67.2632,2.1352,0.5844,-54.1133,645.8062,92,79.5414,55.3998,74.7171,291.1471,0.9098,3.9565,88.5145,0,9.5523,25,3.6599,0.9372,0
28.9299,-0.9704,0.2502,-155.1024,435.865,94,63.6554,69.7747,31.015,209.1591,0.7896,3.2498,53.7171,0,7.6203,28,10.6342,0.9844,0
38.3812,1.1754,0.6931,176.8909,703.7056,97,76.7193,37.5335,111.71,180.1587,0.6854,9.9484,154.4027,0,9.7049,23,5.2978,0.8874,0
43.3203,0.3357,-0.7264,-68.6531,391.696,97,86.97,70.9979,102.7653,396.494,0.6252,6.5201,89.3149,1,7.5816,31,6.3417,0.9047,0
55.8399,0.9876,0.1081,100.8264,521.5562,96,84.2261,54.0515,32.2472,331.3463,0.7777,3.0517,121.3657,1,7.1324,37,4.8173,0.9499,0
67.7399,0.2767,0.5077,177.537,202.3251,109,82.0799,81.5385,118.7823,106.2896,0.8115,10.4077,127.4879,0,8.2772,30,7.5901,1.0013,0
44.0918,0.6149,-0.5708,168.8854,492.0118,77,90.0925,56.7638,113.5183,379.9029,0.8373,9.8006,136.6502,0,11.1166,27,8.754,1.0439,0
59.7825,1.3213,0.2153,48.1979,510.9041,115,79.9996,21.9018,89.3498,278.88,0.6348,5.9216,133.602,0,9.06,23,7.3444,1.1056,0
72.3723,-1.7492,0.3043,13.9181,681.4369,108,77.8365,64.2579,65.4648,273.8416,0.7497,9.7245,119.7211,0,10.8162,27,8.7378,1.0054,0
65.6476,0.3604,0.8639,-68.6605,273.3374,96,82.8531,50.1873,109.5505,392.3233,0.7379,1.2414,92.2168,1,7.3898,30,7.129,1.1489,0
45.9613,-1.1695,-0.1698,130.1424,457.5522,105,73.3842,44.3502,107.2382,201.6487,0.7318,10.8899,46.28,0,8.6888,37,7.4929,0.8572,0
58.6856,-0.4636,0.1056,-58.3217,717.9249,100,88.6282,60.3926,67.9173,305.434,0.9554,11.7338,79.4189,0,9.9608,22,6.5292,0.9479,1
53.3941,0.001,-0.2779,-141.5794,737.808,98,80.7064,34.4398,93.4411,443.1869,0.745,0.1305,82.7592,0,6.7209,39,6.6809,1.1904,0
43.4055,-1.0078,-0.0704,-74.1246,374.8449,91,87.1578,46.1952,102.939,270.5839,0.8549,10.4017,98.7778,0,4.9573,21,7.9902,0.876,0
54.2729,-0.5814,0.8097,-66.565,397.1465,109,78.2268,39.6144,103.5719,257.823,0.9529,9.0238,145.1663,0,5.5028,36,7.8738,0.8617,0
45.2619,-1.4007,-0.0146,78.6547,245.0496,103,84.9898,63.6276,117.6149,464.4177,0.6019,10.261,93.7613,0,9.7919,32,3.7256,1.0696,0
51.2435,-0.5933,-0.3546,-118.9649,181.5495,100,86.6506,43.5078,102.0014,245.6275,0.8966,3.5619,82.4564,0,11.9724,27,8.2868,1.1058,0
36.216,0.5119,-0.0914,-65.9292,441.6676,84,59.8059,52.8528,79.9306,369.0419,0.8603,11.4604,94.7783,0,6.5851,24,7.5215,0.884,0
32.3707,0.8655,-0.2595,-152.4289,403.2082,93,65.3889,53.2964,102.3646,171.8395,0.964,9.995,45.8824,1,6.4042,27,4.7172,0.8972,0
47.1346,-0.7694,-0.2207,125.4244,809.2279,116,74.4171,59.8551,57.1907,379.339,0.7818,4.9462,106.8878,0,12.8492,25,5.1451,0.9709,0
53.1814,1.3278,-0.2694,80.9192,552.1564,93,78.6882,40.4875,52.2353,244.6516,0.9828,9.4613,60.3285,0,3.4533,29,8.6181,1.1282,0
38.7214,0.5774,-0.25,-22.5047,468.7042,92,92.7535,74.0931,56.6518,391.2537,0.7861,5.1127,94.7605,0,10.4048,36,8.729,0.9675,0
55.263,1.4334,-0.5934,-25.1945,598.3999,95,84.5394,70.7471,78.9787,245.0295,0.6262,3.9563,63.3584,0,9.0179,20,5.1607,1.0413,0
50.4275,-1.7708,0.0346,-120.1062,654.2685,100,85.233,87.5628,82.9727,352.4154,0.9068,1.752,94.0883,0,8.1459,41,8.1139,1.0216,0
56.5025,0.3113,-0.4893,-41.5897,682.0513,88,95.4172,31.9532,58.8238,107.4747,0.6094,11.1319,97.3469,0,8.2696,23,6.0055,1.1346,0
59.4564,0.6112,0.5707,146.4571,538.9371,102,93.7607,53.6511,73.3621,288.9639,0.9865,2.7787,112.5415,1,8.407,26,7.2743,1.1735,1
63.4358,-1.7185,-0.156,-130.0831,496.4556,108,69.9149,18.2734,81.9372,307.9503,0.6002,6.1341,108.8248,0,8.2667,20,8.1863,1.0482,0
56.0327,2.4142,0.2043,95.4102,523.7284,96,92.3299,27.5361,54.968,201.2474,0.8819,6.3413,117.403,1,8.9465,29,6.9131,1.1467,0
47.0474,-0.6366,0.2053,-163.0167,491.2292,88,81.0484,64.891,35.1112,303.5212,0.6416,0.4065,93.1805,0,4.4394,28,8.5837,0.9254,0
51.8886,0.5439,-0.9182,-67.7954,420.6159,107,74.8474,47.6529,39.4991,567.2193,0.8014,9.5595,64.6928,0,8.4613,31,8.6597,0.9268,0
73.2918,0.9267,-0.1332,124.8975,656.4786,93,77.0653,30.6723,85.1445,198.2085,0.6485,8.3218,75.5647,0,9.6599,27,7.1767,1.0994,0
59.8546,0.1012,0.8592,-19.8059,471.0714,107,73.745,65.5556,112.9623,345.293,0.8295,3.4756,97.7374,0,5.9275,33,5.2853,1.2031,0
50.7154,1.3858,-0.3879,72.9699,347.8486,102,81.4117,56.727,70.1083,240.881,0.8234,11.1939,121.5501,0,9.5548,32,9.187,0.8907,0
48.4947,1.9952,1.1357,-142.725,503.086,107,79.1704,2.1383,75.7669,420.5242,0.6273,11.8987,105.7444,1,8.3911,35,2.2656,0.8501,0
44.0176,-1.1096,0.2722,66.0333,607.4996,95,92.3599,72.0985,33.6164,326.4586,0.6586,8.0861,120.1881,1,6.5036,32,5.5666,0.8743,0
38.128,0.1161,0.2585,114.8474,281.6091,99,99.3301,51.2194,115.7106,250.0033,0.8856,8.9841,105.604,1,6.0214,37,6.1137,1.0842,0
67.0811,0.9157,0.1197,109.8885,459.6692,99,75.9482,39.0725,107.2464,312.6383,0.8664,0.7144,89.1189,0,5.8086,27,4.2136,1.1801,0
54.785,-1.633,0.523,-22.0069,379.6834,86,67.0424,23.1222,73.9295,469.2851,0.716,5.2246,98.4208,0,5.3623,35,6.5039,0.9398,0
37.3115,1.0643,0.5507,145.4908,827.4038,101,86.6784,59.2388,109.3975,252.2015,0.673,0.296,98.1299,1,5.5512,38,7.283,0.8897,0
48.7466,1.7065,-0.0093,26.991,513.764,95,89.4178,40.3593,69.3269,389.1658,0.8704,8.629,102.236,0,7.6581,27,6.7825,0.873,0
62.7049,1.2839,-0.2152,114.4338,732.8292,98,83.8048,47.034,71.1665,192.7245,0.8148,9.97,108.5879,0,9.1687,15,5.0147,0.8579,1
45.5306,0.4384,-0.7124,-103.1546,536.618,95,64.6128,51.0796,91.4713,341.4464,0.7006,1.4284,85.4983,0,12.4849,26,6.1467,1.0953,0
41.8551,1.5395,0.4069,-104.3134,550.0174,111,72.0774,60.4938,59.1015,290.5748,0.9915,1.1255,100.5234,0,8.2149,18,3.1024,0.8946,0
53.5677,0.3575,0.0328,91.5704,490.7876,109,81.4721,55.7377,109.3379,419.2908,0.7513,9.8802,91.7998,0,4.761,29,5.9825,1.1961,0
56.5815,-1.3196,-0.4219,52.7886,466.5481,114,73.8396,80.282,49.2351,294.571,0.8746,6.0851,133.8583,0,9.6528,32,8.6664,1.1554,0
45.5432,-0.5219,-0.2902,63.4716,488.9192,89,70.0228,14.468,116.4579,427.3113,0.9535,10.1566,67.0136,1,8.643,32,7.2931,1.0415,0
44.0046,-0.2556,-0.0342,-94.8347,401.3922,90,101.4443,38.5379,113.4317,219.6111,0.9814,4.7489,62.1651,0,9.0528,27,6.6491,1.0979,0
54.6059,-0.064,-0.4907,-36.1359,498.3411,104,70.0027,71.6386,61.1075,180.2197,0.9584,2.0933,71.4267,0,8.7666,36,7.2208,1.0676,0
38.7515,-0.0942,0.0243,-86.9833,256.4462,84,92.0654,91.2253,89.4559,203.4133,0.8368,4.451,64.551,0,6.6743,32,6.2989,1.2031,0
44.618,-0.3383,-0.8101,-155.4747,526.0168,99,84.1269,73.3156,74.7013,346.7662,0.6837,3.3511,78.5489,0,9.1236,25,7.2655,0.8539,0
48.7964,0.2188,-0.2662,-106.5812,319.2752,83,86.0829,60.1202,82.6076,191.9774,0.9709,6.1102,57.1215,0,9.2226,28,6.6376,1.1634,0
57.3903,1.5042,-0.5809,178.2591,514.1647,87,91.3789,67.5404,45.5491,77.4974,0.9908,10.6896,122.9976,0,5.8748,27,7.1999,1.0744,0
45.7233,0.2141,0.1002,-95.7449,548.1437,101,73.1111,66.9111,97.3727,266.0983,0.6025,4.2903,96.7129,0,8.4243,20,3.6055,1.0286,0
55.6329,0.6287,-0.4889,-122.6544,712.5604,91,77.0022,38.4808,75.9296,316.1316,0.9644,8.8223,100.4475,1,7.9315,29,4.9859,0.9765,1
61.6604,-2.1939,-0.2795,70.8756,547.5156,115,84.7261,62.2144,39.3762,254.9752,0.9546,7.6674,63.5126,0,9.2095,32,5.414,1.2042,0
44.9356,0.126,1.1299,36.772,460.0471,100,61.5076,30.6796,101.9332,186.9324,0.7804,2.6727,95.6523,0,12.7895,25,4.1906,1.1362,0
82.2293,1.0868,0.4325,88.5647,405.67,120,96.4963,52.7445,111.1629,416.6403,0.9178,3.8074,94.8869,0,7.6928,24,7.6477,0.8123,0
64.1958,1.2469,0.3003,55.3223,607.4483,90,81.1597,40.2744,30.5557,381.0321,0.9799,2.4778,16.585,0,10.7037,31,6.3325,0.8212,0
52.7245,1.1451,0.6488,-99.7224,485.1318,93,70.5806,59.5516,102.6168,333.9724,0.7236,9.0992,50.3291,0,5.5729,26,3.8187,1.1108,0
48.1821,0.3034,0.2562,0.3262,387.1393,92,90.9381,39.4352,81.0654,430.0823,0.7882,1.539,67.637,0,8.6919,36,6.3105,1.0213,0
44.4468,0.4139,-0.7022,-116.4086,523.0079,108,80.9161,51.5025,34.536,209.8561,0.6559,6.9424,110.8939,0,8.2769,35,4.0009,1.0334,0
66.6127,-0.6727,-0.6582,-88.7263,221.4585,91,72.7852,29.9184,70.1016,278.9076,0.7169,2.0553,77.2807,1,8.1662,31,5.2723,0.938,1
52.105,0.845,-1.3549,175.2904,511.9996,91,89.4583,42.6445,67.4084,417.0267,0.9536,2.3689,114.83,1,5.5073,26,6.361,1.1781,0
35.6118,-0.6674,0.101,82.3248,382.9354,100,56.745,73.2742,47.2826,316.1393,0.6718,0.0622,107.2716,0,11.1636,40,8.1294,0.8956,0
32.8788,0.6809,-0.5301,101.8262,451.0478,104,84.1956,12.8685,62.4024,470.1407,0.9768,5.2896,34.8402,0,9.3268,38,8.959,1.0791,0
51.1244,0.0415,-0.2852,-169.1787,799.1291,93,93.1027,51.2234,75.2656,124.9849,0.8235,9.7123,111.0538,0,8.0205,31,7.1152,0.8305,0
51.3445,0.0149,-0.1599,-42.4318,427.2067,89,71.6704,78.099,79.4217,118.2115,0.8815,1.0571,66.4809,0,6.7185,31,4.1897,0.9175,0
40.8303,1.0012,-0.3042,19.8896,618.4754,85,67.182,67.8501,43.1308,250.3828,0.7572,10.1553,105.6652,0,8.7958,31,5.1047,1.1728,0
34.8556,0.5612,-0.0172,-126.1174,657.3821,95,84.2319,51.7038,82.792,358.3398,0.6937,10.122,42.9261,1,9.8752,38,9.7258,0.9784,0
30.3691,0.2826,-0.1415,125.4767,628.0641,113,73.2324,65.0033,53.0997,371.0984,0.7929,2.786,67.5862,0,7.4576,32,2.0672,1.0621,0
42.4067,-0.4977,-0.1913,-129.7439,555.6746,115,102.4809,35.2874,44.679,276.1323,0.7221,10.4788,53.4015,1,8.0375,37,2.8294,0.9414,0
46.3725,1.6023,-0.774,49.142,333.856,86,74.699,64.6856,59.7712,403.138,0.808,9.9184,88.2353,0,8.5109,31,7.7274,1.0519,0
56.9177,0.333,0.1209,19.1474,402.4178,97,78.0561,74.6159,87.3159,341.5712,0.6402,7.8525,112.419,0,5.9696,28,5.1358,0.8217,0
48.6967,0.7474,1.0879,125.7528,325.1351,90,85.2143,54.7196,116.3708,306.575,0.967,9.9756,57.7578,1,4.7972,29,8.516,0.91,0
60.6399,0.0809,0.1381,-67.7481,447.2066,94,61.8168,70.0806,104.2095,433.0458,0.7096,0.8839,110.6761,0,6.4528,44,4.34,1.1729,0
56.0507,-0.6937,1.1345,-77.7299,448.952,109,80.5969,29.6949,107.8834,306.5291,0.8537,3.829,87.0095,1,5.9624,31,5.7532,0.8689,0
55.1323,0.3549,-0.2842,124.7087,362.9362,117,91.1945,26.8169,49.4849,227.3022,0.8591,3.4637,146.2427,0,8.2488,27,7.6083,0.8785,0
59.7925,-0.5958,-0.1264,-100.2939,582.103,115,79.1888,65.6294,71.5351,278.2142,0.7001,9.3795,92.9751,0,10.0162,31,4.7676,1.003,0
36.1331,0.4378,-0.0099,88.5749,425.986,87,68.5208,99.4461,70.182,197.9514,0.9987,9.0208,59.1562,0,8.109,41,4.0364,1.129,0
44.6376,-3.2653,-0.0849,-111.1875,445.5859,100,75.6581,51.8196,71.4384,280.2444,0.7935,10.6919,113.9902,0,6.477,20,2.8815,0.8881,0
74.0141,-0.4008,0.5825,135.2503,264.6716,115,60.8518,67.7087,47.9737,218.1748,0.9019,3.4618,64.4827,0,6.461,29,4.5906,1.1542,0
30.9377,-0.0143,-1.0954,122.0629,510.3916,101,77.091,-8.731,105.9031,166.7182,0.6126,5.6859,62.6763,0,7.2099,31,8.2085,0.8434,0
47.0221,-0.9544,-0.2273,103.4867,485.8666,99,91.1011,62.2374,59.8552,252.1577,0.6921,0.2251,76.3551,1,10.7869,26,6.5007,1.0143,0
54.7615,0.3638,0.8317,-3.0703,410.0785,97,73.7565,40.1733,72.6906,149.5287,0.6422,11.8818,82.4362,0,5.8221,24,8.6193,0.9302,0
31.2306,-0.4222,-0.2483,-167.8179,557.1682,118,86.9918,90.032,62.6379,374.8871,0.7391,4.9324,93.2694,1,7.9988,36,6.8039,0.8717,0
42.4732,-0.0059,0.4643,-132.3125,517.83,114,65.177,65.4947,61.2622,363.6639,0.8976,6.695,60.8498,0,7.0811,24,6.5716,0.9149,0
69.96,-0.5515,0.3021,-15.6222,588.1362,99,98.7939,51.6773,85.2577,401.6467,0.6564,6.3893,74.9653,0,8.6086,34,4.0416,1.1189,0
51.7044,0.9719,-0.0363,-164.2868,594.8986,91,91.3132,39.0776,119.3709,246.8426,0.7653,4.6711,71.9175,1,7.1278,22,3.805,0.819,0
44.2555,0.546,0.1583,-157.1499,607.2586,106,75.0783,75.6572,109.6417,345.3129,0.6784,2.7953,100.0968,0,7.9952,39,7.1139,1.2017,0
52.1047,0.2979,-0.0427,-134.8186,750.3043,108,66.7695,76.1315,113.5008,185.8693,0.6907,8.9538,60.6133,0,4.8905,32,3.2967,1.095,0
44.2364,0.062,-1.0632,-86.0952,519.2897,109,74.9186,33.8501,69.0612,242.922,0.6195,4.5129,42.193,0,5.2696,41,7.976,0.9289,0
67.1252,2.5306,0.23,89.7562,358.0899,96,82.8198,73.4423,47.1143,402.5145,0.8032,8.0702,57.1514,0,7.5071,33,6.5252,0.9582,0
40.0897,-0.1574,-0.308,-162.7263,435.5074,88,90.8601,70.3125,31.2156,417.4553,0.6664,8.7645,76.4226,1,7.1343,21,8.297,0.9684,0
44.7721,-0.6969,-0.6884,174.1102,439.513,84,58.8975,55.522,33.9387,312.3457,0.7233,8.7117,99.8406,0,7.7566,25,5.4696,0.8145,0
35.0778,-1.1731,0.1935,-81.4214,362.0279,116,92.0549,66.5863,95.3776,367.8514,0.7431,0.9784,117.4926,0,7.9228,35,3.9692,0.835,0
47.0455,0.9054,0.1605,-64.7288,122.998,91,82.5687,61.3394,62.6863,276.7484,0.691,11.6951,53.1382,0,9.2137,21,8.1934,0.9372,0
48.2543,1.6312,0.4907,-90.7614,534.6836,106,68.3657,29.238,88.8211,400.5818,0.7912,9.115,45.2696,1,6.7275,21,6.0705,0.903,0
61.9564,-0.8481,-0.1306,36.8607,505.05,93,54.5091,57.1772,79.7458,208.9531,0.6354,7.1677,84.5893,0,6.2908,35,5.7362,1.1135,0
39.8327,-0.2849,0.4294,-173.0064,787.0859,85,81.3747,47.4494,118.189,312.0259,0.8828,3.4611,69.2829,0,11.0416,37,8.9968,0.8975,0
54.8363,-0.3594,0.0106,-146.315,777.5616,98,82.1989,28.2674,94.1405,418.4014,0.7167,1.8182,75.1239,0,9.7343,18,12.4572,0.94,0
50.8673,-0.1241,0.1726,-144.4401,601.9737,101,73.8368,34.327,118.4381,249.4062,0.8045,9.5313,132.8724,0,8.7004,23,2.0027,1.1925,0
31.075,-1.7678,0.2139,59.2317,584.4021,76,89.1209,16.8279,57.0193,298.6203,0.6459,4.7325,50.1622,1,8.0757,24,5.1099,1.1465,0
42.747,0.8067,-0.6653,-61.3722,375.5548,91,100.3392,15.2107,59.8487,343.2597,0.6104,10.9413,83.7636,0,11.3137,35,5.1905,1.1376,0
42.3494,1.1902,0.1885,-22.5021,528.2949,94,76.0052,38.466,75.91,393.9488,0.7398,11.2854,104.2213,1,7.8687,24,3.3278,1.1387,0
66.8304,-1.9046,0.052,161.9904,482.5198,96,72.5334,72.1586,74.69,225.8787,0.8691,0.6683,66.0594,0,9.262,25,7.0212,1.0622,0
55.4573,1.7579,-0.1356,-107.9846,521.8662,85,97.1681,24.1886,76.8422,337.5778,0.7798,6.9642,120.7389,0,9.8033,25,4.4331,1.0194,0
51.4467,1.6175,0.0572,-154.7292,384.6602,120,77.7931,25.9779,106.6892,397.927,0.8833,4.6046,135.007,0,11.1991,37,5.1781,1.139,0
7.0461,-3.0699,1.2748,-21.0876,562.8673,105,86.5931,88.3253,94.2777,397.5982,0.8617,4.9011,84.5681,1,10.8575,38,4.3621,0.9452,0
30.9173,-2.1733,-0.9597,-120.9336,294.5987,73,73.9275,30.9822,46.0272,295.6826,0.8841,7.3944,136.1421,0,6.5759,25,5.4343,1.0278,0
57.2779,-0.1329,-0.0658,-127.9234,955.324,99,91.403,50.6035,82.8159,265.1695,0.9413,9.3281,93.8603,1,7.8462,26,2.1105,1.1555,1
57.8204,1.316,0.4059,-32.3525,717.0601,100,67.5551,60.0333,45.763,298.7518,0.7078,6.5961,58.5339,0,7.4284,29,2.6959,0.8477,1
42.5775,0.2898,-0.623,61.0744,699.0838,101,81.4508,46.0565,67.9085,229.2758,0.6029,9.081,115.5234,0,6.1849,29,1.6382,0.8172,0
50.2768,0.0214,0.1855,-92.5733,308.6937,96,82.9595,49.0966,111.8562,353.6039,0.6199,11.5825,58.7791,0,7.4434,19,6.2413,1.1703,0
49.5676,0.5737,0.1512,135.347,256.8936,105,78.1744,33.9163,36.5847,313.4495,0.6873,4.9324,52.8519,0,5.316,24,9.0979,1.0935,0
51.6945,-0.8081,-0.7945,-49.5187,541.2157,79,73.6366,37.043,116.6975,55.8085,0.6441,5.3344,113.3909,0,8.2515,25,7.105,1.0364,0
46.28,1.2774,-0.2922,156.2574,454.3324,111,97.9295,56.4619,49.9314,336.357,0.7141,8.0803,67.5563,0,2.5332,32,6.6133,0.8613,0
58.1537,-0.1036,0.8917,-2.7377,777.1589,102,88.0886,25.9569,45.7986,251.1241,0.841,0.4736,142.2354,0,9.189,27,5.5934,1.2057,0
61.0611,-1.633,-0.7953,81.6256,594.1654,108,71.3486,78.613,73.2491,316.4022,0.9065,1.4079,39.6487,0,5.7977,25,6.5024,0.9332,0
40.4038,-0.7955,-0.2195,125.6461,493.8137,111,61.1615,14.1859,110.5156,451.7506,0.6625,1.8066,119.6388,0,5.6517,31,6.5684,0.8306,0
38.0563,0.369,-0.0826,10.6992,721.9825,115,94.7852,54.2842,46.8807,208.9381,0.83,6.9382,85.841,0,9.6102,31,5.0177,0.9791,0
42.0389,-0.2897,0.0021,126.1164,527.319,108,70.7391,28.737,30.6794,260.4914,0.9587,6.5291,25.6087,0,7.6179,37,3.4807,0.8315,0
50.4872,-0.3933,-0.2065,-43.9266,534.3495,92,80.618,59.4396,67.6996,276.7896,0.8972,3.6712,123.7495,0,7.205,27,8.8882,1.0089,0
53.5563,0.2029,0.0411,-49.1745,656.3183,88,80.9187,30.5853,81.6119,169.7384,0.6621,6.8989,61.2924,0,6.0474,28,3.2066,0.9721,0
57.8845,0.3586,-0.0178,105.8628,398.3753,102,82.859,61.8189,97.2486,310.0284,0.8572,11.5714,17.1187,0,6.4984,31,3.5143,1.094,0
59.7142,-1.2304,0.3551,-93.1429,652.8041,87,63.1162,66.3052,35.0407,343.3653,0.7914,10.3439,144.1676,1,10.4194,40,6.0237,0.9988,0
53.6245,1.2235,0.4223,78.1339,584.9042,93,76.509,68.0523,76.9765,261.5242,0.7003,4.3138,114.2375,1,8.4821,24,6.975,1.0823,0
52.2959,-0.1311,0.2198,-152.2487,361.8903,91,79.8424,40.251,45.0152,355.1268,0.811,11.4156,80.855,0,9.3987,25,6.8296,0.9242,0
66.489,0.4197,0.1183,48.825,793.7081,103,79.445,80.1298,68.706,448.8784,0.6646,4.2578,127.96,1,4.986,36,7.8794,0.8723,0
50.05,0.0974,-0.7818,159.0875,431.3796,104,87.1482,51.0976,117.2461,230.9839,0.7266,6.8821,92.4126,1,10.8405,24,6.2914,1.073,0
55.9005,-0.4101,0.0579,-15.6723,254.8277,90,81.6497,49.1687,118.1857,284.7285,0.7436,8.234,94.8591,0,7.1197,35,8.1843,1.1266,0
53.2025,0.9116,0.557,-30.2526,383.3619,108,84.4524,61.0302,118.6813,270.6295,0.7342,7.3074,137.7923,1,5.5974,33,3.8238,0.9694,0
48.2681,0.0812,-0.8054,14.5947,344.6406,91,74.0131,17.3223,62.6964,477.4093,0.6366,10.1408,99.9669,1,7.1071,26,9.121,0.8117,0
48.3341,0.0733,-0.6586,79.0438,529.354,80,97.0709,45.4476,93.2633,357.2683,0.7661,6.7834,123.3128,0,9.63,29,3.298,0.9482,0
63.2196,-2.4887,0.746,-50.8189,743.3777,120,77.1066,57.2714,108.5397,407.0717,0.937,4.4952,74.6374,0,9.5447,19,3.3564,0.8279,0
49.0977,0.82,-0.7489,-179.9532,537.3049,102,83.2927,38.337,75.5107,281.2556,0.9354,6.5463,50.7462,0,5.8688,24,5.69,1.1169,0
46.4733,-0.1705,-0.0514,0.7505,737.8794,96,81.1425,49.2323,72.7047,479.8277,0.7683,11.2151,80.571,0,7.8699,38,7.0551,0.8257,0
42.6294,0.7549,-0.2758,-29.0599,659.9916,109,84.5102,83.459,95.0038,400.3435,0.605,8.5227,110.8701,0,7.0124,18,7.7596,0.8577,0
54.2254,1.645,0.7159,11.7731,100.0266,90,92.0049,33.9968,75.2545,210.507,0.8319,3.3632,136.4124,0,6.4941,34,2.6528,1.0041,0
44.8786,0.8234,0.1515,77.5124,634.9204,97,71.5913,66.0325,82.4048,180.7485,0.8383,0.2368,93.4915,1,12.8129,27,6.3083,0.9593,0
53.3179,0.0542,0.3956,-77.9792,412.8525,105,88.2566,37.4958,70.7721,305.7096,0.9426,7.2531,154.8612,0,7.219,36,4.6483,1.1356,0
51.7772,-0.2864,0.0278,1.8935,576.9056,86,87.3722,51.6266,95.8325,352.3872,0.9353,1.769,69.6479,1,10.7831,27,4.9372,1.1384,0
45.7261,2.5257,0.9976,-88.78,491.3186,99,81.7336,60.698,106.4769,263.434,0.9099,6.043,64.2127,1,8.1051,25,10.2358,0.9062,0
36.0442,0.4834,-0.372,-14.6352,917.9206,99,82.2678,66.492,70.8583,226.66,0.9427,2.9492,95.5432,0,7.5327,29,7.2313,1.1385,1
39.7078,0.2096,0.1718,-55.9659,565.4103,107,68.444,57.4799,74.1961,396.8286,0.6995,10.7697,98.2397,0,10.9054,41,4.8805,0.8455,0
41.2813,-0.1829,0.6285,-47.1451,587.5705,94,76.6034,64.8905,113.0463,336.2839,0.8269,1.5586,81.4616,0,11.254,21,6.3836,1.026,0
39.9597,-0.8966,0.7419,28.57,661.7381,110,60.9276,46.4603,80.6831,292.2286,0.9736,11.8111,78.5633,0,7.5093,29,2.019,0.9073,0
54.5527,-1.9507,-0.134,68.26,276.633,97,76.9386,41.3855,72.742,226.7856,0.8123,1.3281,68.8137,0,10.5986,35,3.9064,1.207,0
71.2918,1.5212,-1.0125,-175.4429,662.5186,88,79.3674,70.6899,117.3746,293.3768,0.9556,7.2637,112.7315,0,7.6853,31,5.2065,1.133,0
44.8901,-0.7794,-0.1921,135.5908,467.6593,118,66.0117,13.1977,35.9777,224.4869,0.9628,6.2305,95.588,0,8.0909,34,5.8454,0.8906,0
46.1573,-0.1903,0.8718,-48.8393,396.2824,105,82.9911,41.9316,86.0709,391.874,0.6281,8.7025,102.8634,0,8.7001,23,5.7241,0.9212,0
44.1542,-0.1061,-0.3816,51.6997,623.0046,85,92.0717,45.0314,32.2997,374.5624,0.9662,2.6988,17.8743,0,9.8324,26,6.8838,1.0852,0
58.5768,1.4331,0.1456,-135.9387,276.7515,99,82.1544,53.5761,70.4047,205.4231,0.6405,5.1426,124.9095,1,11.5048,20,5.6941,1.1614,0
54.2636,-0.7663,-0.1536,25.7242,640.8408,111,79.9452,68.0321,59.1867,208.3384,0.7609,0.0534,65.2906,0,6.3272,31,6.4713,1.0331,0
49.8337,0.2573,-0.0361,64.2454,476.3772,99,74.7459,54.1262,69.1143,430.7124,0.9008,8.0438,128.7861,0,8.4163,28,5.3181,1.0561,0
37.8689,0.5122,0.6561,-123.3223,484.9789,96,83.7158,45.649,111.2712,380.3603,0.6283,3.8336,53.9329,1,4.9795,36,5.3525,0.869,0
40.3224,-1.3845,0.1272,148.3757,163.3694,105,69.8375,66.7123,75.8285,369.3753,0.7581,11.5021,52.2072,0,7.2039,36,6.9312,1.189,0
51.7529,-1.4785,1.021,92.6879,635.0631,104,55.8823,55.6825,82.5475,414.23,0.6938,5.5058,76.6144,1,8.4464,29,4.8798,1.137,0
52.2329,-0.715,0.4881,12.211,537.144,94,95.7959,52.5878,59.6538,203.1539,0.8823,8.3238,101.9358,1,7.133,35,7.7187,0.931,0
49.8389,0.2437,0.0656,-120.2162,429.9233,96,89.6072,82.0331,118.6721,278.5066,0.9476,2.0921,124.6507,0,9.8547,33,6.2146,0.8363,0
56.6493,0.1165,-0.0471,131.5985,360.8843,96,69.0077,69.3804,117.7282,489.6487,0.907,9.6734,84.6886,1,9.8106,31,6.1004,0.8893,1
37.7742,-0.1191,0.1659,-155.2947,617.2372,95,65.539,103.0886,108.4572,451.8885,0.8198,0.18,70.5666,1,11.273,34,10.489,1.0839,0
53.0359,0.6524,-0.6166,-138.5382,552.2274,86,81.0638,10.9277,93.7326,358.6187,0.9374,0.645,127.0833,0,6.0832,33,3.7963,1.0179,0
52.4799,-0.8568,-0.5288,71.3427,500.7775,130,80.6441,75.8908,68.5214,320.9043,0.9423,9.3256,82.1842,0,10.2402,25,8.9397,0.8476,0
40.4206,-0.1705,0.3785,-88.6101,351.762,107,88.162,79.7091,41.3905,355.2663,0.7983,4.8546,83.6561,0,4.3451,41,5.4785,0.9976,0
43.951,-0.1135,0.4598,-14.6456,545.418,101,76.6501,36.3601,111.8227,292.6513,0.942,0.6447,117.7763,0,7.3805,28,5.8683,1.0546,0
56.9313,-0.8298,-0.6615,14.0076,536.486,94,91.5495,47.6772,78.0529,230.407,0.9568,4.7003,108.3669,1,6.6682,39,6.5049,1.0454,0
38.6141,2.3017,0.4298,-15.0357,697.3835,96,77.8335,51.7288,80.5585,219.152,0.6034,1.931,110.9989,1,9.3462,30,6.0547,1.1057,0
74.6377,-2.1604,-0.0879,-149.7983,320.3827,125,92.1301,41.024,39.2266,518.4113,0.9521,5.6125,119.3528,0,4.1358,28,5.1325,0.9848,0
55.5576,1.2407,-0.4156,85.4908,392.6252,119,78.1856,43.1876,101.3323,241.4742,0.6222,11.8745,57.5129,1,8.8534,33,5.046,1.0639,0
49.4266,0.8001,-0.1573,-93.6035,791.542,107,71.3578,116.1225,79.7103,404.5957,0.7197,0.1507,97.7577,0,4.3315,29,8.6081,0.986,1
47.4785,0.8083,0.4441,85.8714,528.7314,98,76.2556,50.0426,53.2556,84.4972,0.8217,9.3469,66.1112,0,8.3838,26,5.2166,1.0865,0
57.882,0.0958,0.3044,131.5047,537.9094,96,86.5424,61.7977,45.4645,247.8626,0.6977,4.4084,67.7615,0,8.4901,26,6.1579,1.1916,0
45.8865,1.3336,0.1487,13.0946,644.8938,109,83.5384,57.4916,85.2557,288.7056,0.9503,9.4128,118.2966,0,7.4279,28,1.4712,0.9155,0
46.2968,-0.4484,0.1892,74.2955,771.8565,91,80.5253,51.8691,107.7541,245.1973,0.9153,5.3565,123.1436,0,10.2884,25,6.8527,1.1207,0
64.5259,0.3924,-0.5705,-166.7024,325.722,105,69.562,27.5198,77.263,223.0395,0.7937,9.0124,163.3799,0,6.3353,27,6.9621,1.1143,0
45.2844,0.0732,0.2734,-166.7707,827.2751,90,79.4,69.2945,107.4626,393.918,0.9349,6.5983,92.6184,0,8.7755,31,3.8345,1.0074,0
51.3608,-0.2323,-0.2286,-109.0216,493.453,96,73.4712,49.0531,46.8572,334.6985,0.927,8.9396,50.0337,0,8.2017,27,9.3757,1.0132,0
42.3979,0.1219,1.0106,-50.982,539.5774,96,73.212,18.863,79.8051,245.4186,0.7318,6.1575,114.9841,0,11.1049,32,6.0985,0.8418,0
52.5904,-0.9488,-0.19,-114.1978,509.0097,112,89.9531,53.2325,69.7013,236.5812,0.6258,8.0477,67.0428,0,4.7838,29,7.5876,0.9825,0
55.8061,-0.664,1.1131,48.5857,724.6721,92,72.3365,56.1581,59.0689,164.4101,0.8369,5.5178,75.4174,0,11.1679,27,3.8795,1.1862,0
66.829,1.5803,-0.0806,-80.3205,643.7687,97,71.7685,73.2061,39.013,189.1524,0.9142,2.8264,117.7313,0,10.4531,32,7.3225,1.1095,0
40.6265,2.8816,-0.0475,124.4704,478.2562,108,83.1408,23.0384,48.5576,193.3996,0.9708,9.0871,86.3497,0,8.7699,32,4.7804,0.9298,0
35.5213,0.52,-0.1472,21.8174,330.9622,99,70.838,47.6799,109.947,255.1865,0.6148,5.9868,105.3449,0,8.1148,27,5.0211,0.8727,0
47.3321,0.8336,-0.6291,-43.8914,463.5655,84,74.4579,36.3825,62.5957,606.6891,0.7617,4.6987,93.6205,0,6.9384,31,4.6162,0.8804,0
43.8289,0.252,0.6632,141.5081,299.3889,107,99.2555,33.3476,107.2171,245.2023,0.8734,11.8949,111.9521,1,7.3826,32,6.5957,0.8582,0
49.8455,0.4551,0.0485,118.2107,633.6672,97,78.327,54.5001,103.271,255.1918,0.7832,0.6404,82.5692,1,6.7557,20,8.075,1.1785,0
55.2199,0.5438,0.3135,115.2127,398.2336,112,86.7584,41.0969,57.4439,244.3834,0.6897,8.7023,54.4426,0,5.5773,31,7.7053,1.0757,0
72.6502,1.0354,0.8075,82.2064,484.6324,74,105.1525,60.076,73.037,345.3009,0.8379,4.9708,123.1848,0,9.3878,34,5.2501,1.1204,0
45.4851,1.5369,-0.0656,41.1172,675.9747,94,81.9949,32.142,70.7959,172.4001,0.9511,3.9951,71.9869,1,9.9266,35,3.7435,0.8616,0
27.896,-0.8844,-0.0464,-47.9436,621.0598,87,85.2474,47.1636,110.7344,199.2733,0.9778,10.7424,104.6293,1,11.0263,24,3.7471,1.0799,0
47.6202,2.8278,0.0725,-27.8638,557.4792,98,83.1258,55.7329,85.3469,409.6253,0.9971,9.3108,102.9071,0,7.7725,27,6.5643,1.1302,0
53.5053,0.1383,-0.6414,52.9646,380.6543,97,76.7469,58.3683,69.3735,326.4803,0.7538,0.2462,87.5399,0,9.7037,34,4.0285,0.8352,0
40.3037,0.1386,-0.9144,-117.7663,572.7797,83,81.259,53.7511,76.7496,317.1754,0.6811,8.8299,93.6497,0,4.4367,38,5.5735,1.0655,0
52.3368,-0.4129,-0.7518,118.0133,380.7026,93,78.2131,49.1566,105.7375,388.9572,0.9226,0.0993,91.9699,0,7.7701,32,7.8542,1.1064,0
51.3748,-0.4091,0.6206,157.9213,574.1531,96,70.8909,38.4421,57.7055,303.9743,0.8752,0.5681,19.4056,0,7.5314,31,4.0626,0.8948,0
52.5985,0.6164,-0.163,-144.7241,303.9423,118,88.331,81.7622,67.4437,180.7651,0.9014,3.0559,94.1691,0,8.6039,32,9.1908,0.8794,0
57.9132,0.6372,0.3922,-171.916,681.0755,106,61.9058,54.2824,41.745,349.4766,0.7456,11.7697,100.9754,0,6.1592,30,7.3209,1.007,0
49.1731,0.5652,-0.1293,-128.6279,529.9325,86,80.0765,27.3096,81.1207,356.3688,0.6893,4.6953,122.7774,0,7.0834,31,5.2539,1.0575,0
55.4754,-0.4548,-0.7888,93.5649,498.0843,96,77.2072,10.7176,117.2826,148.0708,0.9114,6.8306,48.6099,0,6.4517,28,6.6818,0.914,0
32.0104,-2.7012,0.433,-141.1824,558.6779,111,69.6383,73.938,60.9814,330.5651,0.7781,9.3754,105.2443,0,9.8146,29,7.3753,1.0754,0
40.3762,-1.7955,-0.4445,-45.9902,482.6801,78,86.2284,24.2265,114.6682,365.1073,0.8754,3.1431,52.9805,1,7.7892,30,8.0864,1.136,0
46.5847,0.0133,0.2899,-157.2755,510.201,110,69.7826,53.7178,102.4094,369.5801,0.9489,11.2663,130.4431,1,8.0788,27,2.6482,1.2012,0
39.9487,0.3359,0.4618,-24.2794,693.6948,95,75.9217,26.1138,101.3202,383.6867,0.7378,5.5379,76.0228,0,6.4088,23,6.5037,1.0906,0
50.066,-0.4197,-0.0222,37.3893,658.5698,98,87.2776,52.8689,96.8289,341.2272,0.9071,10.5297,111.8152,0,9.751,26,4.6568,1.1484,0
46.5626,-0.6929,0.237,46.2635,606.9479,92,60.7472,56.2422,98.3878,399.6741,0.7812,5.4296,133.0313,1,8.9511,25,8.7395,0.8963,0
45.4487,0.2967,-0.7116,6.8095,537.798,94,90.7751,66.013,60.3372,200.2243,0.8472,10.8857,86.4037,0,8.0664,32,5.4879,0.8901,0
58.838,-0.1076,1.4625,157.7188,452.5313,101,79.6359,48.17,104.9032,454.7351,0.9313,10.3255,70.6408,0,6.2724,34,7.6073,1.1904,0
50.8382,-0.4765,0.2201,11.2092,660.9342,103,76.909,48.2474,117.6369,111.1915,0.7195,4.1256,82.6439,1,8.2786,28,9.7236,1.0947,0
39.1629,-1.6155,0.3906,129.3257,363.4195,103,66.2064,28.6475,39.3959,385.8838,0.9354,1.0488,127.0708,0,9.2094,24,2.9921,0.8516,0
43.9668,-0.8439,0.4671,177.4893,767.5977,92,80.9043,44.904,41.4202,204.5498,0.6822,0.7571,115.2561,0,10.6822,32,6.4495,0.9761,0
57.5322,0.9326,-0.0696,-97.2917,606.7388,96,80.2483,50.7631,31.0446,424.6384,0.769,5.6071,113.4962,0,9.6034,34,8.8021,1.0311,0
51.9971,-0.9626,0.0389,-84.4073,677.2751,107,85.4652,50.8246,93.1922,372.1387,0.7101,0.4888,140.4068,0,7.0682,30,7.3231,0.8966,0
61.9594,0.6637,0.5425,7.873,570.1735,115,75.3044,46.638,36.5281,244.9276,0.6065,7.4626,87.8498,0,4.1133,21,9.0192,0.9392,0
58.4657,1.3864,-0.1839,-114.3438,481.6495,99,70.2465,28.5115,76.9687,272.8364,0.6047,9.6975,93.1263,0,9.1936,38,5.7775,1.0178,0
46.1093,-0.7911,0.1956,23.085,642.2529,116,83.1373,24.0859,91.9032,255.489,0.6781,10.404,107.1459,1,5.5233,28,7.7421,1.0525,0
64.3551,-0.4447,0.2339,66.3804,288.8971,119,74.2241,80.151,83.5169,373.1593,0.8585,11.3465,48.5262,0,7.7576,31,9.7888,0.8326,0
65.1782,0.9873,-0.3673,-158.2569,411.7061,109,85.0448,61.7707,84.6529,159.1881,0.8101,1.0087,123.7879,0,8.4889,29,6.6824,0.8804,0
32.1458,1.2328,0.2219,65.3022,471.3386,107,69.6885,97.1758,116.5309,276.5211,0.7275,10.5147,68.8475,1,7.481,36,10.3729,1.0034,0
50.3178,-0.6448,-0.8472,-122.5919,292.8606,101,87.9403,58.0261,57.1194,348.3527,0.7776,1.204,98.4491,0,8.6188,28,5.6961,0.8622,0
44.5016,-1.6213,0.459,-72.2453,595.5553,102,94.9003,63.3187,85.8261,109.6462,0.8703,11.886,111.736,0,4.5059,31,6.0999,0.8516,0
47.3952,1.2549,0.7849,85.9715,689.8826,103,78.3346,31.8905,86.3996,170.6107,0.9557,1.3061,73.4665,0,7.9855,30,5.5257,0.9469,0
41.8385,0.5839,0.4529,-121.1076,243.6742,106,93.4879,79.3729,54.8268,420.655,0.7036,11.9476,63.2119,0,11.0316,31,7.6657,0.9607,0
40.5858,0.4006,0.7486,11.4059,437.6756,106,87.5349,13.0638,57.2608,110.7407,0.9521,4.9357,89.0489,0,7.27,34,4.9567,0.9876,0
59.0117,0.9156,-0.3811,32.1031,474.5627,87,83.3652,62.9115,96.6739,203.1225,0.7642,8.8797,108.9492,1,9.6693,31,7.5184,0.9287,0
38.3194,-1.1851,-0.1125,-120.8312,548.4402,104,79.8654,52.225,58.3233,464.4662,0.7339,2.1042,110.464,1,7.187,21,4.1594,0.9577,0
50.9335,0.3912,0.0627,-81.0787,628.2436,99,74.5574,79.1813,50.8818,337.0016,0.8274,0.9905,95.9348,1,6.9585,26,7.601,0.9775,0
36.5086,-0.2853,0.0644,38.327,458.1714,93,91.9776,47.384,118.5276,428.913,0.7424,8.0689,58.9265,0,6.6993,35,6.9324,1.0916,0
62.6941,0.6028,-0.2186,-13.9685,641.1288,116,89.959,50.7685,38.3532,221.1439,0.7163,6.6379,56.694,0,5.0684,27,7.8822,1.0918,0
50.3003,0.799,-0.4566,57.5933,513.2573,114,69.5466,11.3624,58.1536,159.8315,0.96,10.8955,114.3947,0,8.664,33,1.8631,0.8705,0
57.4529,0.9766,0.8635,127.6981,409.5731,100,81.1505,12.1469,105.6632,309.7983,0.7621,8.1692,92.7408,0,7.6309,38,4.7222,0.9219,0
51.9511,0.5986,-0.4165,-131.3878,534.5904,112,71.8609,57.3869,48.2548,344.2957,0.6606,7.6407,116.9646,0,5.8439,37,8.767,0.9888,0
47.4676,0.2507,0.8282,-154.5722,310.5102,108,84.7508,72.7749,53.1468,134.8895,0.7729,7.8316,83.5682,0,6.6291,25,3.2724,0.951,0
50.6837,0.2842,0.2475,60.0216,461.8145,93,87.4909,55.7954,44.6019,300.4787,0.7157,4.8101,88.5535,1,4.4744,32,6.4534,0.8396,0
65.0733,0.3668,0.1015,97.4317,473.6759,114,64.3652,47.298,82.6728,216.5965,0.805,8.6607,96.6932,1,8.6582,37,6.7616,1.154,0
41.0257,-0.6243,0.2715,-18.2495,409.2774,103,79.1649,56.1597,30.2391,306.591,0.8571,10.731,127.6227,0,7.0952,25,5.6243,1.186,0
24.5065,-0.3705,0.7617,-38.1926,879.8901,101,84.2444,53.9661,108.8129,401.1719,0.6062,8.2993,114.094,0,7.3904,32,6.2909,1.1074,0
42.1314,0.4023,-1.3122,34.8379,695.2325,96,80.9136,63.2473,63.7862,272.4174,0.9151,1.3556,66.0329,0,9.1111,40,3.8037,1.2044,1
37.9091,0.6505,0.1796,18.5234,529.9712,109,97.836,30.7561,75.121,417.8033,0.7872,5.4261,93.8769,1,9.9755,26,6.2654,1.0387,0
59.6801,-0.651,0.0745,-3.5386,564.1488,76,64.2704,55.1186,52.3832,276.5374,0.8168,4.8444,112.0177,1,10.4117,30,5.3852,1.1349,0
48.2427,-1.0766,0.093,114.7338,577.5402,102,93.552,29.7663,33.7837,390.4669,0.655,5.8133,125.0118,0,9.0173,17,7.5257,0.8656,0
58.2745,-1.6753,0.4703,-117.5398,593.6849,96,71.1649,72.0662,116.6106,386.4498,0.7749,3.4981,171.7642,0,7.1469,25,8.1547,1.0379,0
50.3189,-1.2613,-0.3052,65.2352,734.3123,99,58.5676,28.1085,109.2656,363.9662,0.7969,6.6996,63.3411,0,5.4982,31,5.1638,0.8598,0
50.0868,-0.5396,-0.5754,86.8823,639.1176,104,83.2023,45.5067,54.8686,322.1569,0.6164,9.6522,111.1175,0,10.8835,34,7.0217,1.1246,0
51.6394,-0.4466,-0.6921,144.4687,202.1453,113,78.7447,61.946,38.9431,475.7155,0.6706,4.0239,118.0912,0,9.8055,36,6.1629,0.8597,0
64.8002,-0.2828,-0.4537,160.2361,625.0369,111,80.9216,23.591,70.5147,321.6153,0.7469,11.0488,107.1079,0,6.2154,34,3.7578,1.0136,0
51.8653,-1.205,0.3437,2.8316,374.4943,102,85.2148,33.7119,79.5574,373.3529,0.6717,3.314,95.0564,0,10.2695,31,5.299,1.1356,0
61.0917,-1.8125,0.2524,-23.8896,416.8677,94,85.4964,94.701,81.3412,153.3716,0.7282,6.0171,83.5139,0,9.2977,29,4.3711,1.1309,0
60.4516,0.1266,0.4417,1.4071,647.1981,97,74.692,68.8143,112.5024,373.4575,0.9514,7.8575,92.3047,0,6.4363,36,6.8239,0.9591,0
48.3671,0.127,-0.2299,83.7285,220.5244,102,88.1178,56.6928,90.569,401.684,0.8498,9.8339,100.139,1,5.9429,30,4.0688,0.918,0
49.2607,0.6213,-0.2077,-173.8183,756.8859,88,59.8333,62.9053,85.4576,260.524,0.8198,8.012,100.1534,0,11.0425,29,6.1547,1.0974,0
46.222,0.815,0.8269,-117.3082,622.5994,105,79.0546,15.9131,37.6926,425.8221,0.9379,10.5744,124.0155,0,6.7457,38,7.3885,0.9051,0
62.8318,0.3924,0.5099,146.7599,550.057,89,91.2934,62.5692,77.2243,201.4711,0.6946,9.9738,94.5117,0,9.6902,31,4.0919,0.9493,0
40.5894,0.1147,0.3761,-109.6435,625.0782,93,82.8569,89.0945,79.7632,204.5968,0.9904,2.4472,105.294,0,8.7298,25,8.6013,1.0386,0
42.7701,0.876,-0.9124,-97.746,672.2735,100,80.4998,40.1221,86.6906,339.853,0.6878,4.4491,128.4628,0,3.9185,28,9.2795,0.8193,0
47.2376,1.4241,0.9788,158.2072,533.4334,82,76.5604,86.4719,44.4753,334.2145,0.7969,0.3499,107.8347,0,8.44,36,3.7872,0.9609,0
38.5185,-0.6767,-0.046,-74.0591,616.1064,98,83.4725,40.7478,116.4734,246.0248,0.9855,3.4488,124.1993,0,7.9925,36,5.1788,1.1304,0
44.0871,0.7703,0.0865,-75.4406,353.0189,114,77.1947,52.4279,81.5116,177.0771,0.7334,0.1803,89.1142,0,10.5199,40,4.7036,0.8873,0
61.3607,-0.6242,0.2238,152.5352,621.7898,108,86.2696,23.2137,67.4787,417.6458,0.6668,8.2417,89.4038,0,9.6724,19,6.2487,1.0972,0
56.5141,0.219,0.0823,-44.9705,591.1546,86,74.8067,58.7158,89.734,142.4411,0.7629,8.5204,23.161,0,8.082,30,4.619,1.1171,0
45.7926,1.0695,-0.086,-2.1809,715.8838,103,95.2564,52.9816,43.0259,344.2679,0.6932,9.3888,101.8331,0,10.578,38,7.9141,0.8299,0
58.0283,-0.2737,0.0725,21.7466,526.1214,115,85.4693,45.5498,69.2551,215.7178,0.8994,1.7066,57.6604,0,6.9368,30,4.8604,0.8406,0
70.8191,-0.9521,0.3182,132.5817,545.9638,103,98.1286,32.7824,94.8871,326.9797,0.9681,3.8933,70.9111,1,8.0195,24,7.7703,1.0943,1
53.1311,-0.4592,0.4244,-152.0743,361.5021,98,76.1213,54.5047,114.6466,287.3565,0.9427,7.5406,130.2347,1,8.5329,40,4.9482,1.0745,0
64.2036,-0.953,0.6099,-86.0918,499.9178,114,92.244,37.4456,70.2004,464.7191,0.6573,10.2391,124.9242,0,5.095,37,8.4535,1.1684,0
58.5159,-1.0742,-0.5488,31.3229,591.7063,101,67.3469,72.1281,86.7452,439.3605,0.9804,10.1897,98.3667,0,7.6405,28,7.5929,0.989,0
47.0556,1.2066,-0.273,-23.5394,605.9131,119,87.2203,55.186,68.7814,282.831,0.8942,4.8416,104.1152,0,5.4606,25,4.9048,1.1172,0
51.973,0.5324,0.4265,-79.8189,756.972,89,78.8427,40.2849,77.1497,416.6596,0.9033,3.9665,116.4081,1,7.0441,31,7.2399,1.1161,0
55.2628,-0.7196,-0.7851,-32.5288,569.2228,105,81.1912,70.0083,75.2644,114.2682,0.82,5.5702,117.9056,0,3.9297,26,4.0462,1.026,0
42.5503,-0.9844,0.0808,167.8473,486.0858,113,87.2934,41.3822,92.6772,286.4638,0.7494,1.9158,75.5315,0,4.8408,25,7.6467,0.8678,0
23.9075,-0.9154,-0.393,-172.4283,583.4999,107,87.4333,69.4511,88.8103,272.8244,0.7008,2.764,106.7715,0,10.7594,28,5.3742,1.1677,0
41.6592,-0.7197,0.2756,-127.0892,416.3867,130,88.3853,52.3557,30.7086,95.4233,0.7882,0.2176,66.6249,0,10.4524,32,5.8262,1.0104,0
28.4186,1.1527,-0.4225,-173.2841,698.7589,106,83.5187,11.843,37.498,255.1203,0.922,8.9708,106.7834,0,7.8305,29,4.7195,0.83,0
42.4855,-0.1101,-0.1798,33.6228,395.971,81,85.4184,61.7599,98.4502,416.1405,0.7244,11.9394,78.0977,0,8.427,30,7.9973,0.9465,0
32.9256,2.1316,-0.1452,-175.3427,439.2257,108,77.7819,48.9383,44.5331,318.2569,0.9559,0.9302,91.5614,0,5.8619,27,8.1553,0.8786,0
58.8011,-0.0397,0.1232,-16.5542,338.6753,116,73.5582,61.0987,99.2615,353.1086,0.6585,1.8045,69.7305,0,4.3287,44,4.3154,1.1524,0
38.174,-0.5756,0.4792,129.3106,512.4284,93,81.667,54.3141,103.3902,190.4836,0.6199,2.4513,100.2205,0,9.961,35,3.0444,0.9163,0
55.4411,0.9278,0.516,-145.0062,596.7777,101,58.5471,54.4446,114.1278,210.0215,0.8011,6.5351,75.0158,0,9.0406,29,4.6479,1.1245,0
57.666,-1.6701,0.1025,-48.5373,747.9912,118,84.1906,50.8528,103.2522,287.6306,0.9717,4.6493,168.577,0,6.5364,30,6.3226,1.1813,1
57.0151,0.1884,-0.5548,-43.9207,491.3918,84,88.6982,107.6533,78.0144,334.9932,0.9343,0.9475,64.9964,0,6.0675,34,3.6497,1.1902,0
31.3166,-1.2122,1.2898,-49.5885,466.3378,108,86.1996,60.5177,49.0121,360.8498,0.6552,0.0584,136.3206,1,8.3468,38,3.6359,0.9231,0
61.2264,-2.1821,-0.0426,81.8863,99.7163,91,73.8877,14.636,41.5794,303.516,0.6562,4.0577,93.2805,1,8.1437,33,3.8537,1.0731,0
54.2034,-0.1176,0.1369,-178.4125,533.4701,94,59.5525,19.8433,108.6585,243.8882,0.6382,5.3015,96.1716,0,9.3666,25,3.4682,1.0178,0
58.0427,0.8348,0.1211,100.7874,504.1399,94,86.5619,58.6667,65.1303,248.2132,0.915,8.2755,115.4487,1,6.7637,33,7.011,1.1958,0
68.2988,0.2139,0.1769,122.0549,502.3697,111,72.1137,38.5514,34.6994,231.5175,0.7321,11.7536,65.4049,0,6.4805,39,5.8152,1.1118,0
57.9433,0.0937,-0.4235,-24.6731,725.8709,111,67.1262,71.4689,61.2645,226.2972,0.7333,4.9617,127.3767,0,6.431,27,8.3697,0.8248,0
38.1735,-2.5988,0.2193,139.3765,581.9195,107,89.4835,56.4583,108.1826,213.9305,0.9701,6.2477,95.2028,0,12.4301,34,3.6713,1.1595,0
56.5328,-0.155,0.9108,-42.826,437.5853,88,66.4465,57.5348,80.5995,353.867,0.8563,8.7941,27.4853,1,7.262,28,4.7274,1.1669,0
34.9638,-0.1452,-1.0046,70.1002,364.1366,107,78.2845,31.5926,87.7296,305.2082,0.9722,5.0079,100.3941,0,8.387,21,8.1716,0.907,0
49.3703,0.6213,0.0162,-40.023,326.4016,104,97.7738,61.4902,52.8089,353.0586,0.6957,7.1691,92.3706,0,4.5823,35,6.0112,1.1317,0
44.9677,-1.0581,-0.5608,-166.3764,433.1643,89,73.3272,53.4445,31.7539,270.7471,0.8967,4.4197,82.7258,0,6.8828,25,7.2258,1.2047,0
50.1015,0.8297,0.4944,-149.9665,556.1017,98,69.3433,31.2717,112.5098,291.4881,0.6375,11.8849,90.3804,1,7.1957,32,4.9776,0.9878,0
34.9046,-0.5094,0.5706,-20.8622,183.5456,103,85.0727,31.352,36.6737,116.012,0.866,2.668,142.6334,0,11.6649,27,5.9724,1.0904,0
36.0562,-0.2993,-0.0638,176.4346,479.7429,102,83.2704,83.123,119.9359,375.4703,0.7725,8.9857,115.6565,0,10.495,27,1.5548,1.0812,0
45.5065,0.5279,0.0304,-116.0795,620.2743,100,63.4264,61.3603,108.2277,338.7364,0.6127,1.0925,52.9589,1,5.102,33,8.7169,0.9054,0
47.7748,-1.1894,-0.4405,142.4095,344.7031,87,80.526,42.3504,40.4273,312.74,0.6338,3.2549,45.7111,0,9.3853,31,7.5131,0.9607,1
45.742,0.8242,-1.1789,150.9819,473.2751,107,91.7814,39.0846,119.9402,391.6201,0.9763,8.3843,79.42,1,7.0444,24,2.0304,0.8837,0
64.5045,-1.3546,-0.1351,-32.5264,351.2629,105,93.9992,50.2093,102.7273,470.1541,0.9139,3.679,135.8521,0,7.4228,17,5.6302,0.9114,0
54.2364,0.6552,-0.1069,-13.7428,93.7739,101,77.3953,55.7695,106.3376,221.6181,0.9203,3.685,124.4911,0,5.3258,24,7.2476,0.9687,0
53.9619,-0.2355,0.0215,1.0154,379.9459,94,84.9578,23.0452,102.8714,441.5821,0.6129,2.477,66.3783,0,7.7385,44,6.8923,0.9049,0
46.1769,-0.1538,-1.6393,97.3465,340.4693,109,85.4208,47.503,113.601,426.3403,0.8997,1.0144,66.528,0,7.4634,29,6.5122,1.1333,0
36.0817,-3.0651,-0.8627,-135.4592,616.2655,100,90.0817,9.0203,98.0999,258.6241,0.6108,4.2594,97.0247,0,4.1113,32,7.3,0.8655,0
49.9588,-0.5908,-0.7415,-61.6906,572.0804,105,79.0918,49.5078,77.3722,190.8456,0.7138,1.1427,88.6786,0,9.2817,25,5.6351,1.0021,0
68.0727,-0.2102,0.0415,-118.5472,343.7296,87,92.9531,79.1443,30.0047,328.1221,0.7991,11.8292,43.9409,0,9.5685,30,5.0987,1.0406,0
52.2438,1.5486,0.2926,136.2291,693.8974,105,72.7029,23.976,55.1409,413.1308,0.7569,3.6224,85.4864,0,7.1158,24,6.823,0.9646,0
61.1319,-0.0359,-0.5813,-154.6135,608.7807,101,87.8022,47.2022,84.0219,174.0717,0.6564,6.3667,62.6101,0,9.114,24,4.8708,1.0652,0
62.3939,-0.653,-0.1379,89.1735,461.5335,111,69.9792,45.6555,58.0951,175.2851,0.9933,3.2785,54.0817,0,9.9498,38,7.0962,1.0728,0
55.5954,0.8337,-0.2894,-21.6932,549.5083,83,62.0979,27.5138,66.9066,358.5615,0.6214,2.7604,68.0347,0,6.1286,36,6.2054,1.1409,0
52.2027,-0.5052,1.016,77.2575,358.1942,92,86.1225,40.9394,39.7117,313.8189,0.8734,8.6227,51.7398,1,4.8332,27,6.9307,1.0028,0
40.1227,1.0322,-0.1924,140.3623,130.7072,103,109.5533,23.5735,118.1978,385.4616,0.9164,4.3462,87.2402,1,8.7715,23,7.6929,0.8226,0
47.9155,0.2613,-0.2135,-57.7216,513.6314,95,83.2043,30.6445,40.3489,329.1513,0.7112,1.9842,57.518,1,8.8605,32,8.949,1.1803,0
46.391,-0.8996,-0.408,-98.2795,295.384,101,77.9085,53.2744,36.4226,336.9173,0.7628,2.4053,82.9562,0,11.2034,26,6.1367,0.8511,0
53.3,0.9379,-0.9505,54.0787,465.9748,98,92.4208,57.7481,82.6039,316.1601,0.6336,10.5277,97.7589,0,7.7076,28,5.1066,0.8658,0
35.8593,0.601,0.3232,179.1093,561.6513,112,75.5535,43.4148,85.9395,303.9885,0.7438,6.7832,111.6219,0,8.8902,31,5.3334,1.1319,0
44.6271,0.8957,-0.1332,82.623,208.4516,87,62.3516,76.8388,77.2014,365.6527,0.739,7.9314,82.0242,0,7.0405,31,7.5838,0.9398,0
54.0402,-0.1821,-0.1942,106.4241,530.9979,104,89.4268,64.631,61.7916,164.7857,0.612,1.0472,138.2312,0,6.2796,24,5.7125,0.8288,0
42.9789,0.6011,0.0912,46.7486,623.9669,88,95.5469,89.3575,113.1871,295.4303,0.7056,6.9409,110.1183,0,9.8175,31,7.504,0.8403,0
40.8439,1.9205,-0.7889,-47.454,188.1559,81,81.2889,47.6307,60.9103,255.9631,0.971,2.2345,125.0157,0,9.4987,28,6.142,1.0516,1
42.0858,0.1714,0.8853,55.6719,605.8157,127,83.1259,29.0221,57.9626,250.2388,0.8708,1.4584,112.6214,0,5.1933,20,8.6474,1.0795,0
47.2759,-0.3986,-0.9103,-133.7219,784.8471,93,73.9117,46.223,115.0656,362.6651,0.6059,5.8234,84.5544,0,8.21,41,6.5917,0.8215,0
26.1931,1.544,0.8882,-4.0255,461.7384,116,78.3745,90.3148,109.6391,381.5876,0.8072,7.1408,81.2957,0,6.8597,28,4.6096,0.881,0
42.5384,0.6671,-0.0075,26.301,611.0628,88,82.2235,29.9501,72.9106,378.5615,0.7393,4.3537,93.3948,1,9.4068,20,8.5842,1.1733,0
59.5275,-0.4505,-0.1932,146.43,349.2981,102,80.4496,66.9857,53.4628,381.2192,0.9939,8.2735,119.1599,1,7.5721,34,4.7015,1.1935,0
53.2388,1.7351,0.3356,151.099,638.0349,87,80.358,29.4105,41.6538,327.7962,0.9795,9.9325,87.1271,0,7.9275,27,4.4181,1.0495,0
54.2004,-1.2034,-0.1732,-158.3552,576.5208,96,48.5922,42.6735,101.9153,157.1493,0.8746,7.4089,41.2446,1,9.6553,21,7.0232,1.0727,0
31.7231,0.5292,0.4659,47.4772,532.6631,95,81.6491,39.9925,95.3543,275.1382,0.6073,9.394,71.8022,1,9.0637,32,4.2894,1.2062,0
45.858,1.1465,0.154,106.7007,524.129,79,66.7242,31.6534,39.506,344.1599,0.6588,10.1803,2.9309,0,5.6265,27,6.4819,0.8407,0
48.8412,1.0717,0.3564,13.1214,559.1673,93,84.7567,65.5924,96.6376,314.9166,0.9039,11.8782,75.8683,0,8.0911,24,6.1655,1.0237,0
54.6436,-0.9,0.5201,-145.5587,490.4,139,90.5749,78.7923,110.7861,389.1565,0.8407,6.9888,75.8168,1,8.2228,49,6.6292,1.1085,0
61.1086,-1.2406,-0.0872,-96.2174,354.0605,100,85.6023,68.0464,35.0245,330.6354,0.6932,1.3359,80.7774,1,6.1831,29,10.3227,0.8954,0
59.5473,0.2295,0.4823,-67.0882,477.8223,81,68.5198,50.5329,66.9547,309.8363,0.6433,4.9581,105.4962,0,8.7505,25,7.1451,1.1874,0
44.1463,0.7047,0.259,58.6078,492.8474,71,71.6583,20.2675,66.7529,220.4566,0.7465,8.9422,142.5607,0,9.0819,32,5.6016,1.0673,0
44.3752,-1.078,0.667,-156.3917,323.914,91,79.3326,52.5973,102.9286,266.4932,0.9507,10.4547,65.1795,0,5.0753,33,11.7669,0.8907,0
64.1202,0.3018,-0.1836,17.8632,483.4275,110,88.534,62.5073,40.7044,402.3525,0.8156,2.5165,102.1804,0,6.7332,33,7.8283,1.1607,0
46.3993,-1.4575,0.6828,-140.7836,490.7373,111,89.9452,48.1614,43.6268,269.5337,0.7167,7.2281,41.5718,0,8.5008,26,5.411,0.8438,0
39.1741,1.0608,-0.3865,-37.7569,421.9069,93,83.6063,76.5645,64.4727,380.1565,0.6356,8.7612,102.9608,1,8.7085,17,9.1992,1.202,0
47.9287,-0.5713,-1.0035,-26.7997,552.8436,109,70.3576,46.0665,106.6585,124.4664,0.6724,11.8582,94.3041,0,7.6368,29,2.271,0.8728,0
63.4936,-0.164,-0.6824,-17.3384,588.4291,91,91.7393,38.0114,118.7993,217.2003,0.7668,4.5911,164.7826,0,9.8282,25,5.8355,1.0971,0
40.9513,0.8643,-0.1659,75.913,400.4474,114,79.7421,69.7428,79.1517,138.6755,0.903,0.5228,79.1159,0,8.1427,27,5.2568,0.9188,0
45.7112,0.7712,0.1313,-150.7693,522.3695,95,76.0235,67.3349,44.2034,72.2554,0.794,11.5356,87.5946,0,7.7772,18,6.2017,0.8313,0
41.3649,0.4739,0.008,-83.4328,636.3788,79,75.1325,79.9625,111.2529,117.0832,0.7884,0.5534,51.9233,0,9.3088,35,6.4759,0.9881,0
59.5639,1.0295,0.3934,50.8067,348.4446,102,64.7801,60.4501,44.6025,283.553,0.7113,2.8365,131.8379,0,11.9121,43,5.3754,1.1916,0
52.8785,0.409,-0.6003,159.6836,250.5171,81,90.9977,33.9076,63.1015,445.3704,0.7,6.6196,61.8638,0,8.4014,33,7.8384,0.908,0
59.2588,1.4475,0.8622,43.4871,358.8276,90,78.7487,-1.8219,96.6664,139.7113,0.8687,1.054,118.5508,0,8.1116,32,8.3308,0.944,0
65.6502,-1.7108,0.6727,138.0118,579.0338,104,73.0784,15.5463,35.3698,302.178,0.8856,11.3164,135.5822,0,6.6874,34,3.4829,1.2021,0
34.879,-0.0596,0.4676,168.6261,431.493,77,86.0728,38.386,73.6279,277.4188,0.9847,6.8394,44.635,0,7.503,30,3.3093,1.0356,0
42.4085,-0.1021,0.6326,138.2056,314.2187,109,87.8733,76.5303,66.6531,304.9734,0.9598,4.3402,92.184,0,4.958,22,9.3128,1.0903,0
45.6648,-0.219,-0.7764,169.9945,690.4097,90,62.6739,74.4731,115.0834,277.6728,0.8343,4.3034,94.6964,1,7.9435,34,5.2123,0.8697,0
50.6884,0.4974,0.3495,99.7349,322.9485,130,95.5065,41.912,79.1548,232.3899,0.8444,0.14,45.628,1,6.9308,27,2.7207,1.0165,0
55.059,0.214,0.3702,139.3763,474.4134,88,102.2132,66.2707,109.8873,75.7709,0.7566,9.723,43.7544,1,7.3763,33,5.6713,1.0931,0
45.0855,0.8248,0.4837,-3.0774,610.486,107,81.0199,22.4759,37.9845,356.8078,0.9892,4.9053,34.8183,1,9.2965,31,6.7897,0.8338,0
43.0806,-1.1839,0.4234,-55.6419,600.5203,109,82.3937,74.8261,80.1994,402.3591,0.9667,0.119,40.8822,0,8.4629,34,7.2476,1.0908,0
59.5666,2.2922,0.2223,179.8958,562.5973,107,103.935,44.3862,92.2732,296.9494,0.6169,9.5791,114.8285,0,10.3933,38,7.0772,0.8295,0
55.461,-0.391,0.2022,-144.8064,399.8072,93,69.0721,62.9443,43.597,305.1712,0.7488,10.9898,30.9769,1,10.5684,31,5.9016,0.8739,0
53.1588,0.2868,0.5962,164.9515,583.6849,105,74.7835,60.7615,106.3439,164.2086,0.7604,7.7089,101.5437,0,7.5879,46,3.2585,0.9926,0
28.5424,-0.2062,-0.3117,-24.8853,502.2151,88,85.8129,59.3053,109.1226,249.8708,0.7077,11.7819,129.5075,1,9.4382,28,5.9855,1.0818,0
62.0668,0.0811,0.1834,-171.942,560.9839,97,91.4767,25.9952,91.0076,352.9987,0.7763,6.4286,114.9931,1,8.6343,33,7.3002,0.9209,0
51.8397,-0.5349,-0.2765,109.0859,705.5962,98,80.3807,38.2585,76.8275,198.6735,0.7803,1.0139,59.0816,1,9.2378,27,8.2403,0.8112,1
48.3802,0.2058,-0.076,-20.082,320.9379,99,71.8642,71.0932,92.4685,288.9,0.9108,11.6014,160.9927,0,8.4632,39,6.7667,1.1775,0
41.8067,0.5801,-1.3362,107.527,557.7849,104,92.8812,60.1543,55.6661,514.7206,0.9641,3.5702,98.9245,0,7.067,38,8.5815,0.9185,0
43.6709,-2.4017,-0.4353,-163.8661,521.3212,100,79.923,28.3797,39.9639,321.4297,0.8111,8.5865,80.1041,1,8.5482,27,3.8471,0.9989,0
41.0909,-0.3285,-0.2182,170.6927,641.653,109,80.014,57.523,79.6845,187.3007,0.7028,6.0334,144.9224,0,6.9508,21,6.1324,0.8317,0
30.0243,-0.3666,-0.2116,61.5737,766.7474,92,89.298,29.0736,73.4281,578.657,0.8143,2.11,120.2901,1,11.292,34,5.4753,1.0812,1
41.8248,2.3211,-0.1667,-162.7214,762.0739,111,95.0568,24.7035,68.3837,337.2454,0.6712,4.6766,81.7003,0,9.6256,33,9.6857,1.1248,0
34.0096,0.8601,-0.5925,-178.3272,625.2508,97,82.397,37.5884,47.0103,217.8212,0.7404,4.8423,102.7857,0,13.9286,30,7.7725,0.9905,0
49.3953,1.5001,-0.1662,33.8406,410.1971,88,84.7828,48.0736,47.1242,289.9324,0.814,9.0603,112.0101,0,7.6861,30,12.4125,0.8692,0
38.4924,0.5581,0.5427,171.5397,436.6543,99,90.4635,25.9563,118.6721,129.9084,0.9807,3.3486,126.653,0,9.9132,27,6.539,0.8544,0
57.2993,0.0824,-0.1493,8.6398,608.2084,91,77.7359,67.8297,113.4329,217.9456,0.7876,11.9121,62.282,0,11.8116,21,7.6156,1.1861,0
33.3568,0.3642,0.6491,-52.598,307.0172,103,74.5154,35.8127,52.7738,387.2825,0.6041,9.915,143.2497,0,8.5324,43,6.6203,1.0975,0
61.9474,1.123,0.6163,158.0133,464.9762,91,76.3224,49.3584,35.3942,176.3741,0.6441,7.4505,71.6995,0,8.1242,35,3.7084,0.962,0
58.3661,1.7501,-0.2935,174.2233,389.2707,96,70.7963,58.9645,59.2194,158.5891,0.7595,6.2634,97.8037,0,7.3468,37,5.3988,0.886,0
39.3376,0.3021,0.2847,102.4145,323.4879,93,69.1221,86.9255,106.066,394.1074,0.6676,8.9093,60.9422,0,6.3248,41,6.2781,1.0648,0
49.0573,-0.6229,-0.6565,78.4493,537.1703,84,102.2105,61.8683,50.1069,519.6438,0.7293,11.4425,33.0908,0,9.8353,29,3.3914,1.0788,0
41.4562,0.9246,-0.527,-179.2571,618.4376,101,71.0534,43.9088,118.5681,355.073,0.9485,11.9737,62.136,0,9.0598,35,5.9895,1.1174,0
55.786,-0.8532,0.0559,-67.0742,590.0449,90,82.7149,30.2627,48.3311,476.8693,0.8754,10.4186,89.7398,0,10.1709,41,3.4036,1.0191,0
67.9986,0.3904,0.2543,153.0634,517.7263,84,79.143,24.9625,80.2211,185.2243,0.8544,0.3698,123.0702,0,10.2851,33,12.2957,0.9005,0
61.8106,0.6813,0.8067,-47.4711,447.1604,85,90.4867,30.367,119.3049,346.3654,0.7573,11.5926,92.099,0,5.1046,36,8.3211,1.1794,0
43.1227,-0.1081,-0.0814,-59.5514,421.307,104,81.1617,47.0105,41.7089,412.9491,0.9085,8.7981,130.0371,0,8.3774,32,7.0683,1.0413,0
51.1463,-0.9048,0.0878,13.385,630.7172,102,93.8702,74.1153,47.7822,249.1181,0.9994,7.3593,107.0504,0,8.4199,32,7.9013,0.8067,0
65.2226,-0.4546,0.0489,-18.7969,423.2749,94,78.7063,47.426,83.142,204.8734,0.7333,2.1375,77.695,1,9.0491,33,8.8335,0.9626,1
55.2427,-0.3164,0.8968,129.1672,418.9852,110,82.4533,38.7971,101.0431,289.4978,0.8671,1.5126,131.224,0,6.0842,29,8.9289,0.8921,0
60.1011,-1.0536,0.6712,-150.5894,561.6737,101,87.5087,52.2809,93.2063,335.2032,0.6808,5.4971,97.8755,0,8.934,26,6.5417,0.9797,0
56.5123,-0.3861,0.1923,57.1498,352.8375,93,81.9917,82.9656,83.0237,277.29,0.6394,8.656,70.6084,0,7.3983,35,5.6671,1.1038,0
50.7626,-1.452,0.3969,70.9885,512.7752,122,85.269,34.9037,68.7444,320.8464,0.9885,8.9547,95.6627,0,6.8419,32,6.774,0.9285,0
49.3053,0.5911,0.1748,136.8406,420.6209,101,82.8368,59.1627,100.7665,174.7573,0.6815,6.5801,84.2665,1,6.7904,28,6.2351,0.8376,0
37.891,0.3333,0.5374,-30.3176,399.2827,83,65.8637,42.7462,42.6542,329.8797,0.6411,9.6692,91.2533,0,5.8854,41,3.4352,1.1073,0
42.3419,0.2657,0.4309,-73.7981,462.5065,121,87.6556,54.0206,52.0523,375.8089,0.7931,6.9418,63.6953,0,9.2665,27,2.3713,1.1623,0
40.982,-0.3859,-0.151,45.5619,613.1675,93,91.7758,62.7738,101.0371,327.6148,0.8786,5.1679,119.4962,1,2.9835,35,8.0206,0.8371,0
46.4865,-0.252,0.0497,80.973,526.5134,128,78.7044,77.4819,55.3077,222.0376,0.6002,4.3938,57.6572,0,9.2015,32,7.9065,1.1503,0
50.9955,-0.8289,0.0809,-118.4475,543.9687,86,77.9475,48.8932,42.44,138.7042,0.7597,3.4661,85.6862,0,8.024,23,5.863,1.1791,0
48.9207,0.5052,0.0759,-123.0611,613.8417,100,82.9336,72.6802,105.8668,309.5423,0.7878,9.854,101.7314,0,7.3736,36,3.9911,1.1371,0
52.1586,-1.3578,-0.2539,-85.1029,593.5538,103,99.4573,58.106,99.1862,242.8301,0.7973,2.6273,67.4792,0,9.7312,28,4.8585,0.8196,0
56.6424,0.0838,0.1685,-90.7498,473.2118,99,77.1542,24.0718,87.4986,461.9961,0.7606,10.7942,89.3963,0,6.6125,36,7.2355,0.9217,0
45.8441,-0.6337,-0.2545,90.2355,583.4782,94,86.2244,46.0844,89.0301,441.8816,0.6612,3.6994,64.2002,1,6.7105,39,5.4112,0.9159,0
57.38,1.7573,-0.2926,11.0529,474.7341,104,78.2511,96.489,89.7387,113.286,0.8851,5.1175,51.8343,1,5.8624,28,3.5844,0.9739,0
61.3817,0.5268,-0.0594,17.2047,565.7343,96,85.9754,47.7138,95.7538,273.559,0.855,1.7848,140.1887,1,5.3778,32,6.6223,0.8866,0
54.1515,-0.0004,0.1347,-174.7072,656.2428,97,67.243,43.7071,58.3597,224.1584,0.6132,1.3397,116.2946,0,7.9251,33,4.7614,1.1783,0
44.5547,-1.106,0.6128,177.9327,578.0957,100,97.9582,43.6569,107.8855,181.2693,0.8411,1.6878,90.6316,0,12.012,25,7.6471,0.8859,0
59.4668,-1.3635,0.355,118.7244,313.0387,103,83.6738,40.6898,53.3687,283.0839,0.9011,8.78,115.9451,0,6.998,34,6.5954,0.9605,0
54.8265,0.4958,0.5551,-20.2808,425.4824,118,77.2124,22.474,67.2346,220.9787,0.6504,8.2471,113.8563,1,8.6415,19,8.0825,1.0228,0
56.1882,1.7988,0.8863,-155.9224,597.135,106,77.4833,4.0381,75.939,208.6591,0.9051,8.4259,79.8063,1,5.1607,26,4.8165,0.9013,0
65.3517,0.409,-0.2927,69.9437,176.7378,100,82.7819,34.5292,102.5605,198.2497,0.7039,10.1985,120.9095,0,8.0735,35,8.6853,0.9632,0
57.0944,0.1753,0.3556,12.6166,548.5378,101,100.0274,42.9707,68.9872,432.6885,0.8711,2.45,64.6427,1,8.433,28,3.7625,1.116,0
65.7427,0.1897,0.3756,63.914,540.1032,114,95.4656,61.0115,75.7138,280.1755,0.8677,3.1029,116.768,1,9.4627,24,5.46,0.9116,0
48.515,0.103,0.128,63.9279,909.1022,79,77.3114,42.6001,106.7045,293.7536,0.8263,11.5382,43.4601,0,5.5501,29,3.9702,1.0834,0
45.6857,0.2033,0.4464,-124.2956,564.8419,87,80.9416,52.5354,119.9758,426.1139,0.6891,1.2793,80.3188,0,9.9561,26,3.4218,1.1038,0
61.4893,-0.6852,0.0438,-61.6285,483.7263,99,81.4441,26.3638,101.3887,268.3673,0.7096,3.354,49.2355,0,5.5026,30,4.1972,0.8252,0
40.1425,-0.9736,0.3354,-173.6064,674.551,82,60.4817,15.7051,57.152,331.9997,0.7891,11.5409,102.7555,0,12.77,34,3.9992,0.9925,0
68.8841,0.1092,-0.7082,173.6146,448.3401,93,77.6958,56.9536,39.89,227.6421,0.6106,6.5692,130.6155,0,7.8215,28,10.2599,0.8263,0
63.0191,1.4934,0.0011,110.3276,506.3403,94,82.1013,63.0206,92.5441,250.3479,0.7666,11.1344,115.5207,0,12.1324,25,5.3882,1.2006,0
50.8762,0.777,0.3542,154.3711,513.3274,111,70.9219,69.6405,91.8189,312.1988,0.8774,9.6718,77.2763,0,11.106,42,6.5157,0.8753,0
62.0127,-1.2334,0.5142,-164.113,590.0331,116,97.2708,74.0869,74.0032,320.0111,0.6009,11.395,55.3281,0,6.5938,34,5.1738,1.1038,1
56.6233,-0.2552,-0.4304,0.1249,361.5071,115,68.7418,76.3714,95.2153,374.5522,0.8956,8.865,180.0462,1,5.4359,25,6.3256,1.099,0
37.0997,0.729,-0.0409,89.0762,625.0259,93,69.8475,63.7432,35.6738,407.1104,0.7724,3.141,172.6962,0,8.2554,36,6.4367,0.9542,0
41.8371,1.5169,-0.5316,-142.6663,421.1392,83,86.9162,38.5882,119.493,294.6607,0.7948,9.1128,52.3804,1,6.2794,39,4.0517,1.0931,0
52.8575,1.7913,-0.1939,99.7513,808.9155,105,82.7878,55.6582,73.5773,408.0236,0.6888,4.7012,109.1594,1,10.9641,30,6.034,0.9353,0
51.5954,-0.2107,0.158,53.1008,273.0332,91,75.4763,43.5648,81.0389,217.7229,0.7656,1.9201,54.6144,1,11.4036,35,2.9732,0.8482,0
63.0813,0.8242,0.5177,174.5839,386.3961,92,90.0722,45.4019,77.9293,370.6358,0.8024,2.9705,49.8492,0,8.079,27,5.0847,1.1843,0
53.0206,0.2493,0.4519,-129.2883,195.6066,106,82.4377,57.8354,79.0174,226.487,0.9915,3.5161,91.5592,0,8.9405,26,6.7071,1.0593,0
37.3128,-0.1197,0.1114,46.5398,944.7277,115,98.4915,75.3164,100.4211,229.9553,0.8478,1.2351,91.6182,0,8.0784,33,7.8393,0.8517,1
44.5467,0.0623,-0.3254,160.9684,315.9637,88,62.2154,65.2112,36.434,403.1208,0.8522,4.8279,118.1557,0,4.2393,28,4.4568,0.8875,0
57.4306,0.0746,-0.0697,87.721,614.0076,107,74.7827,49.8358,112.8556,76.7222,0.9988,11.3084,25.5726,0,11.5177,32,8.6722,0.8571,0
31.7738,1.1752,1.2686,-58.9867,609.0553,92,96.5432,51.9704,60.8979,366.2524,0.6144,2.3352,88.5397,0,5.6799,23,8.2118,0.8241,1
35.8864,-1.4045,-0.6993,-137.0697,364.0997,110,84.8045,57.2059,86.2568,319.8374,0.9485,11.7366,99.2136,0,6.8424,30,4.7107,1.1277,0
46.2735,0.4681,-0.6039,166.9559,615.9552,99,78.9475,73.5657,35.2046,316.8252,0.9164,5.837,173.1041,0,10.5066,26,4.0261,0.8226,0
59.2672,1.5394,0.0876,-154.1147,339.6515,99,75.9652,87.1247,73.9792,461.8262,0.6189,9.1012,63.6385,0,4.6958,25,4.7596,1.0898,0
47.8325,1.4318,0.3534,171.0606,377.967,101,83.4982,52.5986,103.3418,192.6843,0.7768,1.3445,102.2785,1,7.8944,27,2.7338,1.1107,0
54.6093,0.569,0.4318,-70.7358,265.7149,122,68.5518,45.9305,58.2016,182.3083,0.8069,10.3453,135.8563,0,6.6695,25,3.5688,0.8896,0
50.0481,-0.7571,0.1441,129.712,600.4488,105,65.6558,53.1561,62.3576,410.9755,0.6131,6.9366,155.1927,0,8.7954,27,3.4775,1.097,0
48.5915,0.7768,-0.7597,19.5522,206.1714,107,85.6328,70.6306,87.982,278.9124,0.7792,1.5573,141.9143,0,7.6513,30,6.6442,1.0769,0
43.4621,1.3249,-0.1098,148.5326,559.0187,97,88.5534,60.4205,36.2357,421.308,0.9521,5.9854,95.2779,0,10.4003,34,7.1769,1.163,0
58.3983,-0.5151,-0.8829,-26.4172,481.4593,97,89.4086,39.778,64.5204,365.873,0.6113,8.1477,85.5914,0,10.1614,23,10.1554,0.8649,0
37.4573,0.3576,0.1975,125.9294,761.4538,101,75.7068,50.2483,100.3341,333.0452,0.9312,4.9519,66.1272,1,10.6018,24,7.9115,1.1033,1
47.6634,-0.2053,0.2279,-94.1814,504.8918,92,75.3104,50.3204,90.2202,279.1736,0.9354,3.895,133.5171,0,10.0274,26,5.9853,0.9354,0
61.4613,-0.614,-0.0631,-11.9731,627.1951,92,79.9666,37.064,79.0679,274.7414,0.6011,3.6405,74.248,0,9.8464,38,5.1691,0.8122,0
42.3575,-0.3152,-0.5915,124.6689,576.7004,105,70.0651,36.8291,82.7,498.6383,0.9636,6.4106,81.0041,0,5.3765,30,8.6647,0.9402,0
34.4366,0.1285,-0.4095,-137.3898,484.5208,98,86.64,25.8204,52.9411,238.8109,0.8862,5.2701,97.0737,0,12.5153,47,3.5646,0.9514,0
28.8317,-0.9182,-0.8116,82.3083,667.2383,109,77.0388,47.0498,115.2491,404.0406,0.976,8.8967,54.5747,0,6.5483,25,6.0722,1.0292,0
56.6627,-1.0821,-0.0257,-22.7261,556.9849,90,79.3341,72.6223,119.6782,207.7245,0.9717,11.3857,99.6651,0,10.8929,37,3.5372,1.1626,0
57.3362,-0.8896,1.5841,4.7574,634.8041,104,78.2462,70.3776,44.6878,210.7828,0.6993,2.1568,68.3853,0,7.5523,23,7.1421,1.0365,0
46.5577,0.3279,-0.051,28.4515,360.8345,102,85.1405,49.4755,36.8346,318.2626,0.807,6.1044,114.0865,0,10.0141,38,8.6744,0.839,0
37.2897,-1.4658,-0.2101,-80.7624,579.2417,97,82.8613,85.6719,45.6164,284.7349,0.7957,5.8769,175.2478,1,7.2546,28,2.8971,1.0715,0
48.539,-2.217,0.1085,-145.3061,620.2631,95,99.0632,48.906,58.3985,396.0853,0.8837,4.8078,121.8362,0,8.9406,42,9.8064,0.9628,0
61.7809,1.3725,-0.5752,-173.2826,336.6494,92,76.1586,43.1852,93.9927,272.2504,0.8328,8.9691,43.7415,1,7.2968,27,4.0813,0.9358,0
37.307,-1.0132,-0.5579,-24.868,488.9187,98,97.9285,10.4534,78.3047,248.1248,0.9856,5.4867,99.1149,1,3.1947,32,4.542,0.8913,0
60.5817,-0.194,-0.3095,-83.2065,239.2491,99,61.8826,53.9842,35.0195,172.8268,0.8019,1.1279,71.9926,0,7.6444,26,6.3299,1.0463,0
33.0477,0.9223,0.4425,47.8548,261.95,99,84.8952,32.0874,75.2569,533.6959,0.7494,6.0254,99.3087,0,11.5209,37,3.7801,0.9547,0
38.6302,-1.4383,0.1668,77.7376,491.0185,112,64.1439,79.0417,83.6368,151.8627,0.9968,9.0525,110.4393,0,6.8058,30,10.0833,1.2048,0
51.0928,-1.4394,-0.0797,1.3481,770.0351,93,69.7611,25.1331,42.0191,611.6185,0.8375,11.503,74.663,0,9.5303,34,2.812,1.1021,1
59.4765,-0.6326,0.3744,42.8261,781.6317,115,70.2534,75.7414,37.7463,367.0428,0.7638,1.3678,106.6927,0,5.5409,38,4.4188,0.8505,1
64.7164,0.9613,0.8543,21.8686,454.2635,108,69.4753,54.0964,67.7521,345.0118,0.7415,7.6077,117.4445,0,7.6328,22,4.3096,0.8913,0
59.9176,-0.0216,0.3681,-178.3519,357.2781,80,73.9193,27.0194,99.7668,149.3099,0.883,4.2385,79.9209,1,8.0487,29,7.8615,0.935,0
65.5226,-0.0081,-0.509,123.0127,639.0712,92,102.005,16.7753,44.873,354.6346,0.9557,2.7303,110.7879,0,7.3729,24,4.5119,1.1549,0
51.8206,-0.2954,-0.9417,-158.5575,199.4666,84,71.2194,57.4046,41.5883,144.8054,0.6707,7.1762,45.2807,0,6.8715,37,7.6609,0.8151,0
43.7841,0.5621,-0.8722,-32.2774,439.5237,111,63.862,31.5819,105.5743,283.5158,0.749,4.7337,115.5622,0,5.7812,34,6.3366,1.1881,0
61.8409,1.4318,0.4345,-140.0333,387.7738,114,84.937,10.5805,53.0637,409.8683,0.6262,0.8714,164.7302,1,9.7572,43,5.8808,0.9193,0
63.635,2.984,-0.3789,58.433,487.0523,106,82.4229,89.5882,40.7107,155.7459,0.7097,10.7485,119.8462,0,7.9729,41,3.1861,1.0872,0
59.3082,-0.1481,0.4092,-62.7884,706.2978,94,102.1628,67.3675,111.5714,365.4293,0.967,5.1962,125.0247,0,4.21,30,4.7582,0.9149,0
56.1256,1.5259,-0.2274,-154.3852,111.7552,85,79.5921,27.1058,64.5173,263.7787,0.858,11.5645,145.3092,0,3.8149,31,4.5833,0.8615,0
63.9197,0.9993,0.194,-163.673,546.5534,97,57.1259,13.653,67.5781,356.4012,0.9648,2.6721,86.4281,1,9.9217,30,3.4507,0.9229,0
53.4197,0.267,0.3505,-94.629,551.4854,100,75.7258,73.6178,117.1509,165.733,0.8229,0.6684,114.9265,0,8.167,19,4.8086,0.8102,0
49.7947,-2.21,-0.3914,60.2153,490.8518,107,75.527,22.9122,93.457,432.6386,0.9949,0.358,95.1154,0,6.6932,36,7.7712,1.06,0
57.2552,-0.3779,0.4114,78.5597,543.7067,105,67.6714,51.9852,112.0199,369.4006,0.8543,7.3862,98.0747,0,10.777,36,5.7468,1.1234,0
54.7758,-0.3383,-0.3299,-133.7651,577.1395,99,74.3739,58.7524,57.3639,215.8783,0.8885,10.0484,147.1747,0,7.2138,26,7.1983,0.8054,0
58.8529,0.3588,-0.351,-129.9196,523.7498,105,78.5044,39.7107,84.5737,222.2836,0.9453,7.6763,116.2397,0,8.2856,30,5.1006,1.0375,0
48.6806,-0.1975,0.4105,33.5617,194.7491,89,79.3917,30.4595,71.8714,427.0153,0.7418,9.8847,37.6164,0,10.1417,35,5.1875,0.9695,0
59.0925,-0.5632,0.316,164.6159,366.62,93,66.1956,11.9624,119.9134,257.2948,0.7185,6.2122,67.6153,1,9.9398,31,7.7598,1.1014,0
58.5762,2.03,0.23,19.048,739.6391,105,86.0936,59.1805,73.6716,215.7785,0.6692,1.3613,71.9567,0,9.5006,28,5.8369,0.8692,0
52.1335,1.3082,-0.5514,76.2272,324.9454,114,96.3594,97.6108,91.8621,352.1616,0.8826,9.6663,106.1263,0,7.4292,27,2.6238,0.9582,0
42.497,-2.0228,-0.192,27.1497,512.0921,107,82.8056,27.0521,48.1385,364.3911,0.9274,4.3569,100.0678,0,4.7392,33,5.7742,1.1497,0
62.4062,-0.2811,0.3445,-142.2591,391.8009,92,91.0637,30.0647,42.6399,244.4399,0.7555,8.313,91.3149,0,8.552,33,4.9205,0.9243,0
37.9034,0.6309,1.1419,160.727,589.221,100,81.8131,65.5006,38.9023,443.2127,0.6004,1.37,116.3756,0,9.0997,26,6.3032,0.9468,0
40.4229,1.3309,0.9056,-154.0854,469.6038,85,69.5353,1.2453,81.5143,299.8257,0.9632,3.3815,154.1223,0,4.7571,20,8.1721,1.1488,0
51.6802,-0.42,-0.234,93.5533,598.2107,90,82.7091,34.2066,108.6324,391.2701,0.8894,4.9742,56.1389,0,7.2275,21,7.3987,1.0624,0
24.921,-0.2154,-0.3296,172.5668,557.4555,103,74.9744,54.1792,108.6416,390.9326,0.9543,11.6194,149.6651,1,8.0205,29,4.546,1.0339,0
65.4296,0.0948,0.865,-65.161,441.5335,106,68.9055,33.4423,36.249,167.634,0.951,7.6511,61.642,0,8.326,32,4.6226,0.8118,0
50.1469,0.6618,0.3003,-118.2131,165.6358,94,79.2192,60.3664,101.4955,415.8055,0.7966,8.3185,7.3537,0,7.3693,31,5.7956,0.8664,0
65.3948,-1.5355,-0.2339,23.8228,370.0401,79,88.2037,58.2666,109.2008,402.2799,0.9019,9.3319,114.8694,0,4.513,34,7.8212,0.8888,0
68.0403,-2.0154,0.0633,106.224,319.0564,103,76.5941,52.2975,102.655,333.5017,0.9391,5.9138,102.0983,0,6.0821,30,2.512,1.0355,0
48.4517,1.2546,-0.6247,161.811,317.9255,99,99.3996,34.8209,32.1899,58.8459,0.6175,1.865,72.2372,0,10.136,27,5.2636,1.1256,0
63.4875,-0.9901,0.5045,69.7227,575.5288,90,89.5091,41.795,93.5088,323.4385,0.9247,3.6814,133.1657,0,6.0113,31,6.1865,0.8883,0
39.3989,2.1227,0.6999,-59.0857,803.6919,101,74.5215,51.5666,63.4107,209.0869,0.8001,2.9616,9.4674,1,6.9161,30,8.3712,0.8604,1
54.333,-0.8636,0.77,-2.0354,130.2234,101,74.2178,54.2137,95.5047,163.4995,0.7422,10.7615,117.1776,0,3.9616,36,7.6859,0.8672,0
45.2661,-0.185,0.5629,94.0322,274.0614,93,101.4475,78.5432,71.2986,284.3169,0.6685,8.7404,52.5557,0,9.5629,30,7.784,0.9164,0
56.9649,0.3686,-0.1602,103.6557,534.8138,95,76.6373,64.5851,90.2952,82.0156,0.6901,6.6312,125.3152,0,7.8067,21,1.5215,0.9,0
58.8257,-2.132,0.4471,-153.2026,461.9879,110,83.6422,42.4681,54.6466,289.6114,0.9183,2.9231,55.7235,0,5.936,33,8.3751,1.0137,0
48.4009,2.8644,0.7304,40.9463,567.9977,96,84.218,61.2949,43.1436,409.236,0.9456,1.871,68.0172,1,7.4222,32,7.5587,0.9444,0
55.4482,-0.395,0.4725,168.2532,492.9823,97,62.7611,62.6541,112.9525,354.9161,0.9852,7.0955,59.0028,0,12.1704,33,7.281,0.9017,0
59.4471,-0.8385,0.4266,102.6924,697.6317,114,62.8914,36.8833,94.6912,417.2206,0.6586,1.5454,96.2459,0,8.5816,24,6.7573,0.8542,0
51.8782,-1.1664,0.0956,-177.3638,585.5504,86,88.5631,61.6378,114.9255,268.2031,0.8061,5.4329,85.0905,0,11.4926,24,6.8505,1.0583,0
75.3904,0.3618,-0.4529,-99.021,631.5436,81,69.5264,45.2879,102.6406,345.3146,0.9669,6.976,61.0263,1,5.411,26,6.79,0.9591,0
48.6286,0.2909,0.9277,-19.7968,652.6918,105,80.1187,55.8389,50.6187,191.1506,0.6881,4.2713,45.5027,1,7.714,30,6.7851,1.1084,0
66.5586,-1.1326,-0.0183,74.257,321.1077,109,64.8995,70.1847,93.0607,105.4173,0.6969,11.1245,94.032,0,5.8082,31,5.4203,1.174,0
61.4539,-1.3719,0.6071,19.8888,588.0768,109,76.7154,70.5198,80.4185,188.8836,0.8171,1.1012,38.4534,0,7.3628,25,8.1041,0.9526,0
31.401,1.0553,1.239,-152.162,596.4288,116,82.1374,32.612,54.9072,226.0429,0.8284,5.0676,117.9631,0,7.5429,37,6.1039,1.1152,0
64.9297,-0.6557,0.4542,85.7767,448.7466,111,59.3987,27.7325,107.944,222.0074,0.6767,10.762,96.3267,0,10.3887,26,5.0434,0.955,0
60.7394,-1.721,0.5875,121.9369,447.79,94,80.5407,85.5581,100.1615,422.8031,0.8076,2.1209,82.373,0,9.7261,37,6.1595,1.1825,0
51.1415,-0.1479,-0.4678,-105.9272,451.99,102,81.0924,85.6535,41.5583,284.8547,0.9646,7.537,147.4604,0,8.9834,30,5.0083,0.9214,0
53.6887,-0.4017,-0.3637,-155.7275,368.084,99,75.3147,64.65,81.2977,514.2544,0.8336,6.9744,60.8408,0,4.8401,31,6.659,1.0053,0
54.9279,1.95,0.6325,104.7447,292.9365,93,68.9956,44.0733,99.1512,452.4949,0.9141,10.8536,97.5111,0,8.7281,21,6.864,0.808,0
63.7531,-0.5222,-0.2748,50.5607,821.8429,96,76.2339,44.1328,44.5032,199.1253,0.9097,10.6211,111.514,1,4.6008,31,4.5583,0.9024,1
45.8692,-0.3082,-0.6707,109.2614,662.0208,103,76.2482,30.4079,119.2619,402.615,0.7543,10.9756,99.3086,0,9.0587,25,7.029,0.8663,1
65.86,0.2195,-0.8304,23.9748,503.8942,94,99.2491,54.3459,84.4222,404.6726,0.9152,6.9697,39.7454,0,8.8056,29,1.7026,1.093,0
39.1594,-0.5709,-0.1083,-25.7264,279.8868,93,78.7917,47.5535,107.5576,264.0342,0.9314,2.1456,66.3932,0,8.9106,29,7.7466,0.8336,0
32.3987,0.441,-0.1146,166.708,581.8688,111,75.3566,48.1167,79.1625,301.9829,0.7697,1.6414,35.6481,0,9.0146,26,7.1619,1.047,0
55.9349,-1.0169,0.4989,100.7855,445.3775,97,78.7716,26.9941,57.7999,234.0817,0.9145,9.2451,96.402,0,11.413,35,5.2363,0.8817,0
62.5903,-0.2393,-0.4946,-31.7102,476.5071,111,84.2368,69.0752,105.1945,538.3549,0.9973,5.0313,96.8228,0,8.6764,22,3.854,1.1197,0
48.2042,0.4068,0.6887,146.7065,837.1782,104,83.8681,58.9725,70.2656,461.6378,0.8522,2.9749,80.6952,1,8.4331,23,5.6375,1.0711,1
27.3578,1.1376,-0.6063,177.6597,784.6904,113,84.4982,59.1281,82.4376,270.8994,0.6995,8.0155,78.6567,1,8.4563,26,4.8733,1.1243,1
35.0906,-0.5862,-0.593,-69.0349,145.2421,88,86.0305,14.281,81.8127,456.2371,0.9353,9.299,83.4864,0,5.9858,35,6.9075,0.8474,0
54.3628,-0.5981,0.0692,141.2916,554.7971,97,65.3974,19.6519,35.3071,255.485,0.648,10.9094,71.2684,1,9.2131,30,10.3347,1.104,0
49.8995,1.5412,0.0266,-163.6569,524.8361,112,85.1648,28.0154,60.5374,395.0927,0.8002,0.5242,57.0951,0,6.9245,31,6.8831,0.963,0
62.8428,-0.5518,0.2898,-102.8344,553.2731,100,81.8414,65.47,60.0151,325.5956,0.9591,1.2778,118.6251,0,11.5082,37,6.1269,1.0394,0
50.7292,-0.0567,-0.5878,-122.0716,416.3271,100,73.7692,40.2162,33.9334,291.1469,0.8592,8.1562,67.9076,0,6.847,23,8.2176,0.8292,0
42.5941,1.7128,0.1765,-51.6263,500.4342,97,81.0643,29.3103,39.425,198.0849,0.9888,1.785,106.9964,0,6.7321,26,6.2503,1.036,1
53.0908,0.0675,-0.8391,22.5441,335.9163,71,78.9006,63.0793,81.3921,241.8862,0.7571,1.5355,57.3466,0,8.7107,34,5.3158,1.0758,0
60.1561,-0.2478,-1.0976,79.1927,655.6254,105,79.7919,43.5181,58.9883,360.9137,0.811,2.2122,64.6037,0,6.1999,28,3.5977,1.2062,0
63.5123,-0.1732,0.914,145.0094,651.0415,101,81.7435,57.4607,75.1655,306.9756,0.7458,3.5888,119.2477,1,7.0907,30,3.6899,1.1665,0
48.8899,-0.7405,0.5233,-122.9229,746.1473,86,63.2172,29.6367,73.5139,266.7363,0.8616,10.6311,86.3892,0,9.1932,39,5.3931,0.9991,0
50.6742,0.4508,-0.0019,28.1821,383.9408,103,82.631,49.4606,88.8825,445.5192,0.7216,9.6335,65.995,1,9.7148,33,3.7668,0.9144,0
57.7927,-0.924,-1.0113,19.6896,540.4527,101,86.5041,76.7066,106.4647,312.936,0.7085,4.0176,94.6162,0,8.8647,45,7.219,0.864,0
42.5139,0.7785,-0.229,-14.9494,806.5154,113,82.4379,74.7972,50.4208,300.1516,0.8957,7.5083,127.7375,1,6.5524,38,6.1728,1.0346,0
57.3677,0.0152,0.2244,70.0498,398.7016,97,72.7491,34.1398,62.5422,246.1934,0.9902,8.2625,124.526,0,9.7669,28,4.6484,0.9905,0
47.6796,0.2355,-0.2301,4.81,348.5898,108,71.3682,44.4849,80.1478,329.5198,0.6685,11.8434,102.2402,0,4.5134,19,8.5721,1.026,0
49.2442,1.7297,0.7806,18.0689,545.0451,90,81.822,66.2396,96.7337,359.299,0.9493,0.9729,118.8003,0,5.9307,25,6.7133,0.9984,0
50.0268,-1.4491,0.3146,145.1992,674.7676,105,88.0308,51.7704,64.5092,314.7287,0.9746,4.3134,102.6052,1,8.7236,24,7.4633,1.1687,0
51.2959,0.0244,-0.4616,129.698,399.9336,103,93.0865,57.0587,53.8616,358.8479,0.9078,11.3522,63.5265,0,6.8245,23,7.081,1.1038,0
69.1378,0.6381,-0.7979,27.8402,789.9278,98,87.6481,77.6754,90.7808,233.9849,0.7577,6.3857,57.1087,0,7.7402,36,4.9383,0.8895,1
45.3102,-0.6162,0.4373,-123.7645,362.6371,98,85.117,54.3557,89.7483,191.6562,0.6249,9.4006,149.0517,0,9.4917,27,5.7073,1.0584,0
45.8251,0.9511,0.4205,165.1325,598.7261,89,54.5742,38.1249,98.1187,274.1501,0.612,2.7624,40.7023,0,7.2858,31,9.6154,0.9967,0
64.4674,-0.5447,0.378,44.172,398.5008,111,73.8637,75.1204,74.7772,342.5943,0.8382,3.4225,103.4215,0,7.2949,32,2.8349,1.1308,0
54.4469,0.2916,0.8427,110.6909,430.1115,107,83.129,33.5465,36.7886,403.2769,0.9153,10.7336,58.8583,0,5.9234,31,7.585,1.1321,0
57.6756,-0.1235,0.2288,-160.1922,623.3944,99,73.1998,49.5467,82.974,523.5635,0.7219,8.0753,85.1282,0,8.7383,35,4.3282,0.8927,0
39.6975,0.1618,0.0469,142.8571,468.6173,109,70.6986,38.4239,58.2826,364.4801,0.778,10.0216,37.2552,1,9.272,27,6.3981,1.0058,0
52.4643,0.0739,0.3822,69.6584,272.1293,101,69.3762,26.1434,119.8084,97.0323,0.7003,2.569,153.1284,0,10.8626,26,7.317,1.0226,0
58.1038,-0.032,0.6174,66.753,380.2017,99,97.6483,47.9624,82.3287,417.1905,0.9249,2.8948,113.8494,0,5.1815,26,5.8318,0.9439,0
43.2563,-0.4735,0.3437,-140.3596,608.2541,95,67.0003,51.2083,69.7931,341.6355,0.9199,3.5131,122.3003,0,5.845,36,6.9237,0.8075,0
56.2849,-0.6647,0.0157,76.6308,559.622,101,77.8771,44.9792,98.5789,230.7686,0.8935,9.9032,115.2062,0,5.6251,24,1.2766,1.2056,0
47.956,0.316,0.4841,-152.4106,608.835,103,72.7209,70.0087,118.0318,382.3869,0.9385,2.6082,76.6307,1,5.5328,39,6.0983,0.9136,0
43.5458,0.0527,0.0481,-159.9027,409.5988,106,71.362,34.8023,74.4131,342.186,0.662,8.0412,110.5631,1,10.3299,30,7.3065,1.0913,0
60.1319,-0.6921,-0.244,-62.8747,341.0063,106,84.1143,57.2303,59.8221,251.6927,0.7784,3.8873,55.6358,1,5.2916,35,3.6153,1.1625,0
61.3791,0.3434,0.0607,-171.6589,377.1793,101,88.2298,25.7501,73.3343,312.1515,0.9263,7.3254,66.5569,0,6.2372,29,5.1704,0.909,0
51.2873,-0.4626,-0.1595,-122.5349,387.4475,107,68.231,97.9614,92.4426,210.4546,0.9824,5.1408,38.6575,0,7.7875,36,7.2339,1.1415,0
54.507,1.5554,-0.0429,81.4056,492.9749,88,80.5251,36.887,90.5923,280.0988,0.9223,3.1056,85.8409,0,6.429,22,6.2104,0.8329,0
63.2459,2.4892,-0.423,120.5732,322.4041,99,78.8641,17.6033,97.0521,169.4351,0.9574,7.9514,51.7522,0,9.9633,24,8.3229,1.0681,0
46.0451,1.389,0.4995,-115.3723,659.8125,96,75.4782,45.3379,85.8245,342.5637,0.6078,8.3302,128.287,0,8.535,25,4.4601,0.9334,0
53.4858,1.3333,0.1069,116.3871,577.3617,106,70.663,54.5334,115.8895,337.0434,0.9032,9.0833,116.9226,0,7.2166,33,6.4996,1.0062,0
46.1366,0.8142,0.3553,-7.0092,370.3051,88,91.0859,67.6563,62.8407,413.4128,0.6564,9.8683,107.9693,0,10.2686,32,5.4023,1.1971,0
39.8154,-0.2098,0.2411,164.8421,470.2119,87,69.66,71.4634,30.1121,400.3242,0.8974,3.2346,151.1299,0,9.5307,27,7.954,1.023,0
46.0535,-1.8991,-0.4511,-129.8488,366.9927,93,66.9716,62.4547,43.4516,234.047,0.6287,4.6574,88.0231,0,10.6904,33,5.1206,1.0847,0
38.7506,-1.025,0.6616,-160.7167,477.6032,99,90.9876,66.8185,33.9572,338.6623,0.718,7.8219,125.5039,1,4.364,33,5.6316,1.1523,0
54.2556,-0.6767,-0.1126,124.2288,374.7764,92,81.9994,72.0731,43.6863,342.1092,0.8731,8.1128,75.7395,0,7.8983,27,7.072,0.8216,0
42.2782,1.2077,-0.1806,-49.6852,821.3503,100,68.1893,54.9478,49.3378,220.0326,0.6775,11.905,36.0684,0,7.3315,32,3.4368,0.8828,0
36.0295,0.2561,0.1072,-15.4187,261.3835,85,79.2288,34.7484,54.4629,390.7131,0.9139,2.4894,94.051,0,7.7952,24,8.3376,1.1395,0
57.4271,-0.6595,0.117,4.2458,309.5665,105,73.7593,51.7819,32.2086,268.3682,0.6356,6.9624,127.5381,0,8.5191,22,2.372,0.8546,0
56.7767,-1.8452,1.3003,117.06,464.331,100,94.8883,35.6767,55.3703,235.3718,0.9314,1.414,33.402,0,8.5171,29,3.8935,0.9187,0
46.6974,2.3181,0.2982,-152.6399,514.0601,93,77.5846,70.9843,43.3864,283.1847,0.828,1.5065,115.3576,1,8.7974,36,5.4881,1.1047,0
57.032,0.5333,-0.2428,18.4047,515.0203,94,85.3161,74.0396,37.7391,131.4358,0.6074,5.1458,97.6374,0,7.4508,18,1.9628,0.9245,0
41.939,0.9085,0.949,-24.9954,637.6661,107,79.7696,75.253,82.3129,122.9656,0.7015,6.6875,83.7609,0,7.3001,25,3.7622,1.0491,0
46.2768,-0.5357,-0.8151,-57.4991,566.3764,106,94.3697,26.9912,47.3658,358.2767,0.793,2.4885,72.5389,0,8.2474,35,7.6436,0.86,0
54.0733,-0.1386,-0.241,-54.6728,361.7444,97,82.0339,71.236,37.3253,233.733,0.8571,0.6679,79.3933,0,6.0826,34,4.4798,1.0389,0
60.338,-0.3439,-0.2778,154.9227,659.3185,94,91.5755,38.534,46.1447,177.7087,0.8695,4.0925,82.9335,1,8.9237,22,4.0403,0.8448,0
46.1756,0.0643,-0.0021,-83.4795,594.2393,103,85.4142,57.3778,108.1086,137.3928,0.958,2.6308,75.2803,1,10.611,21,6.0396,0.8399,0
44.0409,1.8458,0.1731,-16.3371,708.0269,100,74.4689,66.5479,77.6491,172.9122,0.7753,1.0644,60.6686,0,10.7078,44,6.9258,1.016,0
59.8251,-1.2043,0.2178,-2.5912,507.7043,91,80.0186,21.2526,78.1038,223.1063,0.605,9.9037,133.8782,0,6.7687,25,4.795,0.8702,0
56.1269,-0.0413,0.2086,79.151,663.5158,102,77.8718,67.247,54.5031,100.7052,0.7067,7.0178,111.3629,0,6.4931,30,6.8503,1.0786,0
51.4872,0.3609,0.315,6.8352,91.5997,110,74.2653,19.0496,76.4527,365.7359,0.6372,8.6682,63.3467,1,8.3763,34,7.9074,1.1338,0
61.8112,-0.1168,-0.0301,43.6438,427.151,112,69.2303,46.0145,96.2397,341.4966,0.9353,9.1394,89.7972,0,10.8657,30,4.4902,0.8268,0
69.4701,0.9953,0.6448,-36.4209,363.1043,100,93.5956,69.5299,83.6867,220.3476,0.66,1.8054,92.7559,0,6.3742,24,8.1982,0.8991,0
53.6592,-1.7356,-0.806,78.702,605.2818,100,59.3884,76.5389,78.339,430.6019,0.7433,3.231,136.6091,0,8.144,35,7.8576,1.2024,0
44.1013,1.8838,-1.2762,-12.2934,389.0636,97,93.315,66.1713,62.7244,228.7275,0.6581,0.6661,67.6896,0,5.721,22,8.7084,0.9568,0
54.9731,-1.3705,0.3704,-99.8233,646.3439,105,66.6236,38.7098,86.7529,296.1947,0.8066,10.663,114.6063,0,13.3949,18,5.4447,1.0077,0
41.8007,-1.1301,-0.1656,114.0949,618.1085,98,85.4316,37.9997,107.1379,433.1423,0.6783,9.4872,64.0275,0,8.338,25,7.4854,1.1183,0
62.4216,-0.4495,0.8587,95.5628,408.8904,93,74.1444,47.1498,47.1614,265.3365,0.9055,3.3193,69.7096,0,11.7685,34,8.9838,1.1225,0
42.9835,-0.6476,0.5213,45.8965,535.8135,118,63.3322,51.077,104.1754,379.9894,0.7964,3.7223,88.574,0,7.2689,27,5.3919,0.9017,0
48.0686,0.4245,0.2944,7.901,467.8313,90,91.4534,67.5067,73.567,369.6499,0.7984,7.0216,47.1329,0,10.2384,29,9.2912,1.1866,0
41.6232,0.3087,-0.2434,-104.9414,517.454,97,56.0069,48.7145,118.1332,251.2849,0.9805,7.1577,53.4218,0,6.7522,33,6.2579,1.0435,1
51.8217,0.1136,0.3379,132.6075,612.4465,117,87.9615,40.7676,53.5758,272.1549,0.7285,10.4458,94.1658,1,9.1884,29,5.7809,1.0954,0
52.1745,-1.4179,-0.1982,-145.0108,451.1081,104,81.2993,42.8262,38.7876,163.3834,0.7523,0.3548,89.7927,1,7.39,36,3.4145,0.9545,0
57.4265,-0.1395,0.0298,-42.0538,251.5872,111,90.5094,72.7152,44.4516,20.3122,0.8368,11.0869,95.8005,0,6.9694,29,7.368,0.9569,0
51.1964,0.0197,-0.1631,126.9219,589.3404,123,86.2635,51.1238,31.725,222.5734,0.7365,10.4232,119.0646,0,8.8515,24,9.7104,0.8367,0
50.4627,1.2323,0.1296,34.404,660.8704,91,86.1293,80.478,62.8811,323.7357,0.9316,6.0849,77.827,0,7.939,43,3.2248,1.1879,0
44.2612,0.1994,-0.1254,-22.0968,245.0379,86,88.9791,69.0149,58.8217,177.9023,0.8187,1.3881,72.9202,0,5.2647,34,6.9805,1.0776,0
47.1365,0.3827,0.5003,104.8899,494.5184,93,88.3757,39.5362,87.4567,361.3777,0.6011,7.4453,110.1716,0,7.4195,28,7.7581,1.0504,0
36.0709,1.9625,0.2263,176.2251,360.2406,112,84.5068,41.0178,44.6489,255.4321,0.7288,7.4441,75.3504,0,4.9692,23,4.7305,0.9962,0
63.937,-1.1601,-0.2546,-112.0272,669.0407,101,76.654,47.8368,98.4711,399.2106,0.7996,1.0716,113.1991,1,6.7597,30,5.7684,0.9306,0
49.057,-0.3881,-0.2237,-161.7361,677.3688,105,77.7083,47.265,59.0315,192.5981,0.9122,11.1903,26.7901,0,6.9864,23,6.9611,0.8155,0
66.407,-1.1358,-0.635,-13.3243,378.5477,95,81.0677,73.1209,108.8671,294.2005,0.8963,7.532,98.1557,0,8.2544,29,2.8663,1.0181,0
48.7897,1.6065,-0.9761,-76.5374,302.6576,102,77.3377,39.1911,46.4912,179.2337,0.8681,6.5107,96.3992,1,7.4635,35,6.0321,1.183,0
30.9788,1.6748,0.4664,60.0306,536.7045,79,101.8604,52.2356,101.7707,109.1083,0.9336,6.9395,137.1772,0,9.6476,37,3.4886,1.0314,0
45.4961,1.5285,-0.1781,-2.067,333.6292,87,79.1348,56.7044,46.7596,273.7318,0.6857,6.3413,111.0788,0,9.9394,35,8.0607,1.0273,0
49.9739,0.5474,-0.6087,-0.3589,628.664,98,68.5021,64.1104,31.7621,180.0469,0.7839,1.1017,121.444,0,8.7394,36,7.3894,1.0788,0
50.6535,0.3805,0.2222,-52.2065,480.3237,104,78.7942,59.4482,35.2594,294.0642,0.8163,9.2083,89.6164,0,9.7981,23,4.9041,1.1733,0
56.7684,-0.458,-0.3607,-104.1577,740.8252,116,71.6153,57.9137,103.4045,342.0209,0.9894,0.0535,100.0883,0,6.3105,30,6.338,0.8132,0
51.7388,0.7694,-0.0347,-103.1564,747.492,88,99.5785,40.4468,77.9324,154.5164,0.9905,9.8931,58.8765,1,11.0924,27,0.5004,1.1461,0
46.63,-1.2814,-0.6461,-40.6907,732.8071,100,80.9778,42.4122,58.9132,383.012,0.7989,1.7382,74.1857,0,5.3242,28,7.1825,0.871,0
40.8501,-1.2848,0.3245,65.4609,560.4406,110,86.348,54.958,87.7339,179.5852,0.6568,3.706,105.3163,0,5.6223,37,7.1657,0.9991,0
45.9363,-0.4199,0.044,-58.6263,358.1364,100,85.1519,46.2226,63.9502,228.5437,0.955,4.4151,151.7201,0,9.1179,30,5.1171,0.8604,0
56.0453,1.887,0.2499,-62.6338,277.5315,118,89.4569,31.3511,103.7763,233.429,0.6107,5.2774,118.7885,1,11.4191,31,9.5145,0.874,0
58.5841,-0.5135,-0.2138,-26.9998,589.192,92,82.3844,41.2096,97.3561,321.5289,0.7808,5.606,111.1485,0,8.1208,28,6.806,1.1493,0
43.2614,-0.3784,0.1236,176.7101,600.405,85,76.0124,53.4264,72.0346,356.709,0.7993,7.6124,122.0078,0,11.1673,27,6.5616,1.2025,0
60.07,0.2878,-0.7277,-147.1552,539.3037,98,80.4725,73.7615,30.9951,352.0859,0.6588,5.4419,105.2366,0,7.4325,32,8.7115,0.8561,0
55.6906,0.8986,1.1373,-73.9251,300.6701,106,67.7344,31.1712,76.7499,230.4269,0.7486,9.0441,95.612,0,7.2085,31,8.0936,0.9572,0
41.1292,1.252,0.2074,-74.8792,380.3535,100,78.5023,27.9829,64.4631,353.0799,0.8687,1.3497,85.9697,0,8.9946,25,5.3376,0.8706,0
52.4671,-1.1204,0.8537,170.8203,512.4982,97,97.9391,65.2083,83.4509,385.6004,0.8794,3.7556,67.5754,0,8.9674,38,6.9948,0.8643,0
53.6977,-0.0967,-0.1331,-33.4159,408.0302,91,87.3521,41.827,44.4639,240.3704,0.9115,2.9552,55.1102,1,12.364,32,8.5843,0.947,0
39.3556,0.2245,-0.5249,24.1099,383.6178,88,78.9371,33.0565,89.8366,143.8282,0.8293,3.7549,85.9475,0,7.5443,35,7.9403,0.9448,0
36.4136,0.3248,-0.2458,-108.6729,355.0193,89,100.117,49.6296,48.5603,265.8409,0.7174,2.4026,85.3064,0,6.0963,23,6.7544,0.9436,0
54.7382,0.8658,-0.0219,-175.425,479.7027,88,73.9057,32.0161,118.1925,414.2126,0.6049,10.4494,66.615,0,8.1605,26,5.4743,1.0874,0
45.4572,0.8201,-0.0583,-57.863,468.882,100,83.4275,94.0829,103.7025,473.4331,0.8424,5.8964,103.5547,0,8.7509,32,6.5742,0.8142,0
65.121,0.0255,0.9308,50.0519,376.0032,95,76.9704,34.5173,46.3043,86.5331,0.8252,7.4827,125.8817,0,9.9519,25,4.9477,0.8851,0
67.2107,1.1524,-0.4279,68.9546,501.5379,84,77.9538,53.8063,78.9712,326.5437,0.8535,9.0415,75.7576,0,7.5988,21,5.8812,1.1061,0
54.7199,0.9688,-0.3024,91.3953,537.4155,108,83.9396,60.3582,70.9409,336.7706,0.9723,3.6654,95.2999,0,4.8398,26,5.2293,1.0875,0
59.5174,0.8884,0.3565,129.8389,552.9427,93,85.7603,68.9599,102.9458,446.2073,0.6951,10.4803,71.5106,0,9.3477,35,5.229,0.9666,0
39.7615,-0.5288,-0.7933,-138.3757,356.3866,85,77.9727,28.4322,96.576,316.6866,0.8826,5.3918,112.7811,1,6.8614,27,5.666,1.1031,0
36.681,0.7129,-0.0203,-150.1947,453.9305,77,71.6391,59.077,56.6378,318.4955,0.6801,7.6584,104.2664,1,10.0534,25,8.6738,0.9533,0
48.5859,1.2036,0.0709,103.5667,502.4064,101,98.3224,17.1605,62.7908,264.4975,0.9143,0.3197,71.1094,0,9.4097,39,4.7143,0.9837,0
37.1344,-0.5138,0.2167,-23.1295,518.7766,100,81.0145,56.1823,35.4169,204.5891,0.6123,5.0654,103.2085,0,7.1639,28,7.674,1.1261,0
53.0764,0.1316,0.1744,160.962,299.7507,103,69.6297,48.8445,81.0576,243.3422,0.7076,3.5217,23.4273,0,6.7046,27,5.7836,0.8799,0
42.1632,1.5647,0.9939,159.6545,448.8183,105,69.7772,65.0328,98.3058,339.2146,0.7031,0.4208,108.0223,0,6.6956,33,9.5956,1.0528,0
51.9046,0.3965,-0.4424,-129.0052,588.908,101,99.9101,55.2095,67.7065,182.8088,0.9395,4.2104,68.2739,0,8.5002,32,9.3475,1.0793,0
48.269,-0.0879,-0.3222,68.8409,410.9196,98,104.6391,47.7747,115.1139,420.7644,0.8191,10.0612,59.5531,0,8.832,30,5.4957,0.8975,0
56.3735,1.4616,0.3047,-155.8414,553.3484,108,83.3664,49.3011,42.3479,326.52,0.7654,10.7093,64.4601,0,7.7861,28,3.4081,0.8413,0
53.2634,-0.4705,0.1132,-34.7724,502.1914,88,73.861,20.8959,110.1771,144.2424,0.6977,6.8416,67.6413,0,8.3338,34,4.3489,0.8909,0
45.9608,-1.6961,0.1756,123.0156,431.0144,115,83.3258,33.7134,31.9387,326.7033,0.7291,11.7997,50.7506,1,11.6674,33,10.16,1.0474,0
36.3161,-0.7792,-0.7026,-14.0546,689.2561,114,76.9437,80.422,112.192,243.5359,0.8886,11.0819,128.4968,0,11.4946,33,6.5105,1.1085,0
51.6251,1.136,1.0905,-167.8992,454.5986,90,85.7361,54.0917,57.5012,465.9334,0.9401,8.0372,92.9451,0,6.6015,22,10.2517,0.8728,0
32.5752,0.5207,0.2258,-93.4817,468.4402,104,83.5009,63.6379,39.8801,142.0257,0.6368,2.4108,118.8105,0,10.3187,30,9.6271,0.8763,0
62.4611,0.0681,-0.791,-148.9066,427.284,109,79.6755,37.6535,119.0334,287.4718,0.6058,1.4518,114.2354,0,8.017,25,9.2654,0.8406,0
55.2893,1.0611,0.3057,-33.0353,722.0715,117,79.1561,67.416,97.0066,215.9111,0.8196,7.9211,91.0444,0,6.4613,23,5.0602,1.1299,0
58.4277,0.1669,-0.5517,70.8117,708.6103,108,77.799,44.4157,77.7181,369.8131,0.9351,4.8874,135.8623,1,10.0099,34,8.475,0.8494,0
40.3052,-0.2223,0.4646,57.7287,672.0159,99,89.4855,21.2631,65.4336,394.7704,0.6091,0.5867,136.569,0,6.7547,24,7.3854,1.1375,0
53.5608,0.8351,-0.6578,78.8184,630.4211,110,78.0721,48.3522,52.9582,162.838,0.8314,10.8203,96.11,0,6.7488,34,8.8764,1.1628,0
43.334,-0.382,0.503,-41.8262,367.3706,95,100.5557,75.9084,83.7747,317.0701,0.9259,0.613,102.1521,1,4.9301,40,4.3412,1.0037,0
51.4907,0.4902,-0.6104,-84.4993,432.5294,102,101.4878,8.67,70.4017,471.5423,0.6454,9.4963,70.4684,0,7.8035,29,6.1634,0.8708,0
40.0156,-0.7947,-0.4872,-159.5044,384.3989,96,76.2173,64.7163,75.5825,387.0416,0.7448,6.5204,87.7019,1,6.4424,34,7.902,1.1937,0
49.1656,-1.0545,0.0688,158.9671,654.5493,99,76.3931,53.1508,71.5706,456.3935,0.6403,5.1046,87.897,1,10.9519,41,9.4084,1.187,0
36.2147,-0.8657,-0.3058,-137.4191,850.338,114,79.5092,101.8545,87.8092,336.3816,0.6153,8.1494,64.285,0,7.8126,29,2.7337,0.8944,1
48.3997,-0.0261,-0.2772,-115.8321,601.8892,104,73.5827,95.8953,113.1539,163.1718,0.7976,5.8036,120.6719,0,8.0656,23,10.4424,0.9197,0
33.5562,-0.648,-0.7649,-170.9997,751.4014,100,88.5125,14.7172,115.7549,138.2428,0.8659,7.0983,88.1978,0,7.0172,34,5.6379,0.8441,0
67.4711,-0.6199,-0.1649,-65.8194,568.6047,84,91.8447,77.6291,105.1582,243.6794,0.969,6.9518,69.9226,0,6.4362,33,3.1758,1.1257,0
51.604,-0.1534,0.4419,114.7849,547.516,118,92.8356,42.1925,54.1603,229.4784,0.7234,7.2149,59.0669,0,6.0555,36,3.2988,1.0758,0
50.0568,-0.0722,0.9392,-60.3912,412.9841,99,77.9193,46.1109,52.3048,471.3026,0.7042,11.8943,135.2874,0,12.8992,20,0.0,0.8056,0
56.7606,-1.5511,0.4138,59.7538,591.9541,98,77.7951,38.4827,81.9204,499.2542,0.8492,3.5171,63.1262,0,7.846,33,3.8087,0.8168,0
37.0069,-2.5224,0.3424,167.596,636.9465,108,60.0889,36.0146,117.7164,367.8865,0.9789,3.6896,78.3126,0,6.7041,37,5.186,0.8512,0
42.1925,0.4,-0.8443,141.311,658.0575,115,73.4312,76.3537,79.6646,362.6487,0.6743,4.345,125.1118,0,8.22,33,8.5973,1.1777,0
55.3106,0.1392,-0.0144,-115.21,515.514,94,70.6807,2.9162,40.0638,211.1718,0.6475,10.8287,66.2241,0,8.8001,38,8.3552,0.8384,0
51.6145,-1.3702,-0.3258,-50.6854,529.6858,103,68.9278,36.6987,107.8599,351.0524,0.9373,6.6423,88.0973,0,5.8095,43,7.2632,0.9214,0
42.8035,0.4363,-0.7553,90.4106,490.8499,93,75.1306,63.5261,97.2086,157.5256,0.6536,11.1381,115.8021,0,6.5685,28,7.7894,1.1408,0
56.4805,0.4345,-0.6361,171.9571,415.3085,104,76.9282,9.2239,51.4929,188.4572,0.7741,9.0903,71.2398,0,8.9537,28,8.1971,0.9232,0
53.0273,-0.3022,0.334,77.7366,632.1856,97,79.7529,45.3936,86.6923,450.47,0.9126,3.015,37.0793,0,6.8699,34,8.4614,0.84,0
55.0556,1.9594,-0.2787,-89.2035,215.7116,92,93.5959,25.8318,50.2149,330.3727,0.7501,6.8487,91.6949,0,5.4781,36,7.8708,1.0549,0
53.8974,1.2692,-0.7375,-132.1838,249.1429,91,91.655,54.6803,68.2719,371.155,0.8598,0.9697,16.591,0,6.8843,31,4.0092,1.0314,1
43.186,-0.3991,-0.3181,-1.7425,417.9547,109,68.7515,50.9986,51.3143,53.8213,0.9171,6.7046,41.8023,0,6.0257,32,6.3985,1.083,0
49.2415,-0.3804,0.1447,-110.5375,308.9608,119,84.2806,68.6633,83.7097,254.5195,0.8159,2.2905,110.4995,0,10.6698,25,8.2893,1.0045,0
31.4294,-1.4579,-0.3371,-98.0587,662.8996,99,72.0025,3.6172,57.2854,247.9789,0.68,4.9356,85.8878,0,8.8953,25,1.6874,1.2059,0
44.8917,1.2247,-0.605,48.3954,433.5914,123,81.4791,58.6075,45.1278,408.7186,0.6901,6.9164,90.6802,0,2.8544,39,6.6949,0.9058,0
47.5466,0.2468,-0.4601,5.3407,631.5584,93,93.1098,35.0008,35.364,394.7919,0.9935,2.3085,115.1335,0,7.1781,29,5.4908,0.9716,1
56.2675,0.8231,0.4422,-136.5504,695.7135,101,75.1368,79.0142,86.8622,388.451,0.9245,9.028,94.7489,0,9.8253,24,3.9526,0.9299,0
55.1215,-2.134,-1.0389,-124.6759,509.2053,92,70.1264,41.1413,83.6919,312.6933,0.7277,5.7513,108.1841,0,9.2262,33,6.3926,1.1355,0
42.4792,0.7775,-0.134,-173.0036,549.0624,94,80.5148,33.6557,47.5167,441.0631,0.6713,10.4836,82.3009,0,6.917,27,5.8596,0.9434,0
42.2579,-0.5096,-0.0576,-100.9224,684.0088,111,93.2023,39.0008,30.2511,220.2946,0.7124,3.7197,142.2065,0,9.9096,30,4.3001,0.83,0
63.0697,0.5843,-0.3779,139.4327,649.8866,88,100.0521,61.323,42.2512,271.3063,0.9284,9.1922,48.6947,0,7.0094,31,6.4031,0.8195,0
47.0609,0.5212,-0.4791,105.492,189.3611,101,73.8392,63.9285,57.4833,474.803,0.8382,0.2914,138.0491,1,6.5088,27,4.8197,1.1094,0
51.1425,-0.0206,0.4917,-30.6785,438.1637,97,81.3158,49.4937,77.0821,310.0571,0.8762,6.6298,77.438,0,6.6599,25,6.9788,1.1283,0
57.8525,-0.6973,0.49,87.0963,576.8908,99,82.7541,30.4333,109.704,428.7894,0.8626,10.1531,60.0781,0,10.5671,26,8.2955,0.956,0
49.205,0.3989,0.0527,-33.4911,532.3522,94,65.7862,26.3085,48.9267,254.7746,0.9419,9.9717,130.6104,0,8.0006,34,6.2747,0.9634,0
48.4834,-0.8359,-0.2717,105.1575,351.1141,107,65.2389,63.55,49.3948,312.4982,0.9952,6.7907,74.1604,0,6.8929,45,8.722,0.8746,0
46.8467,1.0506,0.0563,-114.4994,243.8682,103,83.245,60.4769,105.9753,405.643,0.8522,7.4519,70.2018,1,6.1846,25,7.7835,0.9548,0
44.9093,-0.7216,0.2022,-125.0938,591.6829,97,76.243,58.2148,75.7411,433.0605,0.8419,9.1992,16.9739,0,7.357,30,5.8671,0.9157,0
51.429,0.0227,-0.0559,-151.9414,373.4904,95,65.9864,81.6582,92.2263,291.5799,0.6449,6.5121,96.5033,0,6.9763,22,7.3249,1.1346,0
31.7754,-0.7458,0.2157,-92.9497,479.8495,98,86.8698,34.1368,61.207,162.1858,0.9686,9.6176,137.6865,0,6.1251,29,3.6742,0.9583,0
46.3888,0.1587,-0.1768,-127.3262,521.7099,89,80.6107,89.5532,105.4994,208.7835,0.6251,7.2214,98.0172,0,7.2939,21,7.1785,1.1448,0
55.4025,-1.0318,-1.5757,107.5109,475.5852,87,80.1152,56.7468,70.4801,261.278,0.8711,1.813,94.6887,0,8.6477,27,7.2486,0.8727,0
54.2368,-0.8091,-0.0967,-93.6102,360.2371,75,69.0472,39.8995,111.2636,347.4654,0.8971,9.2045,128.6258,0,14.4668,32,8.9857,0.9807,0
64.1106,2.2945,0.3425,5.8347,487.5925,104,62.9362,48.9146,66.0437,223.4334,0.7329,4.2956,91.5218,0,7.2071,29,7.6852,0.8501,0
58.3742,0.8442,0.0153,92.231,418.3313,112,74.0201,26.1503,102.7855,346.1827,0.6414,10.6098,76.3179,1,8.2295,32,5.3885,1.2059,0
54.0826,0.3694,0.1718,63.7468,748.3682,111,80.4871,29.5848,35.0116,329.3066,0.7699,4.6208,59.0481,0,6.1861,28,5.2335,1.0474,0
50.2866,0.5141,-0.1357,-106.3478,532.0047,102,72.9125,47.7453,91.454,253.8565,0.6959,2.9168,82.1811,0,11.9089,33,6.3883,0.9508,0
45.4347,0.3056,-0.0965,-152.2541,884.9658,104,69.0287,65.5332,42.7375,111.5951,0.8376,3.6353,76.1231,0,8.2497,26,3.3869,1.0038,1
55.0327,-0.0889,0.0854,148.2342,302.2385,110,76.2796,35.9142,110.7405,350.1719,0.614,2.1892,115.2371,1,8.9682,31,7.5887,0.8151,0
53.2349,0.7567,0.9718,43.9177,454.8676,108,80.3506,92.9859,116.818,130.8719,0.6193,5.3815,88.7822,0,8.8545,39,6.1175,0.8442,0
46.2572,-0.827,0.4211,74.3629,454.3513,108,94.1471,49.1473,58.9134,384.5956,0.8291,8.9782,109.7181,0,13.5177,28,4.6476,1.1202,0
41.3291,1.5955,0.355,-41.0349,383.4715,105,81.5022,37.9585,80.6398,515.9562,0.6552,7.9221,59.7467,0,9.713,30,7.0878,0.9679,0
49.469,0.1203,0.1024,-93.0215,447.3136,86,65.3292,24.3177,65.9782,302.2767,0.7437,10.4581,69.9809,0,8.5041,26,4.9627,0.9025,0
61.5601,0.8017,-0.6659,11.0223,428.0047,98,59.7781,39.5971,85.1625,248.6912,0.95,0.2465,100.9247,0,8.1433,30,4.6016,0.8256,0
51.1021,1.5734,0.6128,-151.9625,353.1943,90,55.4645,78.8479,61.9001,451.8231,0.6099,9.1179,46.3322,0,8.201,34,3.0075,1.1183,0
50.284,0.4912,0.4536,107.9915,769.1951,91,83.3981,84.4794,103.7237,272.699,0.6598,7.3021,64.5832,0,6.461,28,4.0226,0.952,0
54.2317,-0.8105,0.183,55.6218,487.4841,118,69.4767,62.2838,32.8231,326.7026,0.9621,11.5769,124.363,0,7.3451,38,7.6719,1.1317,0
54.8132,1.2195,-0.0219,94.1882,639.0462,97,84.9786,51.125,96.7177,366.5816,0.7521,9.9732,112.5825,0,10.2662,20,7.2384,0.8403,0
52.4891,1.6962,0.273,24.9339,648.5353,87,91.8002,21.2935,31.2451,219.7086,0.7467,3.3681,46.6745,0,6.5927,25,5.0616,0.9338,0
49.5792,-1.9465,-0.1156,28.0473,714.2167,116,85.9038,-1.4296,116.66,451.7922,0.8213,10.3701,81.5657,0,7.2311,30,7.2741,1.0669,1
44.9182,-0.1019,0.364,36.1352,352.6532,119,77.7291,53.7744,33.6494,413.6427,0.7758,10.505,110.4298,0,7.3968,33,6.1949,0.9151,0
60.0486,0.2914,-0.419,102.2973,689.9566,101,98.484,42.0382,101.5502,524.386,0.9097,9.8962,87.7378,0,6.4468,28,7.8234,0.978,0
45.7304,-0.2641,-0.955,-98.8613,488.8956,97,75.3907,39.0522,92.9647,357.9702,0.7125,6.3079,111.8756,0,8.3346,33,6.3506,1.0854,0
65.7233,-1.2459,-0.6006,65.3516,805.353,99,70.9685,57.9443,107.4676,266.5721,0.6605,10.1932,82.3181,1,7.9283,38,4.5926,1.0045,1
51.5436,-0.8831,0.0705,18.974,578.7253,90,83.3366,23.245,41.5628,178.0289,0.8219,3.7835,132.2262,0,5.8416,32,6.2177,1.1039,0
50.5269,-1.8491,-0.1509,-1.7612,327.0821,105,87.7344,79.2304,61.9385,312.9558,0.7883,4.1848,65.5554,0,6.6411,25,4.0988,0.8276,0
57.5998,0.9551,-0.0739,14.7264,688.6777,98,54.1467,87.2515,37.7413,310.2785,0.7438,7.7778,87.1389,0,7.6064,29,10.3,1.1754,0
43.4681,1.3736,-0.648,-82.008,673.8887,98,91.1058,63.799,55.9646,426.2673,0.7511,0.3277,81.8049,0,6.1616,21,7.0361,1.2066,0
55.7387,1.3596,0.151,-166.651,306.2359,104,63.7511,43.9727,84.8411,281.2246,0.9641,7.8128,105.9282,0,5.2926,31,6.0352,1.1838,0
51.1526,-0.0296,-0.5183,93.299,611.7347,85,59.4789,37.9118,117.2912,227.5715,0.9174,3.8457,167.6059,0,5.9007,28,5.7898,0.8997,0
54.1088,0.2719,0.2483,149.8225,740.5279,101,76.5584,43.8323,52.883,120.772,0.68,10.7498,25.9114,0,7.6342,31,0.9931,1.1861,0
43.1641,1.0699,-0.7074,-6.9255,571.8297,84,69.3731,56.3903,60.6624,290.0664,0.7772,4.957,134.0476,0,6.7687,27,5.2339,0.8896,0
43.0703,-0.2329,-0.4194,121.6446,353.9292,109,84.1574,70.1787,66.7088,228.8643,0.9013,8.983,124.3622,0,8.8115,38,4.8069,1.0078,0
31.6748,-0.9493,-0.4866,19.8923,651.5445,109,83.5631,59.0049,32.7584,260.2639,0.8075,3.2716,102.0554,1,10.0719,27,5.2053,1.1279,0
45.4275,-0.5707,0.2869,154.9088,599.8239,96,83.085,75.2183,91.9618,279.6826,0.9735,3.951,84.1682,0,6.3143,30,5.5065,1.0759,0
44.9029,0.1755,-0.2309,3.0303,465.3879,85,92.2432,61.0411,41.3654,309.5792,0.8846,2.2258,68.1144,0,6.2349,36,6.4267,1.0023,0
43.3263,-0.7136,0.2123,-106.253,430.9637,101,76.845,70.6646,109.0573,208.9679,0.6562,2.8929,116.7088,0,9.2294,21,5.8306,0.9182,0
48.8454,0.4733,0.5702,133.2414,599.1215,99,83.6735,49.4058,67.3318,231.366,0.7598,1.2962,110.3363,0,8.1297,36,6.7352,1.1997,0
50.6427,-1.3551,0.89,108.0978,363.3952,102,63.3065,27.0192,108.6762,445.0745,0.9429,7.4036,48.3346,0,10.2387,35,10.481,1.0866,0
54.9974,-0.2427,0.1156,-36.7161,530.2752,114,89.605,75.7347,96.1245,273.9185,0.7604,10.0827,137.912,1,7.5503,29,5.4325,0.8854,0
55.6579,0.4055,-0.551,123.0882,679.7986,115,74.9878,93.7021,100.1007,371.5728,0.8039,3.4065,88.5005,0,8.4174,28,5.258,0.9704,0
56.5048,0.1325,0.6256,-176.7418,727.9784,102,77.1593,55.9058,63.8206,261.4036,0.9261,3.6238,37.9899,0,9.8666,34,2.1197,0.9698,1
56.923,-0.7351,0.7557,107.909,421.2016,102,76.5755,39.0899,103.1602,274.2715,0.608,10.9086,129.0895,0,7.0231,25,3.5781,1.1682,0
52.7531,0.735,-0.0299,67.6945,261.9898,91,79.0045,59.468,80.4813,402.3112,0.6311,1.0901,55.2852,0,3.7728,36,6.3086,0.8372,0
50.5523,0.2625,0.6593,-43.3159,393.914,104,76.3073,42.9509,45.2115,246.9218,0.706,1.0999,97.6503,0,12.3662,29,5.0294,0.936,0
59.291,-2.089,0.1666,104.9709,622.4588,104,58.3529,50.6357,110.3099,387.1667,0.9064,9.2475,144.4138,0,10.0429,26,5.4644,0.8774,0
56.9329,0.4553,-0.8296,-134.4017,388.8816,95,92.4019,51.693,66.6303,359.178,0.7105,3.0085,82.2569,0,6.625,33,4.7184,1.1873,0
35.1803,-0.4222,-0.3155,-106.805,662.4082,113,73.4963,34.8548,110.8041,261.3314,0.7656,6.3728,96.3108,0,6.9112,21,1.1151,1.0362,0
48.2721,-0.525,-0.2526,12.0888,388.5623,96,76.2574,35.6247,81.8252,185.4873,0.7376,5.4942,63.375,1,3.8893,24,8.1325,1.0785,0
31.966,-0.8299,-0.1818,137.1695,416.3975,100,78.0697,48.5656,34.6216,377.8566,0.9201,6.661,139.3289,0,9.3416,25,6.4315,0.877,0
31.7704,-1.003,-0.4667,-133.1622,474.069,90,85.2444,46.0413,100.6378,237.7884,0.8427,1.0251,113.4545,0,7.2726,20,6.2363,0.9942,0
44.9112,0.2066,-0.4823,23.1367,641.6874,89,75.0705,61.4001,32.2997,270.8746,0.6869,4.5557,87.042,0,11.1227,31,5.5014,1.0521,0
48.7201,0.546,0.673,91.1274,262.4578,105,90.6589,55.4126,38.924,245.8758,0.9533,7.6837,53.5998,0,6.7589,24,5.0267,0.8806,0
45.7582,0.1532,-0.8683,87.6073,541.9974,105,98.7453,62.1235,60.3347,127.9966,0.6044,2.6858,93.4415,0,5.3175,36,7.5334,1.1645,0
32.2391,0.9495,-0.362,46.066,539.3114,106,96.3599,47.1786,86.8026,301.9075,0.7672,1.8032,109.9985,0,6.3118,31,2.839,0.8065,0
57.751,0.5814,0.3105,158.7316,351.2875,105,82.5315,33.8645,68.5081,90.3726,0.9186,5.268,101.0022,0,9.4088,41,3.6308,0.8737,0
42.9306,-2.007,-0.2787,-6.4306,553.4093,106,74.2345,29.1344,65.7844,362.1875,0.784,11.3238,85.0283,1,4.1653,35,7.009,1.1875,0
54.8938,-0.9165,0.2002,136.8881,473.0123,101,73.9677,69.7887,68.5169,364.9684,0.7125,11.3815,111.6146,1,10.1127,32,8.7383,1.0332,0
43.2056,1.1884,-0.2007,43.0502,330.319,101,76.3026,40.2909,41.4275,288.7865,0.9674,10.1997,107.8312,1,6.555,28,6.5305,0.9645,0
45.0237,-1.2694,0.2187,85.488,488.9095,96,71.4907,37.3535,92.9283,176.7058,0.8672,3.0917,114.3008,0,8.5042,31,5.8486,1.032,0
54.3368,-2.735,-0.519,-12.6604,343.6609,98,84.1582,75.5851,48.1005,354.6218,0.8167,8.3246,98.2641,0,3.6729,29,7.7353,1.0731,0
46.5085,1.8315,-0.9293,-119.657,403.9251,86,77.7354,42.1307,69.151,-70.515,0.9709,11.5441,103.5763,0,4.7516,29,2.1105,1.0046,0
51.7051,0.2966,-0.2005,-140.7256,631.994,95,79.8367,6.4045,117.2872,298.8955,0.9636,8.1547,81.868,0,9.2496,34,4.2883,1.0006,0
52.7732,-0.6831,-0.8941,65.6389,453.1888,84,76.9209,54.4094,113.5021,429.1647,0.7383,7.3345,123.8408,0,6.8568,23,6.5976,0.9634,0
35.7287,-0.8484,-0.0334,-44.4686,628.9206,98,84.5117,39.0168,99.1654,330.2848,0.7397,1.4071,46.2578,1,9.6639,36,3.9985,0.8511,0
54.7779,0.6294,-0.5684,24.2938,476.4601,108,82.5594,35.5468,109.7382,236.4025,0.7176,8.9785,87.7346,0,6.6806,32,7.1079,0.8677,0
40.6239,0.478,-0.5623,88.5778,355.6049,88,76.466,47.2179,91.6928,180.4574,0.7133,9.211,65.2829,0,6.7559,34,5.0096,0.9028,0
38.8894,0.3272,0.736,103.1334,571.9858,96,78.5168,9.0473,103.7736,547.3287,0.6574,2.0543,99.4788,0,5.1241,28,7.4121,1.1249,0
42.734,-0.1887,0.1369,3.4777,584.0242,102,78.506,12.8158,52.3451,258.5039,0.8563,4.7823,118.8954,1,7.913,34,4.5527,0.964,0
58.1449,-1.2806,-0.7681,-66.7791,315.4348,98,86.7075,40.7968,70.9303,279.1542,0.7199,6.8143,60.3813,1,6.4702,25,6.6724,1.115,0
33.9963,-0.036,-0.0242,99.3169,670.3595,110,72.2191,61.222,55.8476,247.8382,0.7793,2.973,111.5053,0,9.1545,30,3.5717,1.0936,0
56.51,1.0651,-0.0715,-30.4757,728.1289,93,75.3462,44.738,33.4176,204.6026,0.7907,11.7945,93.6344,0,11.2487,26,6.2682,1.101,1
53.3955,-0.542,-1.0342,157.2231,594.0013,99,61.0003,43.869,51.6288,50.2975,0.868,1.9997,53.3616,0,8.8015,27,9.8816,1.0908,0
50.7433,0.6011,0.1738,116.8459,511.6062,101,69.2498,49.9642,53.0744,240.2249,0.93,11.5793,107.5303,0,11.2328,23,4.341,0.8169,0
52.4668,-0.4046,0.4764,88.89,801.7543,99,77.6378,67.8018,91.6247,290.2622,0.9876,1.9831,121.8548,0,7.3428,19,5.5474,1.1621,0
47.099,0.8012,-0.2114,-93.1521,580.8583,102,75.6302,50.7825,60.8412,195.9454,0.7757,5.9394,84.1266,1,11.2351,28,4.0453,0.9409,0
56.8229,-0.9799,-0.146,-49.4057,529.5835,102,60.3756,48.984,49.4379,40.6725,0.9415,11.8456,93.62,0,12.3447,26,5.5479,1.0989,0
45.7344,0.0137,-0.2786,125.6331,754.9847,91,85.2507,38.8733,31.1643,324.8687,0.8132,2.3408,78.5128,0,7.2656,23,2.9112,0.959,0
33.7514,0.4565,0.1927,-171.6697,740.4003,98,71.1942,42.2118,66.008,296.8993,0.9737,8.8511,1.1308,0,6.6911,21,3.1333,1.0409,0
49.2278,-0.6755,-0.1247,101.3287,284.1238,102,63.7981,53.5827,99.3794,448.5148,0.9041,6.124,87.3076,0,5.9355,26,6.0646,1.0284,0
58.0136,0.3626,-0.1048,-34.5054,424.3744,98,83.6436,76.3052,86.4612,286.4102,0.8743,5.0643,84.284,0,5.5066,27,3.9882,1.1882,0
54.9204,-0.0296,-0.4047,107.7657,587.8499,115,88.3402,54.7535,110.7806,106.2794,0.7671,4.9992,69.4173,0,7.4391,38,6.2066,1.159,0
68.144,-0.0442,1.0207,18.8611,684.1025,96,55.6272,33.7164,81.6452,427.5466,0.7214,6.6902,33.521,1,8.1251,28,7.4895,1.1622,0
47.4681,-0.6778,-0.1298,9.6504,325.1709,101,86.8243,43.9882,34.3049,431.2132,0.9228,9.2025,80.1103,1,6.8738,30,5.4387,1.2052,0
48.3925,0.9973,0.3503,72.5729,636.1795,97,77.8428,72.1556,69.2141,161.7573,0.8323,3.9126,70.0632,0,10.5349,21,5.1798,1.0402,0
47.6669,-0.9451,0.1327,110.2802,439.3143,100,77.4431,51.5613,67.7747,352.2995,0.6313,11.9495,108.87,1,7.6779,30,4.6727,1.0773,0
42.2369,0.2798,-1.2798,69.6437,607.6199,95,68.8013,22.3354,106.4454,442.5907,0.774,10.8827,98.2025,1,10.5348,24,8.6517,1.097,0
45.2685,-0.8492,-0.1853,-17.7428,414.9545,100,78.4482,58.6763,89.1092,464.3369,0.658,5.899,20.1795,0,8.7751,27,7.9845,0.9665,0
39.6111,-0.0662,-0.5765,-64.499,150.0651,110,79.0879,37.1245,53.9267,433.576,0.611,6.4166,54.2868,1,10.7105,31,4.8413,0.9206,0
27.0612,0.6429,0.4884,124.4268,234.3259,97,102.5338,27.0191,93.1129,330.1223,0.9969,8.6889,93.6821,0,5.3335,34,5.5671,1.1234,0
44.1978,-0.2889,-0.6332,7.4799,331.0879,105,85.2204,51.693,104.8258,294.3371,0.8169,3.5352,100.0391,1,10.2636,34,4.0985,0.9912,0
50.2349,-3.0762,0.2474,102.0459,411.2668,103,79.9754,33.1743,35.1399,239.9745,0.925,5.986,64.0537,0,8.4812,26,7.0399,0.8073,0
56.3072,-1.3447,0.4982,178.4583,498.9225,89,91.82,66.2522,94.9324,235.4897,0.7801,4.127,117.2671,0,7.5016,32,4.4501,0.9414,0
44.2434,-2.158,0.1402,51.7995,422.3615,106,88.8508,51.8009,101.5545,171.8664,0.8541,5.1008,110.4553,0,8.1588,37,7.8775,0.8974,0
44.3594,0.0679,0.0019,-79.7954,492.8941,91,65.46,76.8781,62.5239,346.5175,0.9962,9.6247,81.7125,0,12.0674,27,2.9725,1.0741,0
60.3062,-0.005,-0.198,131.6004,425.5424,95,86.6153,56.9423,115.6141,281.6901,0.8618,6.0807,73.2647,0,9.505,36,5.4677,1.1227,0
36.6883,-0.3506,-0.0618,-81.4777,499.2964,101,80.9769,40.0538,104.8967,258.5027,0.6651,10.0163,59.1116,0,9.921,37,6.6751,0.9934,0
48.3673,-0.6265,-0.67,-86.2557,639.6004,120,72.9959,39.7951,53.6788,285.0962,0.9146,2.3113,100.9861,0,10.3389,31,9.4533,1.0396,0
59.5725,0.2211,0.0889,-153.3827,497.754,86,69.6592,42.7722,65.4003,410.4177,0.9717,7.9613,81.3586,1,7.8285,29,8.3544,0.8078,0
42.9159,-1.4473,0.5257,-151.7174,581.1277,86,78.5327,59.8723,111.739,369.8781,0.7289,10.3424,50.6996,0,9.4249,26,8.1866,1.0,0
34.6646,0.9561,-0.4362,130.4357,607.1544,106,79.8967,21.1664,104.922,101.0631,0.6894,2.241,98.9294,0,7.4104,32,6.0528,0.9418,0
67.0685,0.0751,0.0092,-96.9374,476.3244,81,91.4854,55.4636,102.6353,544.1819,0.7059,5.7549,63.711,0,7.6349,23,6.8666,1.1735,0
57.993,-0.9448,-0.0517,-140.8723,231.3724,83,57.4786,31.6111,117.4134,412.582,0.6668,10.8664,105.2774,0,7.4095,31,2.7774,1.2016,0
58.3037,-0.4184,0.1563,-53.0683,537.9044,89,67.4113,94.802,36.6969,250.4303,0.6846,11.4194,130.1224,0,7.5796,27,6.6395,0.8274,0
49.1069,-0.1313,-0.2682,76.8759,398.8856,109,81.958,61.0526,35.6373,300.3448,0.8754,9.1735,126.337,0,4.6395,28,6.1529,0.9411,0
56.4063,-1.3808,-0.7543,-57.7328,629.3614,107,78.6145,63.02,69.1508,288.9283,0.7473,7.8984,81.5083,1,7.5187,28,7.7841,0.8879,0
25.0961,0.6709,-0.5601,-68.6592,704.8488,92,81.104,51.4596,112.1428,196.0896,0.9545,2.0836,80.9669,1,8.4871,33,0.0,0.9572,1
45.6271,0.9655,-1.1592,-4.2963,461.3688,99,75.4162,18.098,78.0176,262.0673,0.7435,11.7154,91.2157,0,7.0165,30,6.7714,1.1194,0
59.4757,0.1174,0.388,-172.3679,524.5893,91,82.4875,50.3717,114.027,199.2911,0.9673,0.1885,85.9315,0,6.766,31,2.7733,0.9596,0
36.041,0.9405,0.1988,-3.2135,600.1794,88,64.1071,57.8169,43.9783,392.0053,0.6533,6.4768,143.2389,0,7.6153,26,9.4424,1.1985,0
46.6655,2.65,-0.0073,176.4068,378.0666,102,100.9766,38.5856,96.3498,133.9212,0.6135,2.2377,96.7541,0,10.3367,28,7.9173,1.108,0
53.1966,-1.8784,-0.3485,107.7655,501.3841,100,84.1766,48.4623,59.0242,234.9618,0.9132,11.3508,77.8079,0,11.2955,34,4.6138,0.8757,0
42.1572,0.0519,-0.081,-154.623,267.8738,94,84.5729,62.6248,90.9473,201.0616,0.9071,7.9353,37.0559,0,10.0532,26,5.5639,1.201,0
50.0738,-1.3431,-0.0143,55.7361,656.6475,74,69.3395,52.2307,68.5457,477.37,0.8792,10.5395,55.9155,0,13.355,35,4.1018,0.8352,0
53.8568,1.5607,-0.2606,-13.9996,752.9145,98,74.1137,55.4379,57.3436,379.4345,0.7686,5.1938,71.7092,0,12.2183,28,5.8192,1.134,1
53.0197,0.2463,-0.2416,117.4495,514.9913,114,85.1125,60.5014,106.9834,350.2161,0.6799,8.8558,117.122,0,8.0083,31,3.479,0.8345,0
45.9926,-0.6981,0.6547,-144.5306,387.2296,87,76.4971,74.7036,65.0706,409.9201,0.6921,8.4519,63.0326,1,7.2808,25,5.0942,0.8507,0
41.7095,-0.2604,-0.6254,-96.2176,539.2261,89,82.6805,33.33,50.5439,304.2399,0.9204,10.3419,66.3617,1,3.9214,30,5.53,0.833,0
53.9615,1.3363,0.4964,104.8108,308.7652,94,72.2053,88.7914,43.5996,284.9198,0.9764,0.5254,102.1813,0,5.0702,33,5.525,1.0992,0
53.3915,0.4523,-0.8076,125.7118,434.6093,106,66.6188,88.7451,45.9442,287.3012,0.9805,6.4519,42.3262,0,5.2623,35,6.4151,1.0992,0
52.9003,0.5789,0.8039,10.5537,437.2713,112,91.1084,38.9286,77.0149,253.1906,0.7498,9.0537,98.5143,1,7.832,34,8.0323,1.1618,0
51.145,1.4881,-1.1948,-172.9091,421.7412,108,71.0358,63.4458,34.866,369.4576,0.8608,11.8018,89.4048,0,6.709,18,8.0015,1.0195,0
53.4015,0.9544,0.2327,141.7374,532.8806,113,89.0987,86.4364,36.8028,396.0087,0.7231,8.484,77.8093,0,7.8609,29,7.9873,0.9664,0
58.7697,1.124,-0.3293,-42.2045,565.0906,90,71.6141,78.8117,70.6373,368.136,0.9412,7.175,114.2488,1,9.8071,45,5.1257,0.8836,0
53.0995,-0.1263,-0.0835,-165.715,502.1387,91,78.4146,15.6479,93.0774,255.4844,0.837,6.177,87.3296,0,9.5794,28,7.4401,0.8125,0
50.9773,-2.2539,-0.0676,114.7724,635.1363,98,76.1298,46.9291,92.0216,243.4821,0.9444,3.8064,89.1019,1,6.7728,29,4.3626,1.0638,0
44.7314,0.1036,0.3028,-29.4951,558.5519,109,77.898,39.9372,110.9566,523.727,0.8984,1.6326,117.0829,0,9.5427,27,7.0567,1.0505,1
63.8588,-0.6645,-0.9808,-111.6035,425.8913,103,87.5799,67.1213,75.555,263.6563,0.6985,11.0699,112.9323,1,8.8471,36,5.7755,0.8116,0
38.7697,0.7886,-0.0154,108.5682,483.7958,98,96.3188,68.914,49.621,440.4986,0.6123,2.2168,109.4321,1,8.3778,29,10.3022,0.9731,0
47.9721,-1.7703,0.0926,-15.2224,487.8656,105,78.0826,26.3666,102.0447,260.6395,0.9933,8.6231,74.1151,0,9.9833,38,3.6732,1.0763,0
44.9093,0.8282,-0.3307,38.8114,442.5131,109,81.2113,35.8562,43.2776,263.1869,0.7819,9.4716,0.0,0,8.445,36,6.5326,0.9025,0
31.729,0.1885,-0.0555,116.3237,576.4473,84,77.3056,18.5093,90.6236,343.3702,0.7099,10.3013,125.0691,0,9.3712,29,6.7274,0.8677,0
53.5381,0.3538,-0.3321,8.072,180.2831,105,80.8662,48.2319,92.895,452.9788,0.9247,3.8308,143.2711,0,6.5368,36,8.1781,1.0698,0
47.9674,0.6188,0.2774,-140.2279,504.8164,110,72.8214,44.2446,47.4005,338.698,0.6685,10.6287,43.6151,0,6.2996,30,3.9575,1.1509,0
50.3188,-0.0285,0.182,166.9543,546.396,99,69.6439,59.2938,34.9303,240.405,0.8028,6.0785,140.9676,0,9.6601,29,7.7444,0.9986,0
48.2117,-0.333,0.1085,-76.8454,589.8579,100,83.2496,86.092,46.8939,540.4388,0.7677,2.1163,103.3008,0,7.4421,40,6.8059,1.0936,0
57.5328,1.135,0.3312,177.9298,666.2503,80,82.2314,55.3533,101.4177,323.3288,0.6506,1.2364,42.3929,0,8.0298,36,9.8963,1.1434,0
58.8147,0.5932,0.6236,-177.8312,478.8985,96,91.36,44.0178,105.0997,276.6591,0.8701,1.1039,85.7604,0,8.5691,13,6.695,1.105,0
38.9873,0.6888,-0.4958,-5.8363,624.7649,100,80.4935,66.0796,53.5754,362.1276,0.9532,7.8144,80.12,0,7.3426,30,9.3107,1.1824,0
67.6534,-0.0825,1.1111,73.7766,591.584,107,79.5278,42.977,76.7738,196.1058,0.9715,8.6712,78.3471,0,8.9788,43,5.9616,0.8226,0
47.5982,0.1095,0.1966,146.2687,539.6364,101,85.1764,46.4039,35.0735,381.1163,0.8224,5.5231,105.0574,0,8.334,27,4.8126,1.1877,0
55.8758,-0.0132,-0.2506,100.9213,291.2925,107,89.8485,53.4785,47.4507,195.7287,0.6059,2.151,84.6684,0,7.004,23,5.9835,1.1761,0
51.8031,-1.7442,1.1498,-87.974,663.5709,99,78.4158,26.1806,81.0131,366.0101,0.7546,11.3877,69.4691,0,6.0819,23,6.4155,1.1885,0
51.0571,-1.3811,-0.2075,-92.4104,514.45,96,54.25,43.8317,50.9492,459.3938,0.8198,5.0006,141.6642,0,9.6616,38,5.9859,1.1576,0
55.5684,-0.1232,-0.6055,-51.6288,462.1938,103,69.4982,34.0292,34.5843,211.8061,0.9873,0.9232,104.5871,0,6.3615,26,5.1708,0.9962,0
63.1832,-1.8774,-0.2549,-140.2055,326.453,111,90.7018,66.1392,110.0536,312.1695,0.7776,2.91,68.5735,0,9.2796,34,6.0612,0.8592,0
57.7706,-0.1101,-0.2789,61.0464,133.3766,113,97.0552,29.4082,50.9176,335.4727,0.7409,7.2417,134.0415,0,6.7054,24,3.9587,1.1744,0
47.5665,-0.8943,0.5425,158.853,785.3423,95,93.3346,31.2081,99.8996,395.4345,0.9692,5.7014,77.7664,0,5.7742,30,5.2817,0.9499,0
49.1575,-0.076,-0.0564,51.1576,546.0283,107,75.6119,35.7949,68.0168,351.6624,0.7766,6.0445,100.0106,1,5.786,28,1.5431,1.1981,0
44.3651,0.17,0.05,12.0145,333.9513,95,76.7162,34.3436,93.5191,308.742,0.9825,3.2685,127.1057,1,7.6454,31,7.2762,0.9178,0
57.1519,-1.8582,0.0318,1.2057,310.8986,105,87.397,83.4726,62.0669,435.5763,0.7272,0.0211,99.7005,1,8.5397,20,7.4288,0.9914,0
55.899,0.3251,0.5831,33.3407,458.2003,114,86.0022,71.6918,84.2418,322.6124,0.8983,1.6964,128.3561,0,9.318,27,6.1876,1.0626,0
46.5788,-0.4495,-0.1613,75.8207,621.2051,107,55.1435,59.7973,89.0916,234.4383,0.9374,11.2694,137.5037,0,6.4003,26,7.6663,0.9319,0
63.2651,-2.3228,-0.1025,106.1998,594.6757,77,80.4322,41.8691,41.1261,190.2906,0.9548,7.0575,91.0706,0,8.3477,21,5.9834,1.1733,0
60.738,-0.4609,-0.3443,71.3956,602.2943,109,79.4612,48.7247,109.5501,418.49,0.7188,1.98,144.6498,0,9.808,24,6.014,0.8062,0
68.2351,0.3797,-0.2104,73.8115,366.8921,94,68.4785,81.5883,61.762,446.1357,0.9936,2.2469,52.2532,0,8.9494,24,5.9444,1.0691,0
42.1017,-0.4057,0.2626,162.6242,473.1736,110,74.0275,43.8082,100.8545,317.416,0.8971,10.9961,108.4113,0,11.1297,30,6.0762,0.9302,0
48.9981,-0.4667,0.3643,143.7636,519.063,116,82.64,28.5156,79.7186,152.6674,0.6606,2.5783,85.1344,0,9.5778,27,6.291,0.8689,0
48.0349,0.1539,0.8499,116.6124,491.492,115,77.8234,66.3336,46.4787,245.267,0.9038,1.0349,111.1598,0,6.5534,32,4.0432,1.1616,0
76.0371,-0.4792,-0.052,-164.3903,581.879,109,89.3201,45.2918,61.9752,434.6069,0.9336,11.283,101.7679,0,7.7588,29,4.602,1.1025,0
50.0984,-0.2672,-0.1319,60.7922,736.0548,100,97.6053,46.5309,37.6749,354.9708,0.6729,2.9198,120.2038,0,9.1048,22,6.1693,0.9758,1
62.6517,-1.3265,0.1986,-16.2069,531.5557,105,89.4526,45.502,54.4314,150.0992,0.668,10.4374,92.0924,0,11.4791,31,7.9969,1.1819,0
60.3477,-0.5183,-0.2344,42.3357,412.2662,98,84.4702,46.9048,48.6415,350.2939,0.6524,9.3739,137.504,1,7.2182,17,7.2671,0.9119,0
49.1606,1.8841,-0.3204,67.0616,282.0796,109,78.5132,59.9396,54.6426,294.9162,0.7984,3.9526,99.7607,0,5.3465,31,5.3825,0.9274,0
50.5551,0.1784,0.1618,77.2747,526.3775,121,87.9631,43.9041,102.2793,388.6002,0.8866,11.7262,79.5173,0,9.3198,35,10.993,0.9346,0
55.2278,0.2691,-0.1959,132.9935,401.0473,90,73.7735,56.1676,37.2037,256.1832,0.7516,11.2118,96.2455,1,9.6259,29,7.3533,0.9774,0
62.5784,-0.6427,-0.1448,147.5968,564.2912,117,74.5303,70.8782,86.8814,432.9203,0.6233,3.6651,72.1263,0,7.5175,39,6.5928,0.9612,0
48.2799,-0.3947,0.3028,38.4582,554.6962,87,67.6849,79.5574,61.8331,275.1644,0.7439,2.6678,53.9938,0,8.679,35,9.4264,0.8294,0
44.9142,-0.2285,0.1551,141.8991,734.5278,90,64.4966,31.948,73.5391,4.0883,0.8808,0.614,82.3555,0,6.0381,34,3.6543,0.9812,1
59.3228,0.8742,1.0003,95.2638,532.0738,88,92.8067,70.4153,49.1532,237.8896,0.6391,11.0467,127.7663,0,7.7479,33,5.2098,0.9376,0
38.5313,1.1988,0.4609,-107.0189,568.3389,108,82.6992,72.6637,115.8183,325.1535,0.8227,10.5769,94.5365,0,9.906,29,4.9046,1.1576,0
52.5274,-0.4544,-0.3837,-167.2877,401.7101,103,85.313,75.2258,89.7275,313.5741,0.8415,8.2124,109.866,0,7.5804,26,5.9942,1.1793,0
60.6017,-0.0234,-0.1999,-176.4402,285.1744,83,78.7357,50.9844,48.1683,251.5825,0.8604,10.9876,109.7048,0,4.4374,32,6.0179,1.1462,0
54.3025,-0.235,-0.6864,31.1844,661.1702,97,98.8979,45.2162,74.1385,144.2945,0.7384,3.4601,44.0048,0,5.2736,27,6.785,0.838,0
44.3302,0.7624,-0.4865,7.7736,680.9776,96,97.5863,19.1044,43.9796,415.2218,0.9709,1.2612,99.6443,0,8.0521,31,6.9736,1.154,0
39.9877,0.4686,0.6311,70.6927,450.3854,105,79.8332,51.986,111.856,463.0917,0.998,9.3669,74.5553,0,7.2704,30,7.0011,0.9852,0
61.8707,-0.09,-0.1389,123.4182,209.9094,83,79.7182,85.6441,72.3841,205.3598,0.9348,11.7192,95.6837,0,6.7737,37,5.475,1.0799,0
48.2433,1.0096,-0.6931,-120.8007,704.1299,92,77.7993,56.2862,36.6534,387.1295,0.6437,3.0525,107.8391,0,8.9124,24,6.8346,1.0028,0
40.9859,0.5181,-0.9736,128.3154,678.2302,106,68.8525,45.6852,43.5772,362.2082,0.7072,2.66,65.2084,0,10.1854,20,5.1784,0.9787,0
61.3886,-0.7711,-0.7358,-144.6905,482.487,104,75.9057,61.6042,74.8079,174.9106,0.6805,11.2754,104.5101,0,4.3526,42,3.4971,1.1471,0
58.01,0.0082,-0.4013,137.9676,660.3229,102,76.8483,26.2702,47.691,337.3091,0.6212,8.635,62.2726,0,6.7813,34,7.9255,0.8766,0
39.4826,-0.1765,0.0019,126.1751,493.8457,95,57.8299,44.5412,93.9988,584.6065,0.9585,3.3949,149.0288,0,5.5617,28,5.2985,0.8335,0
75.1431,-0.9879,-0.1983,70.9041,532.5567,101,57.2172,66.2986,68.3269,167.5979,0.6753,6.7283,65.6556,0,7.311,29,6.8627,1.1463,0
44.5947,-0.2253,0.3492,-71.9895,256.0935,105,79.3576,61.1785,80.793,435.1729,0.7505,5.7312,121.9078,0,9.2203,29,2.1179,1.1754,0
57.8405,1.1391,-0.4679,-146.3712,683.3042,90,88.3242,39.9951,85.6354,295.977,0.75,8.8082,72.5615,0,7.917,40,5.3043,1.1024,0
69.8658,1.0949,0.6132,100.1113,237.0448,109,72.2972,85.6736,115.3241,272.1084,0.9109,5.0896,96.7893,0,6.1568,37,6.6855,0.8282,0
58.8822,0.9132,-0.0682,-101.5634,758.218,94,97.497,20.807,114.0211,427.2153,0.7792,4.8785,115.6726,0,9.1542,28,4.2228,0.9341,0
52.5918,0.7791,0.2291,-21.2627,773.4307,105,77.1878,56.2655,63.8284,237.6631,0.7484,10.2104,41.0313,0,7.2358,35,6.0519,0.9436,0
35.6773,0.208,-0.2601,11.1093,116.8181,105,71.529,66.9352,110.6223,308.9575,0.7061,8.4856,146.08,0,7.8382,32,7.6203,0.8442,0
70.4103,-0.6014,0.5085,66.7592,733.5441,93,65.7614,74.7073,119.4579,286.9447,0.8108,8.6332,138.3457,0,8.5615,35,8.3803,0.8363,0
58.6514,0.5638,-0.6636,-4.5223,464.1857,103,80.9755,52.4388,109.1872,202.5186,0.6457,3.2623,160.0709,0,9.7334,24,6.9405,0.8852,0
35.8515,-1.6463,-0.617,70.032,563.3373,107,59.8972,65.316,34.5742,424.0515,0.8469,5.4672,67.0132,0,7.4082,31,2.9211,1.1688,0
65.4463,-0.6719,-0.4848,113.0538,288.4211,98,72.5023,50.0853,59.4429,347.4363,0.9293,7.1345,77.3774,0,11.7165,27,4.3363,1.1696,0
50.6115,1.1048,0.588,76.7019,451.6122,115,80.4464,83.3695,39.8694,527.0663,0.971,3.1108,38.0262,0,7.5459,25,3.711,1.1399,0
47.2234,-0.4921,-0.1185,-72.179,322.8362,105,66.0257,56.458,91.5576,315.2328,0.8525,11.9165,77.205,0,3.386,34,8.0413,0.9403,0
44.279,0.64,-0.4742,141.943,381.6078,113,74.7733,73.1994,61.46,289.1725,0.9288,5.3818,59.918,0,6.4447,32,7.603,0.8082,0
51.7116,-0.3631,-0.0982,18.2057,683.3351,87,80.2476,26.8878,46.9687,266.8556,0.6905,4.4296,113.5689,0,7.794,18,6.8935,0.8511,0
58.0796,0.5502,0.086,-12.4651,649.8725,102,67.8249,47.7225,48.6503,271.5866,0.8057,10.2165,147.2744,0,9.4932,35,4.8928,0.9468,0
45.0531,-1.5401,-0.5385,27.0169,623.0718,106,86.5086,60.7894,63.7623,452.0077,0.7136,2.9715,40.0813,0,11.046,25,4.5371,1.0954,0
51.2758,1.2718,0.0798,-6.0408,419.1345,91,89.4175,60.6121,83.6001,243.6218,0.9999,9.6283,133.9654,0,8.705,26,4.071,1.0562,0
83.8061,-1.116,-0.068,91.8396,396.4494,94,69.8932,38.6337,91.2852,345.6668,0.7503,11.315,71.2528,0,8.4056,27,6.8452,1.0426,0
54.757,-1.3618,-0.2529,-28.561,252.5951,100,77.9964,12.7839,31.9564,265.2968,0.6893,8.645,94.2011,0,8.1519,32,7.7304,0.9668,0
59.6591,1.2181,-0.6332,99.6203,601.7001,107,78.7549,14.797,118.3087,170.1544,0.9088,5.9727,108.1641,0,9.7163,21,6.6313,0.8084,0
40.4173,-0.0028,0.4443,93.6559,790.4955,103,83.4687,31.0526,33.6674,332.5581,0.7837,1.4879,132.7145,0,9.5541,41,6.7922,1.1107,0
36.426,-0.3062,-0.2344,-80.3266,718.3674,89,77.0237,105.7483,118.2141,145.3444,0.6508,8.4068,117.4258,1,5.0506,24,3.556,1.009,0
64.6453,1.5676,-1.4673,-145.4611,504.603,102,72.7766,-10.7131,54.1996,324.7119,0.9154,10.0183,100.2028,0,4.4709,21,5.9602,1.0362,0
61.7907,0.7311,0.178,126.3449,574.0009,101,69.4327,46.6485,110.3043,254.4465,0.7929,4.9765,87.2386,1,8.396,28,9.2418,1.0584,0
67.1386,-0.4495,0.1905,-119.1889,537.1144,93,88.3648,44.1208,109.2141,260.877,0.9156,9.1839,127.4541,0,7.285,27,3.0974,0.8541,0
49.204,-0.1344,0.4665,-168.7743,636.4185,106,74.211,50.8432,73.5675,287.3984,0.9005,6.481,49.0369,0,6.9259,39,6.0266,1.2019,0
62.5431,1.0739,0.2066,-35.1625,761.315,89,72.2351,48.3516,97.6019,302.2719,0.8281,9.3135,72.4779,0,9.0416,39,6.7148,0.8322,1
24.4574,-0.9636,0.0692,-88.5062,414.5617,116,90.4713,30.3921,89.8129,279.498,0.888,3.2183,86.9151,0,9.0309,26,3.8684,1.1722,1
55.4122,1.4435,-0.2434,-100.67,420.1398,98,81.4462,70.3782,103.9721,352.4609,0.9425,0.0647,83.9961,0,7.1731,34,9.7661,1.0251,0
60.3303,-0.4434,-0.242,-117.9671,456.9298,89,69.7767,17.3698,80.0453,300.7078,0.7795,11.953,87.718,0,6.0004,27,10.1161,1.1675,0
43.1171,-0.8715,0.3379,89.7108,495.0725,105,78.0482,87.3982,60.2912,580.392,0.9825,2.0115,130.0218,0,3.751,35,5.2359,1.1675,0
60.5583,1.0869,-0.0784,102.0322,609.249,96,70.3024,59.0358,67.576,189.8832,0.6728,10.5468,90.7949,1,4.9754,30,3.2857,1.1595,0
48.2021,0.7346,-0.7186,-163.2997,489.9188,93,68.1933,31.7702,42.5433,187.4721,0.9878,1.0652,71.9021,0,8.4327,22,4.7992,0.9064,0
49.203,-1.7766,-0.1721,16.8522,371.987,92,74.5472,36.1899,55.8271,261.4556,0.6933,7.8287,117.051,0,9.5574,26,5.8667,1.1648,0
47.414,-0.1068,-0.0271,-131.3476,373.9677,88,77.9516,72.8803,117.0656,213.5518,0.8028,0.6736,114.7579,0,10.1416,28,5.8831,1.1919,0
65.8132,-1.1052,-0.9953,-0.1605,323.7151,87,73.8269,23.1536,68.6352,419.9437,0.788,8.0473,103.7802,0,6.2447,27,11.4103,0.8576,0
45.4564,0.7983,0.3734,-54.7453,483.9454,99,85.4173,50.9911,94.2152,474.9162,0.6241,1.2755,112.0018,0,10.0464,28,4.0443,0.8514,0
44.2334,1.7196,0.0003,-107.3462,655.0701,95,86.5127,49.3782,57.9737,259.8803,0.6764,7.2548,89.5575,0,6.7433,28,6.8382,0.8719,0
41.4277,0.5377,-0.6814,161.3015,563.0506,86,72.9206,48.8445,94.7578,351.4876,0.932,4.3398,87.3671,0,7.5574,25,7.6154,1.0027,0
46.3142,-0.7597,-0.1487,164.4286,584.5078,110,78.2438,60.9046,72.9138,340.9785,0.7104,6.3043,73.7032,0,10.457,28,9.749,0.8239,0
51.95,0.8899,-0.0511,23.0294,337.3687,96,75.2913,62.8933,100.9954,254.4495,0.6026,0.6,29.943,0,8.1372,37,5.8355,1.0712,0
56.3859,-0.0504,0.473,-112.302,324.0808,102,70.1055,58.2624,65.931,361.7707,0.9298,4.2407,62.1532,0,7.5583,18,7.8976,1.054,0
42.4671,-0.0738,0.4586,29.9757,526.7561,108,81.5729,72.4172,116.797,382.9627,0.9808,9.3624,141.0249,0,7.7854,32,8.6778,1.2033,0
53.729,-0.4853,0.539,154.2597,686.9487,97,61.1989,55.1519,46.5778,133.1543,0.8129,9.3048,110.0067,1,7.3545,32,3.7621,1.199,0
56.1197,0.1047,0.1879,-44.0061,626.7256,102,70.4078,39.968,75.4922,181.9766,0.8391,7.9319,89.5432,1,9.3383,34,3.8399,1.1227,0
40.6722,-0.071,-0.3267,-130.4148,398.9651,118,68.3672,27.3744,44.7873,270.7919,0.6453,11.403,98.1268,0,5.6977,36,5.3393,0.8665,0
50.6314,-2.4042,-0.4536,69.7285,843.6839,98,70.9649,51.2367,53.687,267.9207,0.979,7.9559,54.0637,0,8.8428,34,3.6029,0.9621,1
49.1515,0.0259,-0.3504,56.2568,195.5417,83,69.1417,57.7989,76.7347,307.8002,0.6848,4.1426,132.8672,0,4.8697,32,7.9865,1.1738,0
50.7385,-0.1376,-0.0329,-179.5002,504.3521,91,63.8384,14.6532,45.7688,208.1088,0.8197,8.1003,134.7436,0,12.6287,34,5.8955,0.8444,0
44.7001,0.3468,-0.0126,127.298,515.4089,75,77.083,58.8685,39.743,196.0052,0.986,4.2734,74.0778,0,10.2398,37,6.691,1.0223,0
48.645,-2.0067,0.5145,57.869,468.6293,108,76.2884,32.5653,106.2605,263.8696,0.7791,7.2551,101.4769,0,8.8734,41,9.3924,1.0949,0
50.3107,0.512,-0.1272,-109.5485,578.8495,90,79.8979,31.9793,62.8982,183.2636,0.6372,8.0317,65.9998,0,8.4332,33,4.6829,0.8598,0
68.6405,0.0286,-1.0119,-178.834,469.6588,91,82.357,53.0108,94.0354,419.558,0.6861,5.4666,105.1526,1,6.1627,28,6.016,1.1219,1
50.4474,0.4951,-0.5963,170.028,275.694,90,84.0568,8.0153,73.1562,404.0408,0.6286,11.802,115.1134,0,9.9607,37,3.9738,0.9447,0
63.3841,-1.6291,-0.4879,91.6847,486.7174,93,71.9547,78.9409,97.1533,361.0356,0.7616,1.1847,85.9226,0,9.1799,29,6.0508,0.9498,0
64.1411,-1.2347,-0.4884,-48.5816,524.6886,91,80.6168,68.233,53.5645,401.9645,0.8356,6.0823,104.8173,0,1.9285,34,4.1594,1.1578,0
36.8103,-1.875,-1.4029,-24.1962,636.7339,91,77.3802,26.213,38.9083,257.1259,0.7796,10.7505,65.2007,0,8.8927,23,6.9316,0.9116,0
47.0881,0.1463,0.7847,13.9898,712.6335,101,78.9232,46.229,77.0201,256.1325,0.7378,5.2756,130.093,0,9.1703,29,5.5333,0.9105,1
64.1617,-0.3451,-1.0913,78.706,371.6768,93,75.4259,53.0537,87.1321,340.1837,0.6665,7.3567,115.0992,0,8.5627,28,8.3109,1.0957,0
51.8111,-0.144,-0.2869,-117.7449,750.8293,104,71.9773,35.0246,115.4044,377.5622,0.8795,4.9267,47.1541,0,5.8296,29,6.1279,0.8494,0
48.8362,-1.3925,0.3292,-109.5375,435.7835,91,77.5479,40.0569,99.5884,336.1432,0.986,11.4795,96.463,0,3.8519,28,8.1212,1.1357,0
57.5003,-1.2098,0.2948,-162.6229,423.425,103,75.2385,47.5468,108.7052,329.2743,0.7321,11.7188,123.0348,0,9.9966,33,4.7225,1.0194,0
60.6753,-2.4961,-0.7348,174.8859,438.3527,102,82.9934,49.7732,95.6926,335.0924,0.8084,2.2554,88.8043,0,5.2127,34,4.985,0.9601,0
49.7063,-1.3455,0.6034,135.2056,207.3076,84,89.4513,47.3454,119.5321,397.3007,0.666,11.2031,96.0482,0,7.4523,44,5.6137,1.1083,1
47.2175,-0.65,0.5305,19.0649,436.6229,105,70.5948,51.1282,96.6617,409.0724,0.6298,6.1606,85.7564,1,6.7902,39,5.4504,0.8729,0
26.3643,-0.5983,-0.0907,-25.1015,696.6509,113,74.6273,57.4948,88.7962,276.623,0.6668,6.8884,57.8407,0,9.0701,30,5.3123,1.1192,0
50.4705,-0.0676,0.0136,-94.5216,571.603,117,103.187,43.2839,58.5076,362.6719,0.6369,11.3234,117.0416,1,4.693,29,6.3882,1.1395,0
46.1884,0.7616,-0.4569,34.1938,534.1343,110,61.7926,58.6658,52.224,88.1832,0.8467,8.8378,88.6889,0,4.0889,30,5.1422,1.0649,0
39.9347,-0.689,0.1262,68.5837,552.6051,102,63.897,73.3892,55.1166,134.1355,0.8621,7.5582,101.1524,1,10.7985,39,5.2483,1.0029,0
47.9466,0.4888,0.1131,68.1058,689.2171,93,90.5318,59.0424,32.4359,264.9005,0.9994,10.5389,106.6606,1,5.7443,39,7.175,0.9623,0
45.8259,0.7783,-0.2434,-177.683,368.3015,99,99.1325,84.8247,51.0856,236.3066,0.9967,7.8976,61.3347,0,8.5518,24,2.4546,0.9607,0
51.6916,1.15,0.3228,72.734,635.5818,110,94.5265,21.9491,55.6878,475.2931,0.7767,0.9154,67.9003,1,8.4081,43,5.4744,0.9971,0
47.21,0.4898,0.1658,131.8942,509.9784,102,83.1407,38.3411,37.7034,270.3938,0.6917,8.3517,89.0176,1,5.6798,28,4.2093,0.9408,0
54.47,0.0733,1.6067,-138.63,382.4204,86,75.6893,57.2758,31.0436,337.1617,0.7962,11.3102,133.047,0,9.5305,36,4.7855,0.9046,0
51.7391,-1.08,-0.4508,91.9357,569.5471,104,77.2561,54.8511,75.2485,321.0787,0.9591,6.3869,63.2263,0,11.3098,35,5.5486,1.009,0
62.7355,0.2725,0.6665,116.3659,512.5735,105,84.0102,42.2774,46.2987,159.445,0.8728,6.4647,108.2563,0,7.1504,34,6.1658,0.8229,0
44.657,-0.3763,-0.4262,-80.579,378.9905,90,89.3518,62.2548,50.9309,329.0026,0.8476,3.3346,84.3853,0,7.4803,31,4.6537,0.9014,1
67.7985,1.3765,0.2637,76.3582,339.5697,81,85.3663,54.1648,118.281,303.317,0.8783,6.7503,70.1824,0,7.7914,31,7.817,1.0838,0
60.6724,0.0913,-1.2997,-145.1682,434.7661,85,59.8518,73.5227,43.3566,456.4946,0.6611,11.2535,73.5189,0,9.535,38,8.4845,1.0535,1
64.8674,-0.16,-0.2562,53.7164,423.3484,110,68.2347,28.8017,34.4913,244.6378,0.7525,3.3989,109.6877,1,8.4538,28,7.2625,1.109,0
52.5277,1.4159,0.236,3.7186,683.1443,105,82.7786,51.1127,104.2622,362.2321,0.6769,11.6175,97.2667,0,7.1979,30,0.4642,1.1607,0
47.1868,-0.4824,0.12,125.9468,467.8625,97,66.1595,41.1037,54.3591,357.9782,0.9797,8.5058,67.091,0,8.5455,27,5.6059,1.0047,0
44.6205,-0.0032,-1.0026,-17.2917,444.0364,96,60.9565,67.1459,75.4189,215.4451,0.6778,2.6236,91.5826,0,6.9349,22,5.5927,0.9871,0
67.5239,2.0094,-0.2059,-25.8855,669.3208,93,88.7424,60.9229,105.0178,65.3566,0.6727,8.454,63.1067,0,8.204,38,5.4542,1.1511,0
60.9666,0.2662,0.7384,156.1625,702.4492,96,82.5778,40.3702,75.6079,303.6106,0.9625,5.0823,144.3224,0,9.8624,29,8.943,0.99,0
39.9188,1.1251,0.5145,156.336,375.2793,98,95.4861,70.0145,110.3647,424.754,0.9797,7.0394,65.2888,0,7.8128,31,4.143,1.1174,0
59.7762,1.5038,0.4802,-167.1438,313.4341,79,89.7149,49.5623,89.7388,331.0324,0.8849,10.3339,85.2503,0,6.9203,35,5.5359,0.9361,0
41.7464,-0.5519,1.1761,-5.1966,577.2839,102,73.7732,25.1363,85.4755,391.4123,0.9994,2.5819,69.1931,0,7.4202,21,6.3567,1.1854,0
53.2429,0.9088,-0.8725,-122.0553,468.8923,124,82.4668,44.9218,98.0927,236.6818,0.6202,5.376,99.7307,0,5.9015,39,9.2867,1.1931,0
58.2593,-0.3327,-0.1972,-81.4658,418.2173,105,72.0847,96.3654,49.6982,377.0232,0.8878,5.2584,128.4753,0,6.2585,19,3.036,1.0997,0
64.5798,2.0399,0.0155,59.8105,655.7459,115,63.8675,46.2038,45.4656,119.8981,0.6749,8.2769,88.2549,0,7.89,33,7.8685,1.1163,0
52.3754,1.4436,-0.3656,-133.4564,460.9124,103,91.9551,54.7351,105.6316,357.8287,0.7506,0.8193,65.9271,0,6.8249,25,7.0099,0.9589,0
48.66,0.7433,0.0624,-175.9426,787.7296,108,78.0569,55.7593,111.0111,134.1111,0.7176,2.2389,110.2962,0,8.2485,32,3.8289,1.0111,1
50.4413,1.0446,0.6505,81.7645,507.1529,89,93.4784,49.137,44.4486,359.7418,0.9476,5.2863,92.8454,0,9.6741,29,4.8267,1.108,0
60.6685,-0.6956,0.0552,50.8839,524.6191,100,81.0858,80.6446,77.8029,244.0587,0.647,6.5357,92.3931,0,10.3667,34,6.1072,1.027,0
57.8838,1.7175,-1.102,144.9591,835.9646,95,82.7804,64.6624,45.2507,384.7175,0.7236,0.5205,45.5081,0,6.8397,31,6.7863,1.1061,1
49.8367,-0.9044,0.3385,15.2316,546.4471,103,85.7678,63.0546,32.7331,296.0646,0.9026,5.3206,123.122,0,7.5635,33,5.6851,1.074,0
31.3665,0.407,-0.0075,160.319,394.0629,102,78.1634,44.6191,75.0191,409.8299,0.8993,7.4495,139.3064,0,9.2208,27,3.4218,0.9441,0
25.6553,-0.714,-1.0896,39.3528,346.9298,83,77.6251,63.9058,84.1247,343.5191,0.8165,1.6291,77.2893,0,9.7929,30,6.5831,0.9211,0
52.2534,0.8604,-0.3078,-40.6259,430.7112,98,82.4226,43.8388,72.2194,308.9042,0.9252,5.3004,83.7288,0,5.2968,18,9.1752,1.1434,0
38.1875,1.7451,-0.8678,39.0469,535.4026,92,92.4601,58.5465,100.3363,418.5213,0.634,8.8719,99.6799,0,6.0566,29,5.175,0.9468,0
44.7116,0.4515,-0.1439,89.7049,636.6508,92,85.0486,91.292,50.7882,344.7695,0.6019,1.0757,106.3987,0,8.889,28,4.3225,1.1904,0
47.7306,0.3151,-0.252,-54.8852,274.3832,113,80.1712,81.2326,112.8381,473.8644,0.6413,7.44,68.8466,0,7.8349,34,4.7104,0.8656,0
70.7649,-0.1136,-0.7626,-45.891,500.474,107,75.8927,47.6669,80.685,296.6833,0.9273,4.5996,102.7702,0,5.5892,22,4.4571,1.1526,0
51.2237,0.1005,0.1255,46.7774,691.8122,95,78.8181,54.4728,77.9182,279.0062,0.7983,5.4084,106.2864,0,6.8815,28,6.3657,1.0909,0
57.1998,-0.3357,-0.5413,-15.9869,539.3273,99,71.3637,28.0389,70.7287,210.1831,0.7537,4.3252,100.7137,0,9.5324,26,7.6394,1.139,0
55.0455,1.6333,0.662,9.7104,703.3805,103,70.1773,45.1462,49.3587,244.3359,0.6937,1.0092,74.6119,1,9.9928,27,9.3807,1.1571,0
25.7811,0.794,0.0841,173.5494,273.8059,98,77.623,5.5216,55.4875,276.1463,0.6519,7.1795,151.5768,0,8.6948,31,4.0124,0.9647,0
46.0051,-0.3474,-0.1304,-164.241,466.0137,114,80.0599,68.2735,79.7434,230.9076,0.8317,5.0998,55.4511,0,7.2506,32,4.6496,0.9506,0
37.7997,0.0604,0.627,53.2441,518.0701,108,87.272,35.0313,96.7713,363.8799,0.8562,10.0809,84.9078,0,4.6866,27,8.7139,0.9388,0
67.272,2.9159,0.1301,152.2388,582.9754,115,68.7081,48.0756,42.6711,174.3991,0.62,8.7884,88.9771,1,9.4872,35,7.5695,1.0233,0
31.8069,0.2722,0.1733,-94.9639,372.2919,88,80.1058,40.9329,77.0354,213.3807,0.6291,6.9566,56.9136,0,10.2235,24,6.4697,0.8213,0
45.7918,1.453,-0.0325,-103.6701,562.3943,126,84.2691,70.6024,32.7156,86.7257,0.8914,2.8426,110.5969,0,6.8901,36,6.9159,0.9411,0
47.3927,-0.5766,-0.1568,-49.3207,574.0904,106,70.1868,77.3778,46.4965,230.9668,0.7741,5.8249,103.2375,1,10.3931,25,5.3097,1.0419,0
40.1416,0.4736,0.2021,-153.3317,488.9742,86,75.4,78.2285,102.3289,421.7412,0.7266,9.3327,138.3548,0,5.7984,22,7.4328,1.119,0
51.0142,-0.6245,0.762,21.7025,570.491,100,87.5941,24.4591,54.8668,248.5105,0.7934,1.4093,71.2496,1,9.1093,20,5.8389,0.8322,0
49.5772,-0.5353,-1.7098,52.3652,547.447,95,79.4089,63.0863,55.4602,216.0692,0.678,1.4239,105.2885,0,7.2699,30,4.4879,0.8949,0
51.6305,0.7937,0.9341,115.1593,401.2437,98,59.8306,32.5667,77.7911,225.4297,0.6104,2.63,90.9416,0,6.4798,40,6.4134,1.0513,0
55.0249,-0.8956,-0.504,-156.1766,476.2817,89,87.7419,52.9735,63.4103,335.038,0.7392,10.6362,77.1497,0,5.9104,32,8.6262,1.1513,0
52.3682,-1.192,0.0962,-22.9734,312.6529,109,80.8896,69.267,105.7145,427.7559,0.7307,6.1069,135.0439,0,7.6843,36,6.9993,1.0814,0
53.8048,0.6852,-0.8585,102.3145,275.6152,93,63.9404,44.7808,70.8577,387.3999,0.761,11.7127,78.8437,0,6.6943,29,10.7566,1.1188,0
61.1221,-0.4882,0.7457,96.5887,538.1498,100,71.221,54.4128,107.0378,167.6539,0.8016,10.6288,123.2117,0,6.9172,33,5.8964,0.8392,0
33.5034,-0.28,-0.6914,-153.4894,215.8989,82,78.737,37.6227,30.8039,439.3811,0.92,2.767,71.26,1,8.4691,24,5.6813,0.8312,0
56.9997,-1.8011,0.5612,-175.8976,463.7244,105,83.1237,71.8342,102.7632,401.7397,0.962,11.8308,134.2067,1,10.3627,37,3.1948,0.9987,0
39.543,-1.2693,-0.1206,101.998,562.0104,87,90.2858,45.6626,32.613,347.1631,0.6711,5.8837,85.1799,0,10.3918,28,8.4406,0.8472,0
43.576,0.2207,-0.0814,-130.3281,502.466,102,70.9863,39.3152,108.2577,186.775,0.759,10.4438,60.593,1,3.7315,17,7.1528,1.1192,0
51.2109,-0.2336,-0.6296,28.0042,827.8149,94,75.4865,56.805,115.6468,209.6372,0.6094,5.7096,147.6248,0,10.1624,36,6.7,0.8905,1
54.1132,0.9092,0.6096,-146.0714,564.014,103,88.8366,68.4058,109.7662,223.2853,0.8584,11.354,104.3867,1,5.1963,35,3.3876,1.1876,0
55.2905,-0.8997,-0.0737,-73.616,459.71,97,90.4493,22.1013,110.1798,246.3978,0.7392,8.9229,119.0028,0,9.2138,26,7.8223,0.8644,0
40.5488,-0.1661,0.3588,-123.1066,591.2068,84,76.7666,59.1571,79.8121,319.2441,0.7726,6.3335,61.6951,1,5.0971,25,6.9292,0.868,0
66.3119,0.0465,-1.0331,85.102,303.1756,107,74.6724,40.0336,115.2091,27.1442,0.6267,8.3982,84.18,1,8.3104,27,4.2032,1.1126,1
45.8215,-0.2041,-0.4456,62.1808,650.0304,88,84.9989,63.3423,40.8455,171.6881,0.9373,2.7214,73.6463,0,10.3987,30,8.1963,0.8747,0
42.8059,0.5975,0.1254,-131.29,424.2532,95,59.2875,39.638,40.0809,277.0144,0.893,10.2591,85.0434,0,5.0444,24,5.9571,1.0716,0
37.2806,-1.0858,-0.7889,-158.6411,665.9825,120,79.8649,32.7332,54.8248,398.5486,0.6648,3.2779,69.6298,0,8.7276,30,1.8152,1.1621,0
36.2949,0.5123,0.1806,-12.1193,560.0519,112,79.7309,35.7999,79.168,269.3665,0.6023,7.1232,89.2355,0,7.7586,34,4.3667,0.8405,0
36.002,1.1391,-0.3309,-109.6027,593.8451,102,75.3212,53.31,45.1273,318.7055,0.6467,11.895,70.2646,0,11.9525,27,3.0614,1.1649,0
53.1436,-0.8233,-0.3889,-177.0689,416.9211,101,84.7161,60.7117,109.0584,409.8789,0.7965,0.6354,127.073,0,6.3702,31,5.2558,1.1299,0
56.0418,0.4007,0.2564,-84.8618,328.2889,96,90.9187,37.5057,53.4474,220.3256,0.9248,2.0731,43.1196,0,8.5689,38,5.8179,1.1819,0
41.3579,0.3574,0.0854,-102.5123,325.6253,109,70.2405,51.1015,112.3242,199.1075,0.8879,8.2423,116.3729,0,11.0045,28,5.4866,1.1588,0
38.5812,0.5888,-0.562,66.5853,242.6415,101,72.7202,37.0991,55.7514,189.4627,0.8553,7.6418,89.3117,0,5.9015,35,3.4514,0.9028,0
47.8835,0.0015,0.5616,129.9107,442.4827,92,86.6611,42.5137,42.4679,272.2319,0.9196,8.6908,121.0665,0,9.2843,23,3.9912,1.0037,0
50.9729,1.4183,0.2527,-94.45,411.8879,98,65.4769,40.1299,96.8649,234.8419,0.8047,0.2339,113.6618,0,9.9138,26,1.7829,0.9525,0
52.6298,2.1103,-1.0072,-99.7028,651.7718,114,74.6758,35.8471,34.596,466.1359,0.8662,8.1906,126.5818,0,10.3028,29,8.3782,1.0448,0
40.3571,0.6251,-0.1516,-40.4041,344.9608,104,101.6828,25.6044,100.0773,324.3282,0.9339,11.2957,94.7123,0,7.4509,29,5.5376,1.0875,1
48.328,0.3139,0.1866,-117.8793,829.0923,90,81.8913,48.5219,114.1071,367.3984,0.8218,4.8113,146.9541,0,6.2867,28,6.8794,1.1904,0
65.6718,0.0138,-0.0556,160.8534,349.7647,102,77.1612,72.6548,50.802,214.5429,0.8421,5.8821,21.3287,0,7.8633,24,7.2002,1.0453,0
38.0524,-1.3135,-1.6617,-92.3304,363.8777,84,62.7566,51.7018,103.2185,295.0832,0.8489,8.4053,94.1469,0,9.7644,28,7.4268,0.9457,0
49.7087,-1.4274,0.0318,-146.4015,277.9998,90,55.9328,44.041,112.641,269.2744,0.9717,10.5655,128.6942,0,4.3766,28,5.5091,1.1196,0
54.9998,-1.154,0.3788,20.48,501.4542,80,90.6324,66.1154,59.1025,319.1051,0.782,9.0419,68.6172,0,6.835,35,7.7927,0.8783,0
40.3212,0.2657,-0.0407,13.543,451.7135,88,68.3657,40.1565,100.1154,338.1934,0.6362,11.5419,95.5592,1,5.8435,30,2.8977,0.8577,0
56.1131,-0.1927,0.0277,47.4891,483.8184,92,80.4549,53.8581,38.9653,264.6187,0.9483,8.8711,11.5582,0,8.0456,30,3.3977,1.1113,0
36.6076,1.5271,0.51,168.0129,561.0311,83,92.7439,18.887,107.9198,279.1643,0.6224,3.4389,43.1147,0,10.3107,33,4.3509,0.9367,0
56.3452,-2.5052,-0.7921,-63.5446,647.398,101,75.0196,49.9171,71.8632,412.8707,0.6185,10.7473,66.0736,0,8.7468,29,7.318,0.9528,0
50.4336,0.0407,0.3682,-50.5543,324.5259,97,75.4034,43.3406,52.3021,208.344,0.6781,6.0981,116.3946,0,6.4001,40,4.7175,1.1029,0
35.8058,0.4334,0.1698,-58.6654,502.9406,104,86.961,12.7522,77.3714,372.0381,0.6294,11.0202,93.2591,1,11.092,32,5.3607,0.9836,0
56.8767,0.8977,-0.8118,46.3067,628.3001,97,93.5486,41.042,53.1667,329.0683,0.8087,0.7884,68.7477,0,11.1825,30,8.3388,1.1369,0
41.0414,0.1433,0.3489,37.4649,335.8808,126,88.4691,3.0161,101.7929,374.8726,0.9504,7.7673,80.6903,0,8.4997,21,8.1936,1.052,0
48.4669,0.3648,0.9031,10.3705,914.6505,94,94.7033,38.1943,58.9611,268.7808,0.6977,0.1615,126.8263,0,6.9225,30,6.5063,0.8227,0
56.3017,0.176,0.1669,-48.8427,851.1873,93,56.9247,59.8741,36.5799,403.3152,0.62,1.7969,90.0029,0,6.7463,30,9.2409,1.0319,0
40.3556,0.4398,0.2772,-26.0461,488.7293,104,84.2136,31.8571,33.1549,236.2635,0.7008,3.6361,104.4916,0,8.0762,26,6.9412,0.8509,0
44.7171,-0.0193,-0.5327,105.3026,334.0013,114,92.8414,35.7893,53.406,350.0909,0.7161,8.8727,142.2729,0,7.8024,34,5.9607,1.1335,0
61.2616,2.1162,-0.3093,39.3288,353.3095,100,84.503,19.5981,77.89,349.7602,0.9463,5.0332,25.4595,0,5.4401,29,8.3685,1.0195,0
29.3019,0.5778,-0.509,77.8708,535.0604,102,78.5608,55.7706,87.1516,315.6436,0.8629,5.318,47.9272,0,7.6313,27,6.3122,0.9172,0
64.1867,0.1974,0.1979,-80.3773,595.9583,107,67.7498,41.1455,75.5541,402.6095,0.6594,3.5449,84.0088,0,6.9363,24,7.2398,0.9321,0
35.3575,-0.7381,-0.259,148.1372,223.6695,95,72.6643,49.1875,92.8738,410.4874,0.7158,10.1203,142.9413,1,9.243,30,2.0264,0.9452,0
43.0073,-0.3423,-0.2898,-167.3414,358.1012,111,94.9959,72.9822,91.3006,368.3912,0.852,11.5627,81.1109,1,8.0127,23,6.0669,1.1975,0
52.8241,1.5101,0.3519,34.4509,521.2703,100,79.638,30.0,81.6718,477.6038,0.6213,11.7986,92.9576,1,9.1984,32,3.9617,1.0314,0
56.0314,-2.485,0.8349,112.446,289.3384,98,73.6977,75.2877,91.3697,259.9378,0.8716,6.2618,87.7212,1,8.5686,34,4.5099,1.1899,0
52.9799,0.0568,-0.0438,131.8628,455.4394,104,64.4896,44.8966,107.5635,273.2623,0.9497,0.5296,110.7443,0,5.1143,38,5.8725,1.0888,0
50.4727,-0.0249,-0.7875,-64.9614,564.6796,89,84.659,71.0254,33.6267,328.575,0.9469,1.1779,96.7785,0,4.7656,32,8.3256,1.1502,0
45.6396,0.5001,0.0201,-14.4897,475.6972,107,71.9444,47.7497,104.9563,282.4678,0.6237,10.4702,111.5354,0,7.5721,32,7.2586,0.8341,0
65.6129,0.2652,0.0958,-167.4399,389.8615,119,79.6793,17.3085,62.0401,263.5391,0.9234,7.1628,57.5688,0,4.9104,38,3.8451,0.8127,0
57.7296,1.5158,0.4157,104.3155,513.0518,89,97.2558,25.17,57.4997,153.4199,0.8006,2.1675,107.1915,0,9.2718,27,6.1048,1.0307,0
61.756,0.0982,-0.1618,-135.1541,576.033,104,87.9675,44.7827,107.6816,377.8455,0.8001,6.4418,74.032,1,7.5863,31,5.9709,1.0792,0
45.7864,-0.0641,0.4405,-25.8907,361.8736,107,93.0966,16.7356,84.6194,289.1598,0.8313,7.3838,91.2057,0,9.5886,25,6.0568,0.8276,1
26.7179,0.9518,0.3638,176.6912,551.6528,103,81.4373,60.5974,35.2717,294.3225,0.7634,10.2875,83.9613,0,10.7446,32,8.1515,0.9173,0
60.2003,1.5328,-0.149,150.3854,548.6798,94,87.1294,66.3985,47.1561,198.1978,0.8857,7.9228,119.981,0,5.3436,31,7.6512,1.1649,0
53.5643,0.6868,0.4102,-61.1915,577.877,89,93.2992,20.3373,114.1945,260.8743,0.7289,5.8045,55.1399,0,8.0219,31,8.4576,1.0087,0
51.8286,1.0115,0.4651,-99.403,539.4313,96,71.7109,44.3028,67.1247,323.6791,0.8989,7.2363,88.4943,0,10.3405,27,5.7267,0.9228,0
44.3263,-0.2174,-0.5456,-89.3907,519.5105,110,79.6319,48.1388,54.5532,179.4958,0.9705,1.6064,101.9832,0,8.1863,32,2.9345,0.8253,0
46.5188,0.1254,0.4802,66.5228,476.6051,120,73.1085,63.7763,47.8102,283.2156,0.6513,2.9327,116.9274,1,8.3161,28,6.0867,1.1445,0
44.0095,1.4857,-0.06,81.287,455.1342,114,73.913,58.2006,80.0991,256.5257,0.7781,6.3526,94.0177,0,6.1566,23,6.2217,1.0321,0
50.4517,0.5267,-0.1237,-102.0625,608.449,77,78.52,41.7248,117.133,289.649,0.6075,2.5658,74.2826,0,7.3993,33,9.7866,0.8097,0
38.6432,-0.242,-0.054,-93.6036,485.6816,96,70.4631,21.7108,42.0811,282.0073,0.7762,11.8246,88.6916,0,8.8927,35,5.9089,0.8099,0
57.6261,0.0326,0.6206,-63.5799,580.2631,104,76.2971,50.0297,51.5338,165.3958,0.7749,6.5844,58.0635,0,9.8916,33,9.4721,0.8901,0
70.3663,1.0372,0.6192,-24.0559,577.9137,123,86.8599,47.4116,74.5993,384.8642,0.8906,1.7169,97.1497,0,6.2912,35,8.3013,0.8477,0
44.0235,1.1262,0.2382,150.2895,359.0347,91,79.0352,33.5959,49.3751,53.5232,0.7418,11.0734,145.5248,0,9.0662,28,7.1615,0.9188,0
34.0721,-0.8421,0.1348,-170.4572,452.2026,85,72.2425,92.3555,119.9513,321.4096,0.9547,8.5136,62.3261,0,7.955,29,6.3364,1.1799,0
48.9798,0.3626,-0.0521,49.7511,492.0745,116,87.8631,53.4586,66.8412,403.9881,0.7595,0.4666,87.9392,0,8.7359,40,4.3128,1.1769,0
53.1522,-0.0078,1.3492,130.2111,513.5168,85,70.8366,37.0019,69.6498,291.5963,0.821,4.3609,66.423,0,6.3491,30,4.7277,0.9475,0
54.5325,-0.0655,-0.3424,80.4109,564.3896,106,68.9552,38.8017,49.7279,162.1971,0.7038,5.1102,90.8637,1,8.7358,29,3.1052,1.0966,0
66.0251,1.3303,-0.2236,-101.9728,526.8052,87,92.0095,66.6471,101.6239,378.8964,0.6624,6.3525,52.7028,0,9.6488,24,7.6655,1.0772,1
58.158,-0.2375,0.1512,-8.3712,506.2938,104,88.4536,73.7803,71.8655,138.6502,0.8631,3.7919,109.9523,1,8.7234,29,0.2092,0.8085,1
31.8842,-0.5756,-0.4533,147.701,434.7147,106,76.5986,62.3403,88.358,266.3166,0.7683,8.6609,116.2211,0,5.521,39,5.3763,0.8878,0
37.6403,-0.815,0.5244,-138.3417,658.5393,99,98.9555,70.3297,45.6776,413.7618,0.847,6.5535,0.0,0,10.557,32,7.5466,0.8181,0
54.0565,-0.1745,-0.7357,175.504,552.1263,90,74.3453,25.2336,41.6389,288.8863,0.8435,0.565,157.533,0,6.8377,18,5.1402,0.981,0
45.4585,-0.7352,-0.3569,-128.2955,483.1847,86,86.8207,49.091,80.4729,302.0947,0.7957,0.9445,91.7381,0,7.4319,28,5.3396,1.0717,0
65.1513,-0.8648,-0.2009,-128.7297,441.5562,113,64.1956,26.9825,46.0185,423.1734,0.7208,3.9475,109.483,0,8.4584,38,7.6182,1.1629,0
40.6287,-0.89,-0.5023,112.6294,541.9761,119,69.849,66.0731,76.3718,148.076,0.6787,7.8154,67.0148,0,8.5933,26,3.5386,0.9297,0
59.6071,-0.8305,0.5205,118.2047,504.4399,94,90.2901,67.9453,119.9286,304.8943,0.6729,7.7783,99.1257,0,10.9312,28,5.7111,1.0542,0
43.5066,-0.7608,-0.6575,-166.3493,271.4196,96,94.2066,30.2026,69.7584,300.6186,0.8149,2.2408,83.5651,0,3.7593,25,6.3391,1.0955,0
52.6219,0.3991,-0.4816,-119.4101,351.4166,107,78.4987,38.011,32.2466,222.9307,0.7187,10.7123,97.708,0,9.0812,28,4.5903,1.0519,0
41.7207,-1.96,-0.3384,161.47,695.6864,92,102.7966,30.7276,87.0871,237.7294,0.8236,6.1692,70.8076,0,9.532,24,1.6973,1.0978,0
55.5886,-0.7018,0.4215,-79.4357,555.5675,92,93.0903,54.5099,53.3007,400.3101,0.9185,6.9653,125.3042,1,8.2628,22,7.923,1.1236,0
60.7271,-0.1001,0.7262,-175.5937,404.0423,92,73.0368,47.9838,114.6624,114.1517,0.8001,9.4722,51.9267,0,7.4389,41,3.112,0.94,0
52.53,1.1486,0.2612,-88.5448,444.0673,82,76.218,50.7654,51.039,281.5206,0.7885,1.3799,117.3042,0,5.4962,30,5.9166,1.028,0
69.0913,-0.2459,-0.6568,84.7557,370.7049,95,66.138,43.4657,113.939,229.5617,0.9801,6.2876,98.7275,0,8.5437,33,6.0823,0.9464,0
42.7956,-0.1533,-0.3101,149.9232,421.3029,99,75.5729,86.6561,31.6448,319.1717,0.7504,8.345,84.1069,1,12.2,34,3.5952,1.1238,0
50.9797,-0.0879,0.786,-124.1436,653.6751,121,82.3922,69.1961,118.0545,247.2343,0.6119,2.4524,83.6781,1,10.9163,35,6.3861,1.0871,0
58.4585,-1.8237,0.0144,-99.211,472.8418,96,80.4031,47.1257,54.6099,317.4269,0.9527,2.079,66.9012,0,8.1964,23,5.9455,0.8899,0
40.5022,0.6591,-0.7229,-21.0487,624.9795,96,80.3081,19.3978,100.3469,294.2271,0.6898,11.2346,58.8553,0,6.1262,24,7.7618,0.8948,0
50.6229,0.6174,1.097,89.3888,744.1502,96,89.9734,16.1021,71.9688,303.48,0.839,9.3536,94.569,0,9.786,26,5.6583,0.9977,1
56.6404,0.8145,-0.2849,57.1309,440.7279,101,81.6664,17.6391,63.3427,289.3595,0.975,0.3195,145.538,0,8.9118,32,4.0937,0.8723,0
59.292,2.5058,-0.0358,-62.0879,305.7341,100,86.8502,58.7631,116.2198,309.5465,0.8979,4.8313,35.4902,0,3.9385,39,3.6911,0.8732,0
61.4184,-1.2985,-0.3424,-156.1133,564.9391,95,84.4668,46.7193,114.7648,320.6258,0.9335,2.203,99.0297,0,5.1299,30,3.7481,0.9304,0
41.3094,-1.488,-0.4778,-88.9342,376.9539,104,82.8689,74.6377,84.3607,306.3637,0.7694,3.798,82.217,0,12.7124,32,9.3089,0.9971,0
52.8826,0.7059,0.648,-100.9572,500.091,95,89.2164,64.3363,114.5349,280.996,0.7837,3.4452,140.1755,0,5.6879,24,2.7306,0.9125,0
36.8509,-0.3375,0.0981,-172.4206,525.2783,108,88.0205,5.4067,100.9778,400.9624,0.6238,11.992,42.0931,0,7.6915,35,4.1911,1.1485,0
42.7563,-0.9856,0.1577,171.0144,778.5793,85,68.7367,33.5736,62.7004,206.9959,0.8675,11.7066,84.3064,0,9.6287,25,7.1101,0.8799,1
48.2589,-0.2826,-0.6398,-88.0662,548.4355,103,98.1891,16.433,110.64,516.5397,0.8977,1.0708,98.505,0,7.8685,28,4.0864,0.9326,0
61.4403,-0.6183,-0.1496,121.1526,431.4348,112,81.2046,41.959,62.2856,212.3501,0.8119,2.8886,35.318,0,6.9229,19,4.4695,0.9517,0
55.2792,1.7248,-0.311,-5.4498,593.8764,88,70.4929,56.2085,115.156,251.7203,0.9411,9.3564,153.8227,0,10.0312,27,4.3332,1.1447,0
50.4009,2.2618,-0.4128,170.0247,622.2734,98,79.35,51.5061,76.4334,117.3725,0.6438,7.5977,110.5452,0,9.0783,26,7.3879,0.9902,0
54.4866,-1.6356,0.2337,-126.1609,680.7269,89,82.6084,49.6474,96.4871,269.7194,0.6352,0.9399,107.6031,0,8.9152,31,1.1117,0.9926,0
55.212,-1.4765,-0.1689,-140.1577,361.5665,99,85.8779,26.5309,87.3315,388.1001,0.6517,0.5978,123.7192,0,5.9924,29,4.9273,1.0738,0
53.6902,-0.7594,0.3463,-179.1133,693.6376,88,89.6058,96.21,96.0204,203.9102,0.9452,1.9777,57.6724,1,8.0032,25,6.6928,0.9322,0
44.2492,-0.6895,0.3604,78.641,842.9253,92,87.6796,53.0511,46.2493,436.6138,0.6747,5.1971,111.8099,1,10.4201,37,5.9345,0.9866,1
40.4331,-0.7753,-0.2175,-69.7045,690.2908,100,98.3831,81.4396,110.0308,282.4696,0.629,10.3819,79.4163,0,8.0751,31,4.3103,1.1554,0
47.7671,-0.1942,0.227,133.3278,717.5777,95,81.0574,66.3415,104.0123,158.7489,0.9174,4.4673,45.707,0,7.8345,27,8.8165,1.1773,0
42.0614,-0.4468,-0.2311,48.1697,434.7898,88,78.4106,62.1901,86.7859,216.6046,0.8792,3.4074,118.7073,0,7.4366,30,5.5291,0.8587,0
56.2128,-1.3536,-0.394,27.8755,753.4137,106,65.3257,62.2116,49.0666,346.9605,0.6639,3.5962,15.1195,0,9.5569,36,5.0003,1.0945,0
65.2896,-1.0268,-0.5301,-4.719,428.5879,109,89.6999,38.8967,81.5713,246.7286,0.9054,7.5364,105.0508,0,7.5752,21,6.2025,0.9391,0
55.6364,1.5463,0.043,-87.0575,494.1847,98,86.0955,38.1977,69.2472,460.8965,0.7178,4.4321,98.6154,0,8.1846,22,5.705,0.8397,0
31.8986,-0.3574,-0.371,-156.7121,430.3211,116,74.3436,47.996,31.6192,230.6094,0.6117,5.4725,156.4911,0,5.1395,34,8.3588,1.0403,0
43.6675,-0.4086,0.6891,-20.3155,412.8231,95,82.4287,46.7449,113.0855,288.8057,0.6139,4.8938,56.2559,1,8.5506,29,3.7383,1.1571,0
50.1815,-1.5204,0.813,-144.3169,499.214,88,79.8981,0.9567,99.225,236.5428,0.6485,4.6123,85.8043,0,5.5936,24,5.4039,1.0906,0
35.652,-0.4632,0.2375,146.0632,326.9367,85,81.7515,49.6861,110.7859,391.8089,0.9277,1.9728,89.9524,0,8.956,34,3.7522,1.0382,0
50.312,0.9609,0.1218,118.5585,396.9274,87,77.2576,61.4193,84.2815,150.6171,0.759,11.1056,106.36,0,6.4081,26,7.3133,1.1143,0
54.6932,0.5956,0.0093,43.1141,354.1064,106,81.1307,23.9504,59.913,93.8204,0.7511,1.6287,112.6387,0,6.6204,41,4.4917,0.8962,0
64.0886,0.8111,1.1869,-17.1217,730.1289,113,64.8109,28.6103,69.5635,246.1624,0.9173,7.0964,86.512,0,6.9526,44,4.074,0.8691,0
68.1871,-1.2036,0.9812,-16.4897,743.0059,89,75.9426,51.3012,104.6347,278.3611,0.8585,0.7139,102.56,0,8.153,32,2.3056,0.9523,0
38.0848,-1.2196,-0.1023,-12.7746,881.8045,89,83.0799,58.2223,47.9441,130.5427,0.9529,2.1743,107.0788,0,8.9509,32,5.114,1.1442,1
48.8341,1.1334,-0.0994,88.3667,489.9627,96,72.9487,46.6574,43.6333,342.9284,0.61,3.9281,114.0159,1,11.1485,36,9.3332,1.0171,0
48.9603,0.8263,0.1635,-134.5662,504.4149,105,83.8903,56.911,39.0392,370.7511,0.6665,2.3573,98.57,0,9.593,25,4.1319,0.8876,0
42.8699,-0.2585,-0.5898,11.2665,615.719,103,100.6522,52.6596,38.9511,264.6355,0.9415,4.6048,81.0074,0,8.2243,42,5.5839,1.1011,0
50.9865,0.853,-0.8999,112.56,308.5419,104,68.4539,42.3071,73.7943,231.8144,0.9842,8.3237,162.7327,0,9.5268,23,7.9481,1.0314,0
49.1993,-1.203,-0.669,3.6453,353.236,99,61.6728,49.2908,96.261,446.24,0.7179,7.771,70.9898,1,6.0441,48,4.9201,0.8625,0
56.138,-1.2445,-0.1508,-175.0532,260.425,89,92.0592,49.3755,110.1357,188.725,0.6147,6.5946,67.2976,0,8.2788,35,2.8283,0.8727,0
63.5661,-1.6175,-0.4725,-91.9114,625.5184,105,100.9307,50.4501,81.1114,353.108,0.6044,3.6408,90.8304,1,11.9841,22,7.1602,0.993,0
51.3236,0.3615,0.7274,60.6905,370.832,94,83.7125,47.0184,74.6594,252.2252,0.6116,10.1416,81.1414,0,5.443,31,10.6985,0.9065,0
45.0995,0.2167,-0.7346,156.3118,650.2469,95,80.0629,56.8184,64.8485,318.2921,0.8636,10.3048,168.8188,1,9.6601,33,3.6168,1.1286,0
39.7448,-0.5224,-0.6677,141.7493,430.7302,86,73.5458,68.9573,57.0606,378.8823,0.7007,2.637,60.1634,0,8.4829,24,7.5897,1.128,0
70.4246,-0.7804,-0.9172,116.1738,500.5608,107,85.3923,58.6956,33.0181,331.9524,0.7483,11.6177,74.6495,0,5.9205,23,4.3722,0.9541,0
59.0688,2.4145,-0.3227,162.0591,474.3283,108,79.8458,3.8244,95.7792,118.8946,0.7483,1.9693,92.6798,0,7.4865,28,6.9773,1.1627,0
53.9971,-0.2591,-0.1992,-79.2296,528.5496,108,88.4939,22.2666,36.3734,391.3536,0.6991,3.1031,135.1789,1,10.184,25,4.572,1.1405,0
48.3402,1.3881,-0.0398,-175.5368,426.6473,114,62.8718,61.8418,98.2275,108.2075,0.672,8.7284,54.6695,1,11.7483,34,6.2947,1.1684,0
66.1188,-0.1463,-0.0174,-52.4251,655.9518,96,83.2705,33.7055,94.2382,366.3047,0.8089,8.6733,120.7776,0,9.8149,30,5.5381,1.015,0
48.4038,-0.5007,-0.3109,27.724,474.8557,97,71.6584,73.4802,118.8741,345.1516,0.6274,2.8339,117.3488,0,8.7069,35,10.3035,1.1226,0
32.8788,1.4167,-0.5262,-66.0722,554.5982,95,89.4732,20.4391,31.7981,271.5447,0.7832,6.2271,102.4282,0,6.9271,28,4.1371,1.0387,1
52.6503,0.79,0.2094,-164.0866,516.4333,93,68.55,66.5023,51.8565,346.3004,0.7678,0.3218,68.3431,1,8.4705,26,4.4219,1.0515,0
37.7219,-0.0241,-0.4499,2.5873,347.9611,86,86.2957,32.5095,37.405,188.5746,0.7162,6.9016,68.2412,0,8.0838,36,7.7582,0.9375,0
52.6876,1.1337,0.3906,-108.1093,702.386,102,74.1788,72.4536,113.9585,166.6076,0.6328,11.0974,83.4675,1,7.1526,29,7.303,1.0164,0
63.4413,2.5203,-0.7412,81.9257,402.2543,125,75.6521,35.2264,76.2587,355.26,0.8627,2.1195,102.7891,0,3.803,37,4.6193,1.1734,0
33.2749,-0.7324,-0.3741,-147.8874,621.3122,91,88.4966,30.6601,116.0121,266.633,0.8409,0.1741,119.5257,0,6.3294,39,7.9695,1.0065,0
41.0037,0.4717,1.0211,164.9253,609.3461,94,72.0365,51.6117,43.9816,449.349,0.8969,9.3648,78.6251,0,6.6699,23,5.8815,0.8067,0
58.6473,-0.4092,1.0893,135.605,275.1607,104,64.9907,20.6536,59.6982,263.7339,0.8128,11.3294,56.5678,0,8.0197,23,7.0391,1.0332,1
45.0053,-0.9345,-0.6805,134.5875,473.0414,84,80.7266,31.0399,87.5012,197.699,0.8044,3.3093,66.7264,0,6.734,23,3.7381,0.9744,0
54.1516,-0.9623,0.6037,104.3606,586.9731,105,73.389,67.3657,54.7873,564.1475,0.6976,10.6597,80.878,1,10.5373,27,8.2308,1.173,0
54.1731,1.5923,0.8068,48.0921,456.5711,89,66.2949,79.0364,112.9659,157.6154,0.7591,5.4654,107.8254,0,9.8532,25,6.8468,0.9183,0
58.8957,-1.8248,0.5316,-160.7655,480.8046,87,83.5008,45.459,69.491,314.998,0.8144,9.4978,66.4389,0,5.9995,35,3.6583,0.9765,0
43.5341,0.5079,-0.0334,58.4733,532.557,90,82.8996,40.091,85.2419,310.7451,0.6293,3.6193,59.9682,0,7.3188,21,8.1764,1.1067,0
24.4817,-0.8252,-0.965,88.8938,443.6069,102,81.1686,19.5311,61.589,371.3555,0.8815,11.1505,83.7669,0,7.1956,32,8.0039,1.1871,0
53.9686,1.7725,0.0424,-132.9048,553.5797,112,85.0769,62.6901,48.7964,266.2947,0.9725,0.8654,97.5701,1,8.07,32,6.5268,0.9237,0
34.31,-0.2731,0.2058,41.6722,506.3874,87,60.0499,41.161,101.8361,272.6414,0.9878,10.5361,102.2912,1,9.318,40,9.1512,0.9619,0
59.3518,-0.364,0.1192,-7.6077,470.4512,92,72.3693,25.7916,101.3636,285.0791,0.9248,4.022,78.5227,0,7.5161,45,6.4112,1.1637,0
49.5774,1.5695,0.2385,-9.921,354.421,92,82.7754,55.5553,103.3868,480.0708,0.9237,0.053,90.3249,0,7.0257,36,10.2007,1.1391,0
47.0397,0.8768,-0.406,-108.1936,560.8363,87,90.3606,23.6213,59.7096,386.5466,0.6661,3.5683,51.0538,0,10.4436,35,6.991,0.8154,0
56.9056,0.5542,-0.2419,86.1977,138.644,106,82.3991,53.0458,106.8821,214.6507,0.731,9.7344,81.1879,0,5.5034,29,3.9622,0.971,0
32.5816,0.8058,-1.1971,153.0449,539.344,112,91.683,42.1595,58.7129,247.1489,0.9046,1.1504,89.7011,0,11.0994,31,6.4869,0.9645,0
47.9979,-1.0833,0.4451,103.6092,502.2283,94,73.2275,53.8391,62.5027,286.875,0.6149,7.9701,138.1716,0,9.4991,33,5.1273,0.8846,0
54.4787,0.7417,-0.4488,-47.1484,378.0429,113,73.8547,20.9422,56.9492,210.4282,0.633,10.2496,120.3809,0,8.5609,23,7.9426,0.9962,0
52.5284,-0.1991,-0.1245,174.3038,291.5779,110,76.283,53.9644,68.761,139.2943,0.8555,3.7082,100.5247,0,5.8331,27,5.2574,1.0275,0
45.1117,0.3609,0.1266,-48.8987,562.739,109,79.1732,14.462,32.3897,231.9323,0.7737,5.2603,49.548,0,11.4477,25,4.8932,0.9357,0
45.2127,0.4846,-0.2803,-95.6074,462.9343,107,62.2493,55.4246,52.5569,208.8847,0.8732,0.1467,103.0834,1,10.7235,26,3.2264,0.8484,0
65.4324,-1.1105,-0.5363,168.5105,520.7947,94,79.7896,48.2121,52.9734,457.6394,0.7027,2.6069,70.6595,0,5.9876,23,1.6422,1.187,1
59.1267,0.5938,0.1279,104.334,224.3833,87,79.6571,12.5285,106.6786,308.4366,0.6324,2.379,18.4445,0,9.5054,31,7.4545,1.0179,0
43.3583,-0.1864,-0.8917,94.0479,571.4874,106,73.8705,49.732,92.4736,150.0812,0.9318,10.035,118.6833,0,7.0833,28,3.8376,1.1665,0
63.4846,-1.2399,0.3834,-152.1245,640.9492,108,72.3121,63.9677,53.65,269.1807,0.9131,10.7058,109.2711,0,8.2936,29,6.7804,0.924,0
57.5508,-0.1466,0.3302,-110.8715,477.1002,90,82.715,41.1219,62.6391,343.8591,0.785,6.4583,67.2336,0,10.1501,31,4.804,0.8182,0
54.8839,0.02,-0.2749,-173.3335,365.4637,93,85.892,23.9789,116.6393,373.2363,0.9522,6.9855,105.55,0,8.8902,38,6.5881,0.8785,0
55.2659,0.5936,-0.247,99.5937,565.12,86,81.4441,41.4163,83.7028,319.8532,0.6892,0.8006,90.4668,0,10.7743,35,10.4611,1.1317,0
38.5388,-2.3883,-0.4939,-79.8325,457.3696,99,81.4264,4.6626,92.9403,352.7645,0.7469,6.6631,74.3505,0,10.8286,36,10.579,0.9083,0
65.0526,0.3881,-0.1911,-132.3994,629.5025,111,79.6344,56.3236,117.3923,286.0054,0.6971,3.0758,106.1091,0,11.9045,40,5.7381,1.0554,0
59.5151,-0.5119,-0.1004,-114.5192,503.1107,99,80.1529,65.0387,89.3619,286.2517,0.6346,4.5819,125.0063,0,5.8225,31,4.9241,0.9655,0
52.4512,0.8099,-0.1592,50.8075,178.658,106,86.8068,40.6145,65.9961,629.3343,0.8611,5.622,76.4052,0,11.9613,29,6.0549,1.0909,0
52.4361,-0.0019,0.7243,-24.1018,147.6359,113,96.213,44.835,64.4711,239.8246,0.8366,7.0071,64.1999,1,4.9059,27,3.7635,0.8997,0
49.0852,-0.3334,-0.8745,158.9027,393.4353,94,94.9277,72.2584,40.0829,174.0799,0.7778,6.1634,125.8878,0,9.9359,34,6.6842,0.9339,0
44.3129,-0.1775,-0.454,-48.279,567.9349,97,69.163,80.7632,39.0873,256.2184,0.944,1.4884,138.6536,0,6.9052,33,6.4316,0.9025,0
55.3455,0.3334,0.3657,120.1948,426.1508,102,58.8896,64.6143,64.0091,289.1427,0.7975,5.8586,141.6897,1,11.3958,22,5.0732,0.9098,0
42.0459,0.9079,1.0275,16.7274,573.8199,108,85.3042,29.7145,67.7327,143.3656,0.7801,3.3275,116.3662,0,10.079,23,8.6229,0.9792,0
51.507,-0.8911,-0.432,73.9251,400.6887,107,80.2135,74.7336,89.1241,350.1411,0.8726,10.5051,59.9026,1,8.5085,34,6.8129,0.8691,0
50.9737,-0.3437,0.5061,-119.2821,809.3933,93,79.3984,62.3382,71.4678,239.0223,0.6151,1.9419,49.8223,0,8.0626,28,8.8366,0.8155,0
53.8518,1.4693,-0.5751,89.6344,471.8023,91,83.8092,54.7546,95.3953,68.6942,0.7114,7.8401,127.3895,0,9.9201,21,1.3912,1.1875,0
59.4125,-0.3611,-0.1947,-149.1641,540.3814,95,77.5561,56.2044,39.0267,297.9355,0.9335,9.6219,102.8422,0,8.0316,33,6.118,0.8467,0
54.0334,0.3672,0.0051,68.8037,356.2173,104,63.8043,71.3514,58.4191,218.7787,0.6519,0.9797,109.6229,1,12.0694,28,7.8858,0.9131,0
56.9357,-1.2342,-0.3453,-12.4137,437.2699,104,68.5815,12.7948,111.3351,401.4098,0.9276,6.6815,46.5164,0,7.0554,32,5.5928,1.1106,0
30.6006,-1.7145,-0.2096,-97.7306,574.0814,114,69.1931,46.9651,33.9425,198.9693,0.8538,2.8337,106.9133,1,8.767,35,9.1934,1.0637,0
54.6041,-1.0402,-0.6818,-7.0606,493.0704,92,86.6667,27.2284,89.1743,245.8721,0.9205,2.2198,119.3118,0,10.3257,28,2.3478,1.1267,0
50.7506,-0.6899,0.3371,128.0441,82.7573,90,98.8574,58.2114,79.8715,334.4958,0.6312,2.8606,49.448,0,5.8302,28,5.0138,0.9634,0
53.7172,1.0399,-0.449,-124.3011,574.8655,92,75.3018,33.666,35.433,263.0929,0.8822,4.0349,110.1607,0,9.3812,34,7.8167,1.0109,0
44.7092,1.1495,-0.3319,-118.9345,591.3723,113,106.0126,111.7256,41.8486,205.5345,0.9115,10.0495,66.3294,1,9.1373,24,6.6212,0.9139,0
61.5093,-1.9253,-0.391,12.239,609.6251,94,61.0359,65.0428,55.8387,205.2384,0.6101,3.729,72.6072,0,8.4418,29,4.1452,0.8204,0
52.5043,-0.5412,-0.3644,45.0916,664.9091,91,74.9227,26.7067,39.1837,420.0097,0.891,11.8363,97.5356,0,3.8858,24,3.9107,0.8878,0
42.5519,0.6978,0.0723,-28.7281,527.113,104,81.8329,69.169,63.2884,246.5296,0.7951,0.1036,108.3098,0,8.9394,32,6.902,1.1677,1
44.3169,-0.1054,0.0314,-84.0987,859.3376,107,54.4801,41.8159,90.3265,179.8015,0.6052,9.8604,72.2299,1,5.0576,19,6.7481,1.1877,0
59.0277,1.5046,1.2593,-155.8109,535.0395,93,95.2212,51.8408,95.9942,274.8062,0.8588,1.8263,151.3934,0,10.848,32,5.4943,1.0632,0
49.1471,0.6735,-0.1225,-162.0745,154.6242,96,73.0806,47.162,63.0217,285.4057,0.6966,9.2477,117.485,0,3.8495,30,6.9922,1.1728,0
49.9528,-0.2677,-0.0502,-165.3048,533.5513,100,80.3367,13.4629,109.4013,357.4609,0.986,7.6025,103.5055,0,11.2364,38,2.3266,0.8538,0
48.0229,-0.1787,0.6685,144.4619,668.1257,99,84.482,37.9149,108.7057,171.5805,0.9912,7.103,71.6871,0,6.2335,28,6.5245,1.1109,0
60.1113,-0.0568,0.1124,-132.7114,293.3357,96,64.0896,27.4528,42.9107,469.9425,0.6012,2.5317,121.6187,0,6.0611,32,1.8253,1.124,0
54.8233,-0.846,-0.0494,-73.7556,459.4247,93,104.3234,1.7308,90.6456,245.8351,0.6537,8.47,40.499,0,6.8303,19,8.5105,1.1316,0
38.1287,0.9392,-0.0668,174.9212,681.9268,101,81.3369,39.3905,54.0733,472.6944,0.8058,5.9643,53.9658,1,6.5318,25,6.5185,1.1511,0
40.2423,0.7424,0.097,153.8909,415.3038,98,76.5942,44.7743,83.4448,320.299,0.8514,11.0682,78.6235,0,9.6422,26,6.6058,0.9202,0
50.0457,0.4543,0.4874,-164.5697,464.3636,98,68.8899,20.6065,63.8464,356.7243,0.853,2.5922,81.1218,0,6.9366,30,6.161,0.9064,0
43.5696,0.2426,0.6727,18.4549,617.1206,84,82.0473,71.5718,81.152,382.624,0.8883,10.394,59.8111,0,8.3665,35,4.2017,1.0933,0
28.3947,-1.0182,0.5158,48.0595,307.6923,102,64.2407,57.4408,86.5207,258.5601,0.67,8.9136,119.3562,0,6.6568,33,3.9978,0.97,0
42.5497,0.5042,0.2334,-160.5189,498.2364,105,81.3921,52.0505,43.5801,164.3462,0.72,1.137,54.3128,0,9.4626,30,8.528,1.2013,0
47.2148,0.1291,0.1054,82.1254,354.2389,97,93.9667,60.29,75.2534,371.7283,0.8152,6.3707,138.7978,0,11.2618,24,4.7179,1.2007,0
46.0,2.0023,1.0191,175.6332,459.7762,94,91.6523,60.927,44.7852,516.9649,0.6567,8.3768,105.2726,0,6.0139,29,5.2789,1.0166,0
57.2076,-1.2933,-0.2372,-25.4234,535.5187,89,74.4445,55.3459,46.2415,301.0716,0.9245,0.9683,91.1825,0,7.555,31,4.9844,1.191,0
27.6546,-0.7233,0.3491,-18.2097,659.047,107,77.2166,80.8973,97.0462,305.6694,0.9138,4.4013,91.0326,0,7.4155,35,6.1554,1.186,0
42.2763,-1.5866,0.5871,57.3649,546.8697,122,85.414,8.0981,112.2422,333.3146,0.8728,9.1069,58.8114,0,4.8598,34,5.1698,0.8237,0
57.9566,-0.218,0.5222,85.1551,415.2274,98,91.8202,60.6447,69.7131,153.978,0.7329,5.3062,137.4945,1,6.2558,31,5.6162,1.0575,0
43.3234,-1.7409,-0.3812,104.318,679.5827,92,95.33,42.5204,98.0675,417.6542,0.8326,2.52,21.0969,0,5.3659,30,7.3395,0.9135,1
37.8861,1.1855,1.4076,-152.0713,592.3045,116,96.2952,78.0015,81.8142,175.8417,0.6021,1.8708,86.8641,0,8.3088,33,4.0903,0.9202,0
43.193,1.0922,0.8353,108.248,208.7524,107,70.6703,57.3662,108.9141,449.567,0.84,9.9349,86.1015,0,9.4432,34,6.2587,0.8997,0
54.4621,-0.1596,0.53,131.0666,625.695,97,87.5314,47.7264,113.7663,326.123,0.6199,0.802,99.7755,0,4.5844,30,8.7926,0.8152,0
47.466,-1.0137,-0.5032,-163.7182,509.7374,106,66.1658,78.8362,105.2462,427.9741,0.6883,1.4584,100.3974,0,7.5733,27,7.4284,1.0238,0
42.7504,-1.5241,0.4899,-165.9114,495.0687,113,75.3677,46.3411,113.0923,121.5626,0.7393,10.0398,39.6949,0,8.0417,25,3.4483,1.0554,0
54.8178,-0.7039,-1.1557,18.3206,678.5644,91,68.2572,58.3779,52.4882,387.8742,0.8582,8.0559,79.6271,0,8.9921,33,5.4939,0.8859,0
53.7487,0.6254,-0.1161,-1.1496,469.3535,96,68.4675,37.4071,56.0252,318.8937,0.6968,2.8264,72.0945,1,8.7411,27,6.7867,1.1195,0
37.365,-0.7871,0.0533,172.8348,634.1224,113,82.4197,52.6337,82.8061,275.0025,0.6522,1.9929,125.0917,0,9.8761,29,4.1165,1.1345,0
50.9479,1.9086,-0.2246,-74.0155,691.6084,106,73.0812,91.3067,102.0456,414.6645,0.7986,1.345,81.5917,0,8.5694,24,8.3066,1.0235,0
37.0051,1.4907,0.7917,32.472,509.3325,75,82.8662,67.2071,37.6601,377.7833,0.9003,0.5805,94.0015,0,6.0335,32,5.7505,0.8812,0
61.7009,0.0008,0.0519,2.4024,567.1046,99,67.9127,58.5249,58.884,317.7784,0.7562,2.5336,111.7926,0,7.8179,32,8.9961,1.08,0
62.312,-0.4619,-0.4806,12.864,604.1009,104,84.8404,22.5259,59.2517,83.5111,0.9433,9.2113,33.3088,0,9.2365,36,6.8402,0.8914,0
47.1233,-0.5692,0.3766,57.4806,569.3721,98,75.6983,97.1548,108.1851,267.9427,0.9765,7.3767,27.3367,0,6.626,24,4.6817,0.8716,0
60.6496,1.5984,0.1992,13.5342,633.4013,89,77.0829,25.582,97.0506,390.6265,0.8856,8.6262,85.9366,0,9.13,31,5.4536,1.0754,0
42.4379,-0.6567,-0.8766,-177.5,343.3402,111,66.9957,51.4231,88.5632,237.371,0.923,11.6854,103.6763,0,7.4492,33,6.1662,0.8429,0
48.6012,0.9344,0.669,123.7357,403.7883,98,90.1898,59.2306,46.7716,330.3636,0.8217,5.118,98.9899,0,8.0207,25,4.4253,1.1164,0
44.1521,0.0218,0.0506,-107.5844,311.0631,84,81.4049,62.6277,77.1602,365.1075,0.8304,11.1063,56.2948,1,6.8141,31,8.0186,0.934,0
49.7531,0.7136,0.4926,-96.7843,752.9041,94,85.3979,35.8777,30.8296,425.7983,0.6147,0.9233,99.9778,0,9.1434,27,3.6206,1.0049,0
50.6625,-0.8204,0.2053,53.2702,248.638,84,67.2341,63.4102,48.6592,322.19,0.8123,9.4591,71.7187,0,7.2267,25,4.2444,1.1511,0
49.9734,-0.3329,-0.1684,-8.0094,698.1072,109,86.7571,25.4512,102.1765,207.8389,0.8111,7.4606,78.0875,0,7.3039,32,5.1107,1.0475,0
49.0982,-0.0242,0.2121,26.8128,570.8393,92,80.4115,83.1596,88.9526,423.7373,0.8237,7.6701,129.2565,0,6.7567,31,7.5279,0.8357,0
51.2729,-0.6314,-0.0504,-0.9004,368.5687,99,75.0398,24.3169,79.243,275.9466,0.6897,0.0221,113.1248,0,9.5891,38,8.7103,0.8066,0
62.5539,1.2492,0.1454,-29.5695,309.2956,104,93.7689,39.6252,105.8932,351.4975,0.7548,2.4405,120.161,0,9.3616,32,8.9797,1.0788,0
29.8912,-0.7643,0.3006,-6.0111,494.2986,93,84.0883,61.4226,69.7617,236.0522,0.9796,11.4456,63.3389,0,8.0984,23,7.5711,0.9534,0
69.2092,-0.577,0.0735,-129.2093,466.3349,99,84.5256,46.5873,55.2117,170.0842,0.9408,7.814,142.5953,0,8.578,31,4.9387,0.8865,0
46.4922,1.3587,0.2326,168.9501,559.3245,103,60.3515,80.3183,105.4786,175.0825,0.7814,10.9799,83.2689,0,8.2743,35,2.57,1.0125,0
49.221,1.1649,-0.186,26.9106,170.081,93,90.8124,75.1723,57.2641,442.1217,0.7673,1.7005,110.1295,0,5.7564,33,7.6978,0.8091,0
63.293,1.588,-0.2857,-76.7459,471.7157,101,84.4758,59.8735,107.0275,296.0303,0.9135,6.5234,135.3046,1,7.2457,33,8.4787,1.0404,0
56.0669,-1.9083,0.3874,76.6225,368.5156,80,92.3771,35.6217,89.6876,372.6773,0.7592,3.0458,62.8275,0,9.4703,19,4.9053,0.8274,0
55.3502,0.2007,0.7251,136.8382,691.4776,94,74.0731,47.4904,86.8291,506.2177,0.8403,11.6205,64.92,0,6.435,36,9.1051,0.9774,0
62.4563,0.0903,-0.2587,-73.2716,561.3958,109,72.8663,20.7879,37.1769,393.614,0.9484,9.1944,123.3384,0,7.4985,27,5.7959,1.1931,0
48.3524,-0.5617,0.1576,-63.1758,423.8738,124,96.1491,33.1658,72.9668,489.9186,0.6773,11.5904,105.7378,0,9.0921,38,5.0918,0.9098,0
59.1902,0.3245,-0.7045,-22.1225,713.194,110,89.584,45.1336,63.6022,194.8095,0.8966,0.3951,104.263,1,4.8464,28,5.9611,1.1808,0
37.3951,-0.3214,0.9024,-101.7757,434.6461,101,65.714,67.5846,113.4452,300.4481,0.999,2.7009,88.7796,0,10.1103,25,4.4295,1.0788,0
54.1752,0.162,0.573,111.5238,484.3913,103,80.1621,58.4953,31.1218,211.1242,0.6152,10.9839,71.7412,0,10.5256,29,3.2166,1.0399,0
55.6182,3.4019,-0.2919,30.3036,540.5868,111,90.2263,44.605,84.2717,193.2941,0.6118,1.9059,53.4212,0,7.7469,36,3.6905,1.0261,0
61.4605,0.3171,-0.1764,-159.464,636.3873,100,81.779,34.825,67.09,239.1964,0.8789,8.0708,113.4047,0,7.804,28,6.5132,0.8553,0
57.0783,0.3591,0.6046,178.8135,501.7831,88,74.5016,65.2883,102.4382,225.3318,0.7776,11.0951,59.4523,0,6.2464,20,4.259,0.9474,0
52.0448,0.8212,0.088,26.9897,713.0588,95,73.3123,38.4466,105.0858,241.3036,0.6733,0.1435,105.3375,0,9.2511,32,8.8029,0.8255,0
46.8239,0.1806,0.3164,140.3771,439.7298,98,80.6437,63.6096,71.774,308.763,0.8072,6.4219,90.8445,0,7.1903,25,6.3705,0.8503,0
46.7126,-1.098,-0.4931,0.5825,352.8623,80,90.2124,60.3515,44.3744,332.3235,0.9565,7.2932,84.8879,1,7.4363,35,5.1836,0.9392,0
46.7972,-1.6467,0.2885,29.6818,738.8839,122,70.0466,71.3414,48.3994,397.5128,0.8091,9.2964,87.5446,0,8.8274,27,3.3646,1.1481,1
37.0212,-0.0293,-0.0743,-16.3889,452.9867,108,58.6572,32.8864,95.1555,356.5056,0.9761,9.3031,67.9149,0,6.3517,40,4.009,1.0216,0
67.4343,-0.2691,0.1494,-27.8061,588.9887,96,75.9442,41.129,104.0713,495.4743,0.8278,6.6017,107.8309,0,5.3333,25,6.4018,0.8949,0
59.9868,-1.9636,-0.1988,-101.4104,615.2444,97,84.5014,49.9562,62.9921,511.2735,0.6745,10.6311,87.4006,1,9.0863,27,7.2131,0.9023,0
52.545,1.6294,-0.1055,166.3647,812.4069,115,86.7186,43.8395,62.9631,250.6556,0.9354,3.1664,90.045,0,8.5273,37,1.6362,0.9549,0
58.1494,0.107,0.0519,-114.5624,455.4341,99,69.8622,36.5272,45.1096,325.3427,0.752,4.9534,58.4607,1,4.3628,22,2.75,0.9231,0
57.5305,1.4394,-0.2926,9.5055,579.1506,106,82.6971,36.3503,89.1661,302.0316,0.8414,7.9623,82.0647,0,3.9492,30,6.3026,1.0563,0
40.0702,-2.2319,1.1342,-148.6451,382.5519,109,73.6139,24.4071,40.8263,198.1736,0.7572,9.6662,95.7474,0,6.3927,30,5.6088,1.0388,0
56.3675,1.4585,-0.5274,177.6157,427.8157,95,87.3553,34.5512,93.2976,391.6789,0.77,4.0445,101.4635,0,11.6672,23,7.0051,1.0401,0
62.6975,-0.4852,0.2499,20.0435,386.3316,88,78.6812,63.9758,83.831,382.5982,0.6693,4.1452,93.5283,0,5.1113,29,5.2122,1.1269,0
43.2211,1.2592,0.1514,113.25,627.0425,81,88.3838,67.8293,102.9539,370.423,0.8503,5.581,89.3358,0,8.5677,21,6.6861,1.1713,0
34.663,0.2149,0.3805,22.6544,637.9715,111,80.673,55.8886,83.8673,393.8073,0.7264,3.4559,79.9798,0,7.6824,30,6.8433,1.0304,0
38.3796,0.4533,-1.2503,109.7947,555.3291,100,85.0005,45.0877,48.6576,237.7802,0.7403,4.0371,81.1281,0,4.7166,21,6.6995,0.8448,0
49.0366,0.4545,-0.8435,12.3876,383.6383,107,75.5728,47.8697,82.0718,431.154,0.6776,7.5464,99.9295,0,3.8667,27,7.7865,1.1431,0
37.8025,-0.4251,-0.2742,-19.8092,402.3597,95,72.8998,78.2044,111.4408,426.0815,0.737,2.6336,124.3491,0,6.3374,34,6.7985,1.1272,0
48.2799,-0.6465,0.4601,-15.8739,394.722,103,77.1557,67.0933,101.3134,85.0581,0.9285,6.1805,150.1771,1,8.0122,34,2.6212,0.8477,1
43.4529,-0.3612,-0.132,-179.1563,553.5377,104,86.1662,-2.2521,45.41,256.4723,0.9818,11.5679,123.4217,0,12.8052,25,7.9575,1.0262,0
49.992,-1.4719,-0.1524,-46.5642,262.8472,88,105.241,32.958,38.4021,349.9517,0.7759,10.9765,117.6045,0,12.6741,30,12.1644,0.9893,0
44.9034,-0.4807,0.0079,162.6999,440.498,79,92.6014,39.6149,116.3092,586.7327,0.8995,4.6573,132.0724,1,8.8236,34,4.9637,1.1326,0
49.6402,-0.6968,-0.4205,63.2077,299.1352,123,95.1998,80.6243,97.1356,326.3652,0.9638,3.1544,105.2021,1,8.729,29,4.3959,1.041,0
56.0252,-1.4959,0.235,150.9548,575.9555,98,78.9536,62.6476,104.4635,333.9782,0.7013,11.8928,103.7795,0,8.1016,30,5.0033,1.1995,0
40.4194,0.4587,0.096,-107.9055,351.3336,88,74.6322,21.216,111.0267,274.6916,0.6534,2.6051,80.0179,0,6.1718,29,4.8368,1.1006,0
52.8134,0.0077,0.2512,-3.1823,793.7185,93,57.9629,63.896,72.0236,292.3305,0.6973,9.8293,86.3224,0,6.5477,31,5.3696,1.0241,1
41.4775,0.246,0.7581,-167.5865,656.8043,86,74.0191,107.4492,108.6667,454.2064,0.9561,11.4677,95.5688,0,5.6794,28,6.6218,0.8359,0
49.9425,0.6975,-0.1151,63.7388,486.6388,118,66.2051,66.4738,41.7565,311.1825,0.7224,11.9872,82.9632,1,6.2112,43,8.2776,0.8969,0
49.1814,-0.2379,0.0551,102.2459,562.0186,111,87.6862,32.6132,60.5036,449.5301,0.8103,5.2013,65.1703,0,8.7043,32,3.0773,0.9957,0
53.5558,-0.9387,-0.4927,89.2085,570.2586,103,78.0326,80.0346,60.731,278.7979,0.986,5.0862,89.4088,0,6.3337,21,5.7999,0.8112,0
51.8463,0.3039,-0.6263,-148.7628,355.964,92,66.8017,56.6993,33.2186,341.6533,0.7905,8.0612,83.9017,0,6.1911,27,6.1348,0.9555,0
62.3888,-2.9222,-0.0037,-90.89,685.7252,89,85.4664,36.5284,46.8556,119.6488,0.7465,4.767,59.0786,0,7.3234,34,4.2102,1.1755,0
49.7394,-0.1081,0.0515,56.0979,485.645,96,83.1692,50.9763,95.5811,242.7794,0.969,2.8246,132.4222,0,5.6293,33,7.1852,1.0777,0
43.725,0.7652,0.3447,93.2368,384.8126,89,68.6631,45.1595,71.6384,269.7192,0.6426,3.6518,64.3727,0,6.3635,22,5.369,1.0667,0
59.2973,1.0469,0.2877,-81.2842,581.238,104,95.1327,35.9875,83.7003,295.6108,0.8832,1.0176,101.9889,1,6.0765,26,9.8928,1.128,0
53.3098,-0.5294,0.1272,-33.7532,331.5762,91,72.4737,25.6496,85.3762,289.4618,0.7724,2.7985,97.8415,1,6.6412,28,7.6789,0.8483,0
58.8415,-2.2414,0.8424,-53.5442,598.3751,114,85.9657,37.9649,48.9786,284.966,0.9146,2.2198,56.5533,1,13.1871,32,3.4216,1.094,0
48.8003,-2.6333,-0.156,-178.3566,551.4528,109,78.7512,48.9959,113.3861,425.6703,0.7886,5.5469,98.4218,0,8.0663,25,2.9633,1.1254,0
36.913,0.6381,-0.0948,27.5447,402.4978,96,96.4732,65.9051,42.5901,255.1132,0.9323,11.7453,101.8829,1,9.7055,24,9.7419,0.9203,0
72.4391,-0.354,0.1416,60.8806,643.4735,106,89.212,24.4816,30.288,365.3426,0.7723,8.1436,87.4362,0,7.8409,32,6.7325,1.0733,0
43.9736,2.0173,-0.592,-80.4831,605.7958,102,69.0183,22.4104,53.7242,304.5394,0.6621,2.275,88.1339,0,5.0375,27,7.9726,1.1079,0
38.3908,-1.4111,0.344,67.6024,451.7209,107,98.1966,52.1008,75.5983,269.1521,0.7595,10.8975,72.4934,0,9.3181,30,9.2958,0.8083,0
57.1699,0.3423,0.0357,-92.6104,580.8588,107,67.3319,43.4171,45.1037,514.376,0.6524,1.8849,168.2816,0,7.3007,32,4.5299,1.1936,0
40.5485,1.6624,0.0451,77.5909,300.1731,103,69.4071,42.1258,99.6054,362.4136,0.6227,6.3107,87.9807,0,7.2019,33,6.9078,1.0723,0
46.076,0.2065,0.2714,-15.4125,573.7254,111,96.2345,31.616,48.8782,288.1722,0.6969,7.665,103.7143,0,8.1765,24,6.6865,0.8578,0
51.2457,-1.5919,0.188,133.8966,281.1505,104,79.724,32.591,115.8937,362.7193,0.7672,4.3423,79.7289,1,8.4367,37,4.4643,1.0657,0
48.5668,2.7726,0.2055,16.1044,519.259,100,83.1216,27.5517,93.8813,358.8272,0.6521,9.5671,59.6602,1,10.7724,23,4.5153,0.9477,0
46.3659,1.5806,-0.1948,-113.525,603.3885,112,84.2304,14.1675,106.987,291.0471,0.8775,1.6137,88.8276,0,7.6964,31,7.0956,0.9462,0
65.8969,-0.2272,0.7847,115.9241,550.763,98,69.2328,56.7467,79.3398,202.1676,0.8533,6.3159,71.081,0,5.4824,36,3.3849,0.9071,0
48.8854,0.819,-0.7311,99.9643,733.0065,97,98.8058,59.8923,79.806,262.0274,0.9217,4.0596,113.7094,0,7.9378,36,4.9304,1.0432,1
41.0057,0.8297,-0.3428,-149.6779,380.9901,95,101.9449,83.2706,117.7307,-8.7672,0.6968,0.1297,83.1441,0,10.2299,31,6.7962,1.107,0
59.7695,0.6418,-0.2763,-162.7054,561.3097,101,61.316,61.7959,40.5413,237.8211,0.7513,5.6333,92.5257,0,8.4217,29,6.1137,1.0198,0
42.7746,-1.3817,-0.3603,-130.9352,180.1409,108,75.5013,49.2927,82.2771,365.8888,0.8636,4.7984,32.9551,1,7.8981,34,7.9996,0.8335,0
48.9093,0.3242,-0.8733,124.3134,423.1729,103,86.7986,59.48,36.1265,329.7431,0.7626,2.1604,106.6808,0,4.9487,22,6.1567,1.001,0
40.9537,1.4607,0.822,-64.6623,454.6021,108,78.8819,42.5304,119.1185,273.3596,0.7536,4.5601,117.177,0,9.9098,31,6.9384,1.0719,0
52.1143,0.5045,0.3213,1.7105,735.1042,107,74.5669,32.9498,86.7686,347.9611,0.7388,2.0138,87.6286,0,11.3292,28,4.6949,0.8626,0
50.3978,0.3972,-0.3157,37.0679,496.4583,86,85.6186,62.9622,37.4566,396.6183,0.7987,5.2923,116.9108,1,8.5558,26,6.1021,0.9803,0
49.7099,-0.5368,0.3486,87.6533,636.9657,100,86.5972,56.2806,55.7437,312.9816,0.7632,5.0757,113.0269,1,8.6346,37,7.0261,0.9852,0
51.5002,-0.904,-0.0803,118.7839,364.3393,92,96.9202,24.4642,110.1933,274.1934,0.8189,7.3669,114.1226,0,8.7542,27,5.6274,0.8072,0
58.178,-1.5725,-0.1455,5.7116,450.0627,97,62.6581,49.2402,37.3359,276.7061,0.9948,3.3113,90.9241,0,8.3752,25,2.6423,1.1425,0
57.0309,0.7575,-0.48,-30.3265,374.491,96,69.9151,33.3595,54.6726,211.4424,0.7942,2.3795,73.3288,1,5.6895,32,8.1961,0.8579,0
39.6059,-0.2209,0.0086,-109.461,350.9267,94,72.4602,68.4026,75.4445,381.0653,0.91,8.5747,43.4763,0,6.1847,28,8.9969,1.0364,0
43.2535,-1.3414,-0.3162,38.7073,361.214,99,103.9678,41.4551,118.4318,507.8067,0.8674,9.4308,77.9804,1,8.1447,19,3.3117,1.1632,0
59.2437,0.9764,-0.4861,17.9557,407.9097,89,95.0996,84.1529,48.7468,173.8745,0.8228,0.6159,94.3415,1,4.9629,26,8.4295,1.1603,0
42.1717,-0.5869,0.4778,-75.1823,806.4106,108,82.7508,73.5848,101.3132,245.8779,0.8955,6.2699,73.571,0,9.9164,32,8.392,1.0899,0
54.919,-0.8579,-0.4111,-19.3667,491.2265,126,79.1584,28.1772,60.8576,331.0419,0.8549,5.7603,79.2946,0,5.4471,41,6.3441,1.1282,0
58.3948,-0.4962,0.7023,86.2744,297.0828,116,84.4085,36.664,30.8337,269.4787,0.627,5.2567,88.2772,0,10.907,34,4.282,1.1815,0
33.5842,-0.1931,-0.3573,45.7488,421.3571,100,91.7463,63.4387,100.3957,362.8716,0.8983,0.2734,82.6906,0,8.704,25,3.0966,0.9764,0
45.9366,0.458,-0.7515,-6.5733,652.4813,105,77.4665,51.1146,74.0865,213.6822,0.962,6.5115,105.9816,0,5.8014,28,7.5081,1.1789,0
58.1503,-0.8753,0.2625,-81.9661,394.7424,112,82.7376,44.4008,73.1919,93.5352,0.922,7.6619,120.0203,1,4.6228,26,3.5954,1.1778,0
48.5303,1.0104,-0.2234,60.4816,723.143,98,76.6315,51.1076,90.6293,394.0818,0.7518,9.8498,108.4938,0,10.0525,23,5.2759,0.9311,1
45.9582,0.4842,-0.7904,45.9569,654.4452,109,66.0464,47.5064,88.5523,376.9573,0.961,9.3184,88.3164,0,7.5573,36,9.8296,1.1046,0
58.3111,-0.5147,0.1274,-15.0359,470.8503,104,62.1046,70.1471,89.0646,385.7506,0.6406,2.589,53.2675,1,5.8604,28,4.2192,1.0882,0
61.0391,-0.1598,-0.653,-94.1313,401.6019,105,73.0903,44.3014,59.3064,496.2857,0.7524,11.188,63.3165,0,12.9331,34,6.3147,0.8365,0
43.2159,-0.4226,-0.9946,-117.0445,357.3814,104,76.2749,59.3729,82.2429,252.1483,0.602,0.9678,121.4279,0,9.1346,18,7.2462,1.1415,0
67.6713,0.0659,0.3385,-57.8162,528.8598,118,84.3665,59.2783,108.9922,485.4741,0.7438,6.6078,93.4125,0,8.3481,29,7.6971,0.8685,1
32.1578,1.5199,0.7445,147.1374,562.247,88,82.6855,74.8689,110.3787,452.1306,0.6165,2.6714,62.7084,0,5.9778,16,6.0633,0.8982,1
34.9289,-0.4329,-0.1974,91.3992,701.0021,98,66.0895,48.5888,66.4347,270.4906,0.9002,8.1838,53.7875,0,9.4442,36,5.8597,1.0401,0
45.4562,0.1895,0.6058,140.7851,553.52,106,80.0943,53.1361,50.9871,183.5623,0.7092,9.7602,23.4484,0,8.0534,28,0.9299,1.092,0
46.6547,-0.6986,0.401,123.3356,447.1432,98,74.5403,57.4814,36.7477,202.0702,0.8201,9.7637,79.753,0,7.3594,40,1.6058,1.1168,0
47.1124,0.532,0.3336,-14.8023,706.1545,99,77.5057,37.02,107.1982,368.4021,0.8367,3.2054,125.6871,0,9.7512,27,4.3865,0.9462,0
44.6549,0.2764,-0.0849,10.9593,622.89,98,80.8028,46.8367,44.8857,194.7765,0.7234,4.9024,119.5367,0,6.7699,26,7.7641,1.0071,0
42.7439,1.3296,-0.2981,-118.949,396.851,92,92.8103,31.8292,58.5304,323.1764,0.6982,4.3394,96.5273,0,7.1572,29,6.8096,0.9747,0
47.7969,-0.8292,0.1721,79.514,487.5359,83,75.3994,63.7435,103.0695,278.3009,0.8204,1.0939,129.5357,1,9.8493,39,6.1927,0.8894,0
44.1015,0.6906,0.324,-28.0984,599.0689,105,96.7826,81.3357,100.5127,325.9982,0.6957,9.5924,114.6819,0,8.9716,25,7.4693,0.9139,0
56.8193,1.2641,-0.6303,-121.9432,545.7338,91,66.9995,11.818,69.0972,391.6895,0.6629,4.1597,52.3981,0,6.9717,26,7.0752,1.0562,0
50.3061,-0.4376,-0.1621,-145.6723,348.8215,115,71.2251,69.9604,92.4274,340.6094,0.8978,5.0367,136.6268,0,12.3158,33,8.6476,1.1279,0
47.7884,-0.127,-0.0947,70.6085,526.3797,101,79.0376,49.1181,51.475,387.0259,0.728,8.1571,82.2287,0,9.7151,27,8.0576,1.0492,0
49.2788,0.1907,-0.1411,-6.4069,398.654,92,68.3088,75.2484,113.69,492.2309,0.7791,7.5256,63.6554,1,6.0593,28,4.9306,0.9962,0
61.1416,-0.2366,-0.3376,-176.7617,509.5248,97,66.804,55.2059,115.652,108.3957,0.9649,10.0401,79.1648,0,6.7665,25,6.8443,1.1075,0
45.1659,0.1773,-0.6663,116.8256,305.0503,107,80.7354,69.4214,114.7932,327.7614,0.6509,5.2854,92.4509,0,7.0011,43,8.1453,0.8453,0
37.2661,0.6734,-0.1521,43.0064,366.364,87,66.7543,47.9044,86.0738,295.6861,0.6257,10.6662,94.6123,0,8.7394,31,6.5285,1.0333,0
40.2264,-0.114,-0.1389,-166.1845,814.796,89,70.404,50.9578,36.4337,301.1285,0.7719,11.8607,93.6563,0,9.9971,31,7.2767,0.9986,0
47.6698,-0.1218,-0.2364,-70.3135,436.0644,87,79.1757,69.2631,85.2145,94.9463,0.8459,4.2322,91.7099,0,10.8073,24,4.707,0.8893,0
54.815,0.2667,0.3247,80.066,667.0185,109,97.0291,99.0605,67.9635,321.6716,0.7862,1.9653,75.6788,0,4.4096,27,3.4345,0.9227,0
58.7981,-0.3992,-0.6843,-158.7493,481.12,101,78.0804,39.4512,65.5673,249.47,0.6034,2.0128,88.6657,1,8.2923,24,4.3616,1.0964,0
66.4864,-0.3497,0.1402,85.0509,319.5621,118,81.3045,52.3107,32.5196,370.4181,0.7623,4.6424,110.5825,0,7.8222,34,8.4015,1.0085,0
57.3916,-0.8989,-0.8969,1.7623,338.004,107,68.503,35.5095,108.6642,556.8888,0.7924,4.9608,82.842,0,9.634,28,5.422,1.1446,0
41.1705,-0.0421,-0.0331,101.8287,381.0558,102,69.5163,45.2215,107.1941,189.9606,0.9787,11.5466,98.8108,1,9.6384,30,5.0231,0.8173,0
47.9677,0.4477,-1.1278,127.8853,821.8601,86,57.0783,39.7353,59.1469,336.4679,0.6306,10.2764,27.8427,0,9.9245,25,6.0134,0.9491,0
28.3634,-0.2691,-0.4449,96.393,465.3329,100,70.1635,30.0483,117.9878,121.078,0.8753,11.6941,79.6272,0,7.6443,36,5.6012,0.925,0
46.8846,-0.7735,-0.011,-151.893,527.1599,105,87.6494,60.1556,42.22,314.8056,0.7578,6.9153,140.6164,0,11.0209,18,2.3928,0.9059,0
43.9489,-0.0962,-0.7125,-14.2655,602.2679,95,74.2501,54.0716,105.1662,394.9576,0.9494,0.4403,100.9097,0,6.5034,35,7.2662,1.0549,0
26.8697,0.3971,-0.7093,-65.2552,575.6887,111,81.5096,32.1043,85.9602,348.3791,0.8638,4.0452,24.9198,0,11.1883,26,6.1591,0.9898,0
71.0754,0.128,0.4909,3.0573,629.7484,91,82.232,26.7061,73.7175,436.3058,0.7575,10.3258,83.5297,0,10.1532,34,7.4148,1.1346,0
46.2202,2.2295,-0.7978,167.6887,421.1874,82,87.3604,67.3535,116.7149,366.9462,0.8558,6.4484,97.3661,1,5.9192,29,6.027,0.8263,0
28.9279,-0.6564,-0.0594,-135.2174,322.4244,98,96.5953,40.1105,82.4746,125.3524,0.7786,7.4435,114.1562,0,4.4536,31,6.1326,1.0096,0
47.2586,-0.1503,0.738,131.6154,358.3174,88,86.0707,94.8623,105.0367,487.9528,0.887,7.4024,131.2679,1,7.4418,31,6.0262,0.8853,0
66.5077,0.7793,0.0712,176.7071,270.2204,99,77.6169,48.3114,50.8987,151.859,0.9161,11.6851,141.2818,0,4.6592,39,8.898,0.8881,0
69.071,-0.6947,0.0145,176.4079,421.974,93,87.968,50.8763,32.9023,484.8291,0.8774,6.4124,102.1391,0,5.9685,19,5.6806,0.8101,0
50.5837,1.9282,-0.3568,106.8081,-58.9212,100,83.0408,45.4648,49.0065,367.9104,0.7494,8.4017,86.0802,1,7.152,37,6.1101,0.9091,0
50.9638,0.0046,-0.3551,-12.391,608.6898,85,57.6169,21.7949,118.9506,336.5229,0.6139,1.1667,92.4375,1,4.7241,24,9.2607,1.1096,0
62.2559,0.5611,-0.0839,-115.9198,585.8139,99,68.006,21.7435,80.5193,472.3794,0.6553,5.358,95.2679,0,3.6066,26,5.267,1.0789,0
48.4949,0.019,-0.9983,38.9567,353.6797,94,77.7506,77.7452,105.7697,358.3276,0.7855,10.6905,43.553,0,8.289,38,6.4668,1.0143,0
54.6028,1.0186,0.5064,39.7342,293.4707,97,74.1484,76.755,91.6482,397.531,0.8341,8.6443,67.8566,0,11.1649,17,4.198,1.1192,0
58.3959,-1.0628,0.1038,-66.0836,729.188,99,78.7701,30.3154,43.8999,319.4063,0.6374,5.6626,87.0722,0,10.0066,22,3.4677,0.8529,0
39.2406,1.5718,-0.8739,42.056,644.9728,98,55.7347,59.9604,40.2313,237.4111,0.7852,8.8207,101.4708,0,2.0316,23,4.8471,0.9123,0
65.3677,0.2317,0.513,-138.043,461.3931,89,88.4124,76.6512,73.6844,195.6569,0.7145,1.5006,103.1506,0,6.8768,36,4.149,1.2004,0
41.2031,0.6585,0.3396,48.243,398.7325,85,79.4994,23.489,114.7896,510.8622,0.6273,9.6578,85.2701,0,7.8878,25,8.356,1.0956,0
43.6621,-0.7384,0.2195,142.8201,505.7059,104,92.1626,49.7727,41.975,452.5199,0.7414,9.6641,62.1554,0,10.3087,24,7.1346,0.9684,0
50.9982,0.3372,1.1181,-10.0565,283.8658,87,80.2575,39.4981,75.1727,287.4906,0.8533,9.3633,59.8228,0,8.1965,31,3.2735,0.9732,0
59.396,-0.968,0.0482,95.2427,543.945,112,82.0108,53.3017,98.3817,238.0245,0.9104,6.5772,107.5807,0,8.078,27,3.1468,1.0449,0
56.774,1.1756,0.7651,48.8306,319.6826,100,69.6418,74.653,37.1058,460.694,0.9047,0.4396,86.1795,0,8.4971,23,6.2378,0.81,0
49.506,-1.2898,0.0128,-178.8969,141.3689,108,67.9485,57.9608,66.628,394.7748,0.8042,9.7244,101.3109,0,3.3497,30,8.2857,1.0905,0
52.8417,0.1542,0.2262,-136.0806,377.9251,94,81.3271,61.7951,78.2411,408.2483,0.638,0.6116,57.1804,1,6.2691,34,4.3505,0.8306,0
60.7329,-0.3884,-0.2767,98.9407,347.7375,96,80.0221,5.623,39.8665,432.5419,0.8383,11.5704,131.6627,1,8.8463,32,7.3348,1.0071,0
50.0839,-1.5626,-0.9427,-165.4369,771.0372,87,63.5828,63.9994,89.0554,420.5079,0.6205,7.7161,113.7337,1,8.4166,17,10.0827,1.0567,0
41.8794,-0.9354,-0.9133,164.2492,751.2047,99,89.4009,49.2821,96.4883,496.2784,0.77,0.1928,61.7647,1,4.368,30,8.4574,1.0498,1
43.9707,0.4496,-0.0422,141.8674,332.5513,94,80.4995,93.1836,87.5538,385.0598,0.8636,1.2775,58.1585,1,7.0034,25,9.5004,1.1685,0
59.0928,-0.8966,-0.1186,-49.545,484.9862,89,74.9389,61.9871,36.6739,168.116,0.6494,7.5857,87.3904,0,8.8571,37,7.864,0.895,0
41.8876,-0.6692,-0.59,-68.2618,401.5543,101,71.3039,43.4674,30.5893,266.5006,0.8486,11.9735,40.9068,0,6.8964,29,3.6413,0.8815,0
34.3216,0.3733,-0.1386,40.6554,775.6709,113,87.5645,87.7348,101.8677,350.5064,0.8692,1.0751,150.3956,0,7.8797,27,6.8758,1.0764,0
46.9581,0.9148,0.2251,40.2453,226.9729,103,73.0423,48.5634,74.0968,333.7484,0.9562,0.8134,61.8514,0,4.1579,29,5.4647,0.992,0
49.2465,0.6608,0.6455,-147.9481,569.768,87,82.362,55.5081,80.8668,381.0284,0.6867,8.1198,116.3515,0,8.9501,29,6.2435,1.1114,0
58.605,-0.0466,-0.3461,-102.4612,691.6972,106,78.3172,22.3402,111.6278,304.3506,0.9277,7.4534,107.9835,0,8.7374,34,5.7767,0.9893,0
35.4222,0.2176,0.1965,49.128,418.149,105,74.6968,37.3784,80.3248,155.1124,0.7376,10.4225,154.5773,1,6.8006,28,9.7525,1.0411,0
53.4647,0.1187,0.8696,108.2774,503.5407,89,67.0197,35.6252,52.8219,329.8213,0.7552,10.3498,64.2569,0,7.87,35,6.2631,0.8146,0
61.5126,-1.0364,0.375,-110.8791,657.9644,114,93.0124,46.3495,70.2848,119.851,0.986,7.5804,111.4248,0,6.2408,31,5.2287,1.1049,0
41.8265,0.2794,-0.3847,72.6956,333.9599,126,69.9486,25.6183,73.6337,129.8867,0.8033,3.5987,59.3467,0,5.4548,32,7.473,1.188,0
50.8164,-1.0453,0.0507,133.3711,595.4814,99,71.3839,15.587,91.3551,353.2979,0.948,8.2923,82.1505,0,8.338,26,6.4677,0.8551,0
28.4941,0.6143,0.0924,-137.5901,267.7376,101,93.3875,52.1312,61.6583,207.4739,0.8795,2.2112,20.4497,0,5.9348,28,6.3801,0.8851,0
58.7316,0.1351,0.3187,-21.9228,260.6974,91,78.981,20.64,105.5797,257.6298,0.7676,1.2286,89.2587,1,8.4399,35,4.9634,1.132,0
57.956,-2.1642,0.0195,126.2,627.5903,124,83.1992,64.5569,78.2207,349.8205,0.6173,8.3317,57.7947,0,13.0784,31,5.8844,0.8395,0
49.8002,0.9791,0.2418,-46.5743,354.9563,107,95.1409,89.4093,79.1144,245.096,0.7971,5.0917,9.5097,0,7.8914,32,7.9284,0.8657,0
36.7272,-0.522,0.5098,-82.9954,526.9007,107,94.8972,54.5446,98.3869,341.5209,0.7498,9.0332,65.6037,0,8.5336,35,3.7956,0.8655,0
56.6688,-0.6048,-0.5259,88.4213,323.2809,86,74.511,55.2613,37.3823,419.9306,0.8099,0.9385,85.393,1,7.9616,20,8.0715,0.9329,0
47.55,0.9559,-0.6603,-35.7199,542.091,105,91.5196,5.5828,109.9289,215.9274,0.8924,11.9003,89.1343,1,4.0241,36,4.7493,1.0374,0
22.1962,-0.1633,0.3044,74.2722,251.132,101,63.9657,62.4879,47.5008,244.2895,0.8149,6.1731,83.762,1,6.6899,31,6.083,1.0194,0
57.7821,0.5974,-0.0766,-134.4992,694.3457,106,62.4176,48.4949,59.9515,363.5431,0.8685,10.7079,81.2206,0,3.0286,37,6.6421,1.0434,0
61.6362,-0.6534,0.4316,19.2639,622.0134,90,80.445,59.5779,38.25,256.4768,0.8798,5.772,137.5007,0,9.2771,30,5.5378,0.8398,0
63.3931,0.8037,0.5438,-43.3941,409.8073,106,79.1559,26.5826,72.3985,362.9231,0.9118,2.9499,52.5401,0,6.3182,27,5.7686,0.8858,0
37.23,0.1972,-0.9252,179.0298,220.5483,94,86.4755,44.6461,60.4374,351.5058,0.8599,3.8612,95.7454,0,7.1465,30,4.3156,1.1602,0
30.8321,0.4049,-0.4185,32.9009,469.2962,99,85.4257,74.6205,49.448,267.0948,0.9523,10.7745,82.0965,1,7.2242,26,6.6972,0.8177,0
45.8961,-0.1785,-0.0626,65.5795,446.2495,103,86.9161,34.7572,45.8949,432.7966,0.72,8.4081,60.7079,0,7.6683,31,8.2867,1.1473,0
55.1786,1.6298,-0.5119,-132.8274,418.3428,99,96.0232,43.5192,42.5829,180.0604,0.9343,2.2976,86.5997,0,10.4868,31,3.0186,0.824,0
40.5721,1.8704,-0.2365,177.1089,657.5946,103,99.6287,68.0446,35.7152,361.1048,0.8527,4.2115,119.304,0,4.8503,38,7.4456,0.9875,0
34.0897,-2.2037,-0.6393,-161.4944,682.0294,102,88.7759,63.9252,49.3752,88.4739,0.8453,0.3942,102.835,0,7.2967,31,5.311,0.9157,0
57.2457,0.9264,-0.2193,-154.4988,564.1339,105,79.7823,71.1358,30.3575,309.356,0.6745,7.699,112.4465,0,3.938,43,6.394,0.8468,0
46.5479,-1.0797,-0.483,-152.7353,723.5886,112,77.9447,35.7172,37.3748,306.0541,0.9376,4.471,82.7226,1,9.3157,24,5.3526,0.8426,0
56.2259,0.5097,0.1723,133.4162,79.5257,90,79.855,46.8803,117.0043,179.483,0.8406,0.6566,83.5965,0,4.7346,35,6.0047,0.8101,0
50.158,-1.7777,0.4512,82.2922,454.3869,91,74.2594,32.039,66.1688,453.4304,0.6723,9.8951,57.8689,0,9.2159,29,3.7616,1.1667,0
48.3389,0.4032,0.2044,170.2991,447.236,98,89.2364,30.8234,112.6514,190.3848,0.6199,5.187,120.1602,0,8.3499,36,9.7891,0.8608,0
49.3586,-0.8362,1.2989,-156.0383,626.3152,110,90.4071,30.9351,65.9625,266.2384,0.7946,8.968,79.5988,0,6.5923,38,3.0937,1.0467,0
46.4155,-0.4588,0.4694,69.0032,452.2354,94,73.656,49.1877,100.1176,418.0436,0.7131,7.2073,89.0093,0,10.1952,27,6.0185,1.0101,0
45.4146,-0.4321,0.4507,11.9769,583.3148,114,78.3458,81.7412,92.9381,322.5836,0.7187,5.6427,71.8584,0,10.1613,26,3.6154,0.9414,0
38.9872,-0.7346,-0.0411,50.089,427.7572,85,62.3113,75.3834,44.599,261.3041,0.6308,1.2546,151.2366,0,7.3935,28,6.8414,0.9658,0
54.8335,-0.7074,-0.1534,4.6499,398.8954,104,79.0936,60.7958,72.122,240.1153,0.6894,7.5535,120.1122,0,7.7599,23,2.5543,1.1765,0
62.4754,-0.398,0.6366,63.1249,620.1608,94,80.3851,31.7585,40.9477,302.1131,0.987,6.6801,94.9944,0,5.4797,21,6.7203,1.0445,0
44.9952,-0.1539,-0.1265,146.5413,499.7252,90,68.9272,29.5976,66.5411,261.0523,0.8239,11.8588,87.8225,1,10.7449,29,4.9003,1.1193,0
68.661,0.3231,0.0175,31.4906,546.0666,99,74.7209,44.2195,55.4255,311.5856,0.8141,6.9927,88.1044,0,7.898,25,5.3499,0.9496,0
53.7658,1.8607,-0.0861,142.7097,313.9557,91,68.4684,58.1802,85.5564,235.3297,0.8023,6.5082,115.1025,0,11.2719,37,6.6039,0.9545,0
52.5817,-0.9469,0.27,101.5784,601.6749,94,64.2556,61.1605,97.0323,388.6742,0.9076,11.2908,81.36,1,10.9133,35,7.1801,1.1069,0
56.5502,0.1267,0.4458,131.3727,338.4381,108,94.8176,54.7947,112.2416,236.7995,0.8704,5.7537,119.0792,0,7.6311,33,7.6333,0.9631,0
59.7511,0.7727,0.5322,57.3303,756.9747,103,64.2803,48.1382,34.3116,150.9221,0.6767,2.3783,67.8328,0,4.817,31,3.8899,0.8165,1
45.4543,-0.7089,-0.1519,6.6981,461.5261,87,81.1409,54.2784,96.8845,581.7226,0.8005,4.716,115.8671,0,8.1511,28,7.5954,1.1218,0
55.5482,-2.2573,0.0911,-154.9604,437.8956,92,89.7594,38.9864,41.4501,400.1756,0.8836,3.4898,90.2151,0,6.394,20,6.4244,0.9609,0
60.4663,-1.9093,0.1657,120.5649,633.8281,96,94.2171,21.155,108.1569,232.7036,0.7803,6.0881,40.1136,0,7.6557,40,8.4479,0.9932,0
46.2062,-2.2205,0.7321,-92.8761,492.2441,95,69.3875,44.2123,88.461,211.5706,0.8168,10.5943,153.6444,0,9.6766,22,4.18,1.0429,0
50.0474,1.5401,-0.8931,-166.802,607.6244,89,92.7796,53.6615,111.1952,368.7369,0.6325,0.0973,68.7764,0,11.0825,32,5.1108,0.8228,0
42.3274,0.6142,0.0057,6.8656,455.1646,90,81.6135,47.4432,41.6695,235.4067,0.6048,6.3452,89.184,0,7.0809,30,4.4341,1.0225,0
45.0695,0.756,-0.3215,47.7056,607.0287,108,85.73,19.5084,73.5669,403.9159,0.9075,6.8394,75.6561,0,13.3749,27,7.134,1.0074,0
46.5031,0.9814,-0.2663,58.2593,488.5339,94,97.5954,45.7515,74.3445,351.8847,0.91,3.3794,45.3483,0,5.8452,27,7.5829,0.8264,0
40.958,-0.5755,-0.4252,61.0977,630.0278,82,86.11,37.7373,96.7124,329.0272,0.8035,6.4716,75.6021,0,6.9622,43,7.6279,0.9742,0
49.3705,2.303,0.2696,55.3401,672.6119,99,70.7151,76.7248,117.2937,318.9612,0.9261,10.735,56.5707,0,10.3949,28,6.4824,1.0947,0
53.3083,0.3355,-1.2254,110.9492,262.3161,109,59.4476,61.2333,31.1753,446.1291,0.9127,10.3662,126.0254,0,6.0322,37,5.9641,0.9657,0
54.2795,-0.0728,-0.0692,96.9702,553.6687,103,86.3982,-10.2429,88.5306,279.9645,0.7431,2.383,48.0849,0,10.2456,38,8.4086,1.1907,0
41.9153,1.11,-0.9108,112.6202,774.4451,114,84.0714,51.0123,33.6742,314.0967,0.7963,6.2661,89.4046,1,8.4263,32,3.8769,0.926,0
43.9368,0.6673,-0.3463,-14.3056,592.6674,123,72.0534,27.2655,67.9964,224.3118,0.7897,8.7782,98.2725,0,7.1098,30,3.5407,0.9913,0
58.5092,1.335,-0.1069,-157.3853,865.7725,86,81.8347,20.9451,106.4385,360.5037,0.6078,11.4215,51.9704,0,10.6071,26,7.6934,0.8954,0
43.9127,1.3938,-0.2028,50.2475,360.7719,103,66.4456,4.206,80.6211,213.6434,0.6001,9.0095,91.8205,0,6.4125,26,2.7107,1.1385,0
58.2419,-0.3532,0.3406,-104.3227,538.6811,104,83.5967,67.5333,106.4788,422.1086,0.9354,7.9329,50.8196,0,8.706,27,9.5944,0.8739,0
42.6754,0.187,0.6248,129.4278,573.1483,100,66.5996,70.2629,87.7882,431.8327,0.9911,2.932,61.974,0,11.3018,34,6.1636,1.017,0
53.77,-0.9092,0.9791,79.7997,420.9696,90,92.0965,20.0028,111.5002,133.8512,0.9025,6.0834,63.3688,0,4.6404,30,10.1718,0.961,0
57.5235,-1.6283,-0.0038,95.7132,314.6541,109,101.008,72.3808,101.2907,402.6299,0.6286,4.7658,122.4969,1,7.8322,33,4.5072,0.974,0
23.5031,0.8368,0.5805,-76.888,825.4711,111,82.89,92.0537,95.1843,175.8044,0.8435,4.8452,111.3701,0,11.4876,39,4.978,1.1133,0
58.6847,0.957,0.732,47.8995,668.3306,105,83.8761,45.8687,96.936,256.7954,0.8504,3.0252,39.0448,0,7.7762,35,7.0161,1.0805,0
63.0407,-1.9822,-0.2381,10.1102,583.6805,101,85.8765,31.933,80.9502,297.7512,0.7076,4.0082,87.9807,0,5.8805,33,3.0642,0.9213,0
46.9109,-0.7172,0.6165,-83.3573,507.1809,91,82.769,48.543,106.439,254.8832,0.7949,8.9302,98.9293,0,12.0297,31,4.8712,1.0621,0
53.4574,0.0561,-1.0878,112.4012,521.058,94,69.035,73.374,71.9175,264.3827,0.6051,4.7786,107.6579,1,9.8147,41,4.5459,0.9312,0
41.6088,0.1514,0.1489,17.985,594.2046,86,94.1296,76.3199,35.9297,380.9735,0.7873,0.7572,124.2541,0,8.2602,24,4.4853,0.8209,0
53.6348,2.045,0.8027,-111.3162,716.3521,100,84.5017,49.2963,97.4532,407.0384,0.7078,0.5958,133.8632,0,8.3367,32,7.2538,1.1872,1
74.6105,-0.6269,0.0497,-70.111,393.9658,105,85.5996,31.6214,96.4402,288.581,0.6868,2.4293,94.9437,0,6.0785,31,3.9773,1.0176,0
28.0326,-0.1713,-0.0952,-98.2413,515.8473,97,90.0871,54.8596,42.1732,299.7444,0.9898,2.6909,165.2945,0,8.7759,25,6.828,1.1205,0
44.9929,0.6499,-0.0977,-67.536,444.5024,123,89.6505,48.0497,52.4927,363.1186,0.8692,11.2986,58.0197,1,11.7891,26,8.7992,1.0903,0
57.9675,-0.3502,0.7342,-112.2591,341.4658,118,92.3444,52.383,52.0575,194.725,0.957,6.9599,89.8318,0,7.0233,30,6.566,1.2024,0
62.6158,-0.505,-0.7958,-46.39,407.9459,110,84.544,42.2654,83.3115,303.7983,0.6582,9.5944,95.2293,0,8.7266,32,5.8949,1.0656,0
36.1758,-0.5871,-0.1955,69.8339,532.4428,97,71.4072,53.8345,80.2321,277.6453,0.6918,1.1632,51.2038,0,10.0414,38,4.1192,1.1925,0
43.6181,0.233,0.4212,165.3478,455.1052,91,84.1683,12.7201,40.7299,328.2144,0.9707,1.4639,97.0961,0,8.006,31,2.6395,1.1534,0
44.1968,-0.1757,0.1589,-104.207,504.0925,101,79.7481,57.1776,69.5054,183.3569,0.7124,0.8799,48.8418,0,6.2545,29,7.0893,0.9222,0
43.47,0.6825,0.5934,-72.0613,608.6957,84,71.2514,72.728,32.2259,336.4901,0.9517,7.5924,136.3995,0,7.0192,21,6.8865,1.2028,0
48.8383,0.3575,0.3411,-179.2247,673.262,118,94.5157,46.1963,44.1351,328.3648,0.8957,6.9459,29.7551,0,7.3753,34,8.3659,1.0901,0
35.7131,-2.9154,-0.2359,-98.8903,898.0715,101,78.4987,52.5147,36.2161,497.9486,0.6151,4.6177,39.4882,1,6.6926,28,7.1401,0.9227,0
47.4547,-1.7515,0.2907,-29.3573,615.6864,88,82.2833,17.8863,74.4449,170.6546,0.6608,0.9273,86.165,0,9.2425,33,6.478,0.8095,0
40.6385,-0.5008,-0.6598,-13.7745,407.4654,111,72.7173,60.4064,35.6159,531.4808,0.8231,5.2136,42.5568,0,3.0672,32,7.2108,0.807,0
49.3115,0.98,-1.0086,-84.1207,665.409,95,79.4563,68.5401,115.6143,492.3608,0.9668,4.6787,28.3835,1,9.0788,23,5.7718,1.0299,0
42.9487,-0.6517,-0.3058,-125.8837,452.3168,81,89.3061,82.8177,86.3627,428.3318,0.8305,1.1923,93.8454,0,6.5388,20,2.7916,0.8179,0
48.3096,0.3746,0.0399,22.7051,395.123,99,100.4597,2.5068,99.4595,249.4921,0.8795,4.2255,42.7097,1,6.4884,32,5.3961,0.9515,0
39.6356,0.5985,-0.4058,-32.6919,593.4225,89,65.3981,60.5704,67.0682,398.411,0.8695,10.0488,81.8517,0,7.1728,15,6.145,1.0315,0
59.527,0.5403,0.0872,-26.5443,712.0611,115,80.2222,15.2033,115.4378,127.3037,0.6456,10.7483,67.2116,1,4.3821,37,3.86,0.8559,1
46.744,-0.5474,0.0293,142.193,409.171,91,48.6955,57.8232,99.7441,96.3153,0.9318,2.9962,123.2952,0,7.002,32,7.8725,0.8139,0
50.1383,-1.1481,-0.9301,22.1194,547.31,106,75.7079,38.9129,58.1672,242.3731,0.8928,3.4175,90.9458,0,7.1927,26,5.8661,1.008,0
48.5418,-1.3122,-0.2698,-40.1978,568.4525,102,81.1725,60.0108,40.8884,202.7572,0.728,3.4244,91.8985,0,9.4746,29,2.3019,0.8064,0
50.0723,2.9709,0.4705,-88.6357,357.7154,92,81.6308,58.6193,71.3833,103.5091,0.7843,7.5161,74.7906,0,7.4715,28,3.7586,0.8565,0
50.0219,0.4554,0.2433,-25.7048,285.2834,110,96.3789,51.6606,79.5359,462.0179,0.792,4.4904,93.1801,0,5.6745,36,9.2009,1.1201,0
58.0514,1.8406,-0.3482,130.2726,289.5719,113,77.7273,40.8703,77.8483,228.4389,0.9177,8.0384,88.2923,0,7.9764,28,7.2523,0.8991,0
47.1393,-0.8331,0.3095,167.436,691.8274,96,95.6185,53.2386,114.6352,346.5189,0.9809,0.0836,46.1972,1,8.43,29,4.3601,0.8846,0
42.8021,1.2483,0.8776,-44.1969,430.4222,93,82.4693,68.7712,92.4966,581.3867,0.9431,7.3991,48.5177,0,6.9394,25,7.4979,1.0368,0
50.4172,-0.4768,-0.2122,-104.7664,405.4583,74,74.8957,55.3498,71.8625,288.7869,0.7915,4.6205,57.4599,0,10.3639,24,6.5574,1.061,0
43.871,-0.0289,0.3707,149.2271,547.7681,103,81.9065,65.8104,94.1106,171.4893,0.7352,7.5285,65.0653,0,5.823,33,8.9499,0.9875,0
49.2509,-0.2864,0.2918,-128.0027,695.1221,99,81.2898,22.2249,61.3038,486.6727,0.6924,10.9905,72.3734,0,8.0036,23,11.0416,1.1802,0
39.4797,-0.8794,-0.2387,-72.9413,325.2951,103,81.9871,51.2842,101.9346,285.3297,0.8746,11.5488,68.9244,1,8.9241,38,4.2446,0.8174,0
60.4978,-0.8642,-0.5664,-106.5075,216.7722,98,73.0249,40.3151,109.3736,384.8702,0.767,6.6102,87.4815,0,9.8467,24,5.9658,1.1844,0
42.1947,-0.0391,0.8253,23.6987,721.3365,90,72.9036,65.5497,115.2365,27.9758,0.6569,2.1214,81.9292,0,5.7958,30,9.7825,0.8604,0
61.994,-0.5871,0.5443,-32.8892,577.0691,106,91.3552,60.6193,33.0753,329.6841,0.6197,11.1162,94.0329,0,8.9521,29,7.6772,1.1893,0
49.3887,0.1267,-0.139,-76.6201,339.0946,99,90.5488,39.7264,56.0487,293.8456,0.8329,5.7649,74.5762,1,8.5965,29,3.9908,1.126,0
58.5615,-0.8378,0.6068,96.4541,434.2542,91,71.7129,53.0725,44.8806,263.288,0.9494,4.3341,75.8406,0,6.0614,28,9.3443,0.939,0
42.3269,0.7075,0.2774,59.082,349.6451,97,78.6526,47.1908,90.0097,396.8249,0.7323,1.7133,102.1753,1,9.5592,21,7.5627,0.9087,0
30.3315,-0.46,0.6031,178.3841,595.9914,101,83.8326,57.8443,52.9947,232.6366,0.6846,10.9644,124.7571,0,7.3136,36,9.1085,1.1255,0
33.5119,1.6369,-0.8963,-67.6842,653.4243,92,88.1464,56.9705,71.6057,272.1518,0.8011,11.5874,82.5126,0,7.3413,19,3.5668,0.959,0
75.029,-0.0506,-0.2041,124.3012,600.3923,106,81.8821,51.3676,100.6854,310.4273,0.9011,11.5627,66.1524,1,8.7151,31,3.7387,1.1842,1
44.0206,-0.1022,0.7867,-71.0973,524.962,98,91.5401,23.2425,106.5758,386.6996,0.6141,5.5657,137.4096,0,8.5007,36,5.7226,1.1309,0
60.9616,1.6035,1.326,-176.7466,556.7148,90,79.2206,79.6975,84.4259,275.2138,0.9507,10.2235,75.2073,0,6.5354,37,7.0893,0.956,0
37.0224,-0.4953,-0.1949,-125.6768,388.7485,95,95.4674,71.1107,70.6184,284.26,0.9964,8.4316,97.6157,0,4.4405,34,3.7434,1.0627,0
51.7885,-0.4069,-0.2036,3.0494,433.3745,94,105.5187,51.789,35.7193,283.4371,0.7786,5.6184,107.7673,0,8.2097,29,8.0516,0.9732,0
53.4841,-0.701,0.3415,111.6034,500.8997,93,80.7261,60.3751,96.3609,282.8666,0.9378,9.956,68.7429,0,6.9012,46,10.5887,0.9083,0
78.3641,0.2044,0.1721,-159.3315,458.4984,85,83.753,62.0229,93.9878,168.2249,0.7673,5.6382,28.7098,0,7.9589,36,4.7941,1.0962,0
46.8214,-0.7352,0.2666,119.5253,500.0845,102,70.5967,36.1885,51.2325,375.8212,0.6421,9.4418,83.4999,0,7.3471,35,4.6954,1.0066,0
42.8873,0.7767,-1.0811,77.7868,257.3654,87,78.2865,74.8423,95.6241,382.6055,0.8009,11.4443,83.896,0,8.2107,26,9.5771,1.0767,0
53.5093,-0.0466,-0.1194,-167.5731,632.1848,85,81.79,9.3623,50.8068,137.4684,0.671,7.9508,67.1961,0,5.192,31,4.9296,0.9387,0
40.7524,0.8389,0.4027,-141.7335,339.1814,99,86.985,15.9144,90.7532,254.7887,0.6765,11.2195,66.8821,0,7.6147,30,3.2922,0.8129,0
54.0958,0.7262,-1.1772,-152.7732,183.778,89,77.9533,35.7057,43.26,432.2793,0.9181,6.4091,77.8974,0,7.0456,29,8.97,0.899,0
49.4651,-0.5125,-0.8087,64.4375,392.7039,100,87.4648,56.7151,112.1068,310.6069,0.6412,2.7346,54.2815,0,8.2198,34,7.4942,1.1413,0
42.4618,-0.737,-0.887,21.9707,467.6539,79,76.2477,52.6634,65.8243,267.9092,0.7176,6.774,91.6005,0,7.4342,26,9.0098,1.1117,0
54.9438,-0.3284,0.3254,-50.811,802.6504,81,90.089,51.4548,84.2667,188.5346,0.7449,6.5583,102.4139,0,8.7086,28,6.0692,1.1455,0
51.0832,0.0089,-0.4648,-148.2078,426.6731,77,84.1485,48.5707,48.6019,425.8556,0.9637,3.1519,89.5572,0,3.1628,35,6.2213,1.0942,0
57.6032,0.334,-0.6005,-38.5267,531.4587,103,83.6978,43.5846,106.7058,229.8742,0.844,8.2314,25.5015,0,6.1212,39,5.4638,0.993,0
66.5245,0.4451,0.0275,65.5823,548.103,103,75.3973,24.4925,117.1415,368.6874,0.6226,1.8637,53.155,0,8.8898,42,5.2834,1.1584,0
44.9836,-0.0319,-0.6203,-146.3718,272.7685,84,79.1618,22.4655,57.4578,492.1222,0.7124,5.8365,88.1935,1,7.0091,19,4.977,1.0892,0
45.8849,-0.6812,0.2258,128.3706,484.2119,93,76.2606,24.3168,48.3958,312.3275,0.6255,2.9599,107.7597,1,10.9851,38,4.1528,0.9348,0
36.5435,-0.5866,1.207,-157.3529,460.3334,101,88.6885,28.1389,78.3105,442.2303,0.8944,11.7594,81.1848,0,9.3477,34,4.5497,0.8368,0
55.2103,0.5184,-0.1843,38.9498,512.5486,116,66.4463,21.7057,116.2168,346.7067,0.6777,2.4132,131.2725,0,8.441,25,5.2091,0.846,0
43.5525,-0.6502,-0.9715,-111.9068,563.4588,120,72.9356,21.2798,98.6881,401.028,0.6892,11.388,104.518,0,4.4027,37,6.5245,0.9682,0
53.4553,0.5602,-0.2264,-147.0097,627.6198,104,92.0685,44.5232,118.5375,274.9204,0.6483,11.1518,96.943,0,11.1022,27,8.7491,0.8521,0
61.6547,0.593,0.245,-52.2102,371.5306,80,81.8758,71.1172,108.7935,212.0157,0.8754,4.2742,96.5824,0,6.6638,22,2.6918,1.1912,1
43.156,1.5339,0.195,60.0941,572.4804,103,92.2282,58.8059,91.7821,253.7966,0.8072,0.2272,92.0855,0,8.7476,37,6.7485,0.9536,0
45.2572,-0.4809,0.4192,-136.4209,390.7319,93,88.2997,31.477,46.616,264.52,0.7059,8.763,84.8832,0,5.4228,25,2.5622,0.8756,0
60.1451,-0.3252,-0.2969,-8.749,363.4664,90,89.326,36.1989,109.2484,326.9357,0.917,1.8889,92.7355,1,9.7729,32,7.0453,1.0995,0
57.0742,-2.3127,-0.14,-33.8014,762.8866,80,84.2092,87.9382,84.5465,371.3126,0.8328,7.659,136.6529,1,8.2044,33,2.3484,1.0434,1
56.0148,-0.9431,-1.226,-26.1165,228.0132,97,73.4243,40.0193,70.6497,144.991,0.6726,2.3894,106.3217,0,9.2878,24,2.4611,1.0501,0
46.0861,-0.9561,0.307,159.63,422.504,106,80.7545,28.2592,75.0469,316.1075,0.6074,0.2612,51.333,0,9.8255,25,7.0352,0.9761,0
35.6393,0.5057,-0.6551,-54.3492,533.3459,98,67.5187,44.2358,116.7524,331.5555,0.636,0.4227,84.3486,0,9.384,35,6.405,1.203,0
42.8817,1.8074,0.1,176.9864,410.08,93,78.3455,38.6133,30.9957,305.2423,0.7338,7.6839,53.9889,0,7.0561,21,3.1332,1.0002,0
39.9052,0.5808,-0.4356,13.8208,522.5504,98,74.549,32.8711,97.5176,195.6555,0.6314,9.9448,70.6445,0,7.3373,33,8.195,0.8358,0
55.8155,0.9908,-0.0434,123.2931,298.569,91,61.3885,50.6936,98.5887,341.2678,0.6975,10.4353,43.5921,0,7.0598,36,5.4641,0.9159,0
52.8452,-0.7113,0.4792,-54.4088,223.2148,96,84.2636,75.3348,38.5799,337.3997,0.6309,7.4306,163.4675,0,9.6972,28,7.0236,1.0065,0
44.0138,-1.198,-0.2186,-149.4814,368.8447,81,83.2791,23.5937,116.9606,382.708,0.6298,4.059,78.4813,0,8.252,38,8.0165,1.0515,0
45.7212,-0.242,-0.3698,-149.6147,522.819,116,92.6216,57.7643,74.5988,277.9563,0.7233,6.865,104.1057,0,5.9711,50,9.4891,1.0235,0
54.7565,-0.6238,0.0013,26.6937,474.2675,109,67.7643,69.7591,94.3718,330.1743,0.8054,8.038,79.5495,0,11.4034,30,5.9713,1.0139,0
46.8067,-0.8611,-0.3212,154.7697,595.4235,105,90.8093,59.0101,68.3834,356.2515,0.7374,7.4304,91.5922,0,8.5379,28,3.9255,0.8149,0
44.1885,0.2183,-0.4709,-154.3605,286.2978,83,56.8069,70.6949,58.5017,304.7493,0.6411,2.8418,98.3006,0,10.0012,43,8.2489,0.9355,0
69.7859,-1.1859,0.9333,68.0822,413.6569,83,78.5276,60.7476,81.2982,166.3493,0.6222,7.3328,131.3951,0,6.1101,27,8.7381,1.0951,0
44.5038,0.8265,-0.9274,22.7704,489.2084,110,99.7629,36.0517,110.291,73.3388,0.6784,4.9712,86.7469,0,9.6333,35,7.7057,1.0022,0
56.6864,-0.3994,0.3269,54.8102,354.6524,111,79.7129,85.9177,87.6147,218.812,0.8799,5.4303,69.42,0,9.6877,30,6.7879,0.9296,0
53.9258,-0.0452,-0.0678,-102.4053,520.6964,100,72.6519,60.4007,88.774,129.4571,0.8673,8.3349,64.7004,0,10.7354,31,8.3312,0.9208,0
34.7674,0.0998,-0.4129,-154.6169,457.8153,114,79.1662,95.6894,58.4957,325.2346,0.9578,7.8789,57.5209,0,5.8447,36,5.3898,1.1266,0
43.2101,-0.4667,0.1737,-153.0978,573.0256,122,88.4849,12.7676,51.075,197.9121,0.965,2.3998,74.1041,0,5.56,34,6.0791,0.8945,0
58.1912,1.2655,0.0172,-91.1791,543.3156,108,77.1798,97.8041,86.5228,234.4463,0.9088,0.0152,178.6208,0,9.2177,33,7.6951,0.9598,0
48.6852,-1.6058,0.6603,-103.0899,221.9841,83,83.923,67.271,43.1359,477.1275,0.6068,10.2591,112.1982,0,6.8022,34,6.8566,0.942,0
35.3506,1.2833,-0.5673,-134.5113,720.8839,92,83.8084,59.4094,70.1821,260.5576,0.6434,8.3932,81.6119,0,10.2105,33,8.0786,0.8075,0
53.9449,-0.3471,-0.2581,-84.7141,174.1546,110,85.4899,31.56,52.4791,418.6923,0.8959,10.7073,130.0753,0,12.1993,27,2.7592,1.0327,0
44.177,0.9207,0.5058,12.2305,267.2158,110,90.3637,64.8273,93.5168,303.9362,0.9305,3.2324,74.6309,0,7.2731,37,5.6141,0.9481,0
54.3589,0.2012,-0.1025,161.825,488.7581,100,99.7964,73.96,78.164,156.2657,0.8447,11.8404,128.0457,0,7.1478,32,7.7088,1.0261,0
76.8777,0.8505,0.2734,152.0168,544.3945,108,80.8746,14.8535,39.0257,295.8638,0.7455,5.1943,100.2148,0,6.4597,41,5.8085,1.0393,0
53.8244,-0.1184,0.6074,-82.1831,457.6581,106,83.2279,61.4024,80.3902,68.1642,0.6736,10.9964,128.1888,0,7.747,23,7.4968,0.8587,0
56.1217,0.2384,0.2811,-156.1645,418.7007,87,68.129,37.0743,84.1409,322.007,0.8706,7.7089,103.9609,0,9.3762,30,5.1241,1.1051,0
47.4601,1.0979,-0.3056,178.4281,487.6671,101,89.4484,61.5545,56.1609,206.5095,0.7651,3.3121,60.9121,0,7.5089,28,8.7611,1.0577,0
38.8041,0.0958,-0.1755,-8.493,579.0794,98,93.6078,29.3965,59.7826,298.076,0.7484,4.014,96.1315,0,11.6821,28,5.306,1.1273,0
60.2392,1.3301,0.6116,172.1884,328.0216,105,86.8837,75.4235,108.7361,234.4234,0.788,7.6049,110.1138,1,10.3356,20,4.4289,0.9379,0
43.9416,0.3522,0.0776,13.5511,332.8561,108,66.1382,48.4016,40.0633,418.417,0.9345,8.1549,120.1078,0,8.769,38,5.5118,0.9563,0
47.7082,-0.7327,-0.1019,139.0899,370.1676,102,75.955,64.9954,117.1196,304.3003,0.8571,6.6079,82.7249,0,7.8837,20,7.7386,0.8551,0
67.9348,-0.3548,0.1918,-19.0006,698.0125,96,80.512,69.3276,49.244,268.6285,0.8221,11.3761,94.9901,0,4.1044,35,5.5138,0.8475,0
46.6229,0.8881,-0.6421,43.9283,555.9398,111,71.4323,55.9815,51.7589,250.6552,0.7278,7.8476,121.3513,0,10.9433,25,1.4904,0.9781,0
62.1533,-1.2398,-0.1184,12.8665,585.8571,106,101.449,32.6227,65.1959,321.2244,0.7302,1.9814,111.6226,0,7.479,26,4.6179,0.8729,0
53.8748,0.7929,-0.0393,-100.8442,738.6547,103,84.0958,62.661,115.3242,262.3332,0.9953,0.6415,104.1332,0,9.9702,19,6.016,1.1396,0
44.4691,-0.3658,-0.0474,94.9674,618.111,95,89.3159,48.0847,110.6345,68.6863,0.7887,9.9292,85.9318,0,7.6015,22,6.2655,1.115,0
53.4141,-1.2897,-0.1971,-160.27,523.4654,81,89.4738,53.8002,97.1956,245.572,0.6927,3.5041,77.4324,1,4.0496,30,7.6844,1.0069,0
42.8358,0.2073,-0.1544,-49.5318,733.7468,120,81.1196,42.7003,101.5206,300.3185,0.8886,11.7217,95.0621,1,7.3774,25,5.0826,0.8276,1
59.0473,-0.7002,-0.057,133.165,354.2496,119,67.9922,14.2033,76.9526,224.5299,0.9002,8.7968,78.6364,0,9.3469,35,4.7358,1.0545,0
62.4709,-0.5716,0.7301,0.9662,460.2028,106,87.8877,51.1713,111.4484,324.6868,0.7518,3.5345,56.4469,0,5.0965,32,5.9296,1.1628,0
50.4901,-0.6257,-1.1015,-152.0476,673.4387,103,100.1138,38.035,41.459,310.745,0.9148,11.42,126.3389,0,9.1179,32,5.2537,0.8948,0
63.4248,0.1149,0.3495,-105.2891,170.9058,109,76.2181,56.0011,78.7817,80.5911,0.948,0.7263,62.0609,1,8.4597,32,5.3989,0.9216,0
51.6007,-0.39,-0.0434,-140.5298,380.4849,91,74.3338,49.283,103.9366,228.9839,0.9319,6.0013,119.9802,0,5.2431,33,4.5649,1.1292,0
59.1451,0.3909,-0.0309,-80.052,618.4377,91,88.3875,39.4714,81.2939,432.2745,0.6289,1.9582,68.5453,0,7.0909,32,7.5998,1.1786,0
79.512,1.0124,-0.2031,-120.4877,515.9891,94,89.2393,92.6694,103.3147,353.4971,0.9169,11.0886,101.725,1,5.7995,35,9.2334,0.9758,0
74.7512,0.5417,0.2509,76.3023,577.0728,97,91.4481,43.7517,45.0376,362.9319,0.7605,0.3922,38.6026,0,8.1319,32,2.0879,0.9492,0
48.1745,1.8053,0.4751,57.3935,212.5371,106,78.5871,51.5994,33.4713,397.4233,0.6427,8.8056,107.0065,0,5.2837,33,5.23,1.1931,0
52.9351,2.0513,-0.9481,-131.3716,373.8538,97,78.5636,87.5682,80.2803,275.493,0.9569,10.3478,95.1956,0,11.5032,25,8.2105,1.0656,0
39.4604,-0.2903,1.047,-19.8033,597.3782,86,53.7182,29.8313,92.7443,243.7379,0.7957,3.3311,109.167,0,7.7573,41,6.4289,1.0367,0
57.9865,-1.1526,0.0721,-73.497,364.7052,100,80.5026,66.799,80.0278,384.4929,0.9508,8.75,60.345,0,8.1752,21,5.5286,1.0752,0
53.8922,-0.2891,0.0548,-58.6023,623.7273,100,74.3602,35.0542,62.736,411.4244,0.8394,1.0489,161.2656,0,9.6575,43,9.4514,1.1042,0
42.2598,0.1184,-0.6971,27.3527,543.1187,82,57.9328,45.3793,95.0437,423.4485,0.7302,1.9133,31.9314,1,6.6597,41,4.703,1.1552,0
61.8685,2.2258,-0.2855,143.5281,324.1956,99,98.9391,57.9273,113.7214,236.1261,0.8312,11.509,93.5791,0,8.2733,25,7.4056,0.9671,0
47.3439,-0.3748,0.6795,143.037,551.8253,84,82.4156,72.9283,81.2927,365.6983,0.9832,2.7109,66.029,0,8.3058,40,7.111,0.9746,0
44.7909,0.2779,0.0343,-31.3123,612.3426,93,62.1665,29.5476,45.3317,288.5078,0.8489,3.4986,120.3061,0,6.388,39,3.5796,0.9577,0
53.995,-0.6812,0.2079,-38.4497,554.2248,83,83.7665,55.1188,76.917,370.6732,0.9257,10.7198,67.9906,1,6.7222,35,5.4936,1.084,0
45.3493,-0.3467,-0.2306,6.4713,580.5558,91,98.6064,35.1434,97.5612,290.8358,0.9459,3.5115,79.2671,0,9.4811,25,6.1811,0.9542,0
49.6832,-1.2144,0.9854,-9.3186,240.6907,83,92.0364,62.9016,47.7935,297.3779,0.7565,6.1941,86.8246,0,7.3546,33,8.4645,1.0844,0
67.4625,-1.4627,-0.0766,-157.7574,838.257,90,89.6666,69.3915,69.9118,379.8605,0.6626,3.5659,84.6554,0,7.3059,33,9.582,1.0519,1
43.8532,1.3609,0.5653,28.3498,923.1223,99,67.6817,63.3578,90.1613,267.1019,0.9902,8.5679,77.9795,0,11.3727,30,5.431,1.137,0
56.7541,1.0662,-0.0756,30.5037,714.3072,103,74.5572,33.9002,37.0982,262.6919,0.9554,11.659,126.1299,0,11.1728,24,7.1056,0.8135,0
44.165,-0.3696,0.1738,-17.8785,517.3325,103,71.315,27.9425,48.3957,406.1733,0.8371,1.3934,55.9763,0,6.4631,26,7.5352,0.8494,0
40.2681,1.0634,0.1761,-30.9727,439.2608,83,80.1808,46.5612,94.936,341.1108,0.9784,9.6132,119.6661,0,7.2818,34,6.9192,0.9728,0
49.1845,-1.3069,0.4623,158.0205,442.4279,94,87.754,25.4518,58.1697,201.4224,0.8449,6.848,67.0958,0,10.7241,30,4.5088,1.0322,0
76.8443,-0.1734,0.3694,36.2966,617.5871,106,84.3738,60.2819,38.3966,416.1783,0.8488,6.5031,35.0443,0,11.3316,36,6.1085,0.9458,0
57.8163,0.1743,-0.237,113.8606,660.3515,90,70.9242,78.2643,97.0637,445.7884,0.8517,7.4394,105.1634,0,9.929,30,7.5958,1.0374,0
54.6205,1.2661,0.5795,163.3828,402.5571,99,78.16,34.2551,48.7705,329.7292,0.9301,9.8614,64.9411,0,9.5737,28,4.7268,0.8716,0
44.7545,0.1975,-0.4951,111.6366,496.7727,100,90.4346,60.462,39.2265,267.9795,0.7251,8.4955,55.371,0,7.4078,39,3.7509,1.1384,0
46.1542,0.5448,-0.5918,159.4726,688.5408,122,85.1068,34.1504,86.1881,461.279,0.7241,6.0449,114.0013,0,5.7166,21,3.2067,0.9743,0
35.1652,-0.47,-0.1457,93.3457,484.6182,109,83.9958,75.1261,111.9175,454.6496,0.613,0.3476,39.5013,0,7.0627,32,6.4604,1.1576,0
67.9504,0.264,0.1967,-118.7566,516.7895,102,71.2215,70.2355,72.9329,211.4831,0.9235,4.8214,69.8651,1,8.657,30,2.4265,0.9972,0
52.6891,1.2644,-0.5111,-98.305,706.4891,110,81.6007,48.4007,50.1298,273.5973,0.7053,10.7823,110.6327,0,7.6055,25,4.4079,0.8324,0
51.8195,-1.6165,-0.0389,-110.1977,682.3304,99,68.6512,65.3026,82.3677,294.6067,0.6877,6.928,57.1854,1,3.8801,26,2.8688,1.1892,0
52.0385,1.1361,-0.6924,-64.0346,620.7345,95,71.7423,66.7453,87.1924,464.0469,0.7901,4.5911,50.4076,0,8.1038,25,3.9455,0.8367,0
70.9015,-0.21,-0.1348,-52.2026,339.6364,87,65.2089,26.1556,114.4107,389.1775,0.9433,0.7986,91.563,0,10.1518,23,5.1199,0.9392,0
52.995,-1.406,0.4859,112.0255,341.4871,102,97.2851,59.899,117.1444,267.7878,0.8395,11.6187,72.3294,0,12.8881,23,3.0894,0.8434,0
48.0747,-0.2671,-0.4218,-50.0933,389.6403,88,97.6885,37.5567,60.8586,299.5302,0.937,2.7742,94.6703,1,6.1962,29,5.2394,0.8782,0
67.9911,1.2901,-0.6108,81.7987,421.7126,100,69.9587,52.4815,96.2295,289.1215,0.6002,7.9864,76.2377,0,8.6582,30,3.8048,0.959,0
48.7034,-0.4823,0.1893,145.374,532.3956,103,72.2432,43.1162,107.4924,223.7668,0.6757,7.1171,58.4555,0,6.6079,35,5.9211,0.9294,1
33.0842,0.2993,-0.3938,-138.7608,486.0313,117,76.8234,50.577,87.3671,351.9519,0.8868,1.9962,105.2371,1,8.8223,33,4.446,1.1424,0
34.7299,-1.6132,1.2114,-179.9059,475.7638,109,92.185,68.408,106.6068,345.3352,0.7135,2.5152,115.6796,0,5.2458,34,8.0832,1.1667,0
48.0829,-1.8257,0.096,139.9171,461.3117,105,86.0774,27.1299,76.9824,359.2098,0.9754,11.2823,68.9778,0,5.2604,23,6.8501,1.0637,0
52.9164,-1.0767,0.5123,-94.2278,368.3908,112,93.814,15.0185,83.9454,322.3072,0.9021,11.9577,143.4995,1,7.518,28,3.8822,1.1109,0
58.2195,1.0128,-0.6573,-124.7624,430.8154,119,96.871,41.0477,39.0603,191.4173,0.8802,4.4028,137.1072,0,9.1755,20,7.5017,0.8873,0
40.817,-0.0508,0.2287,-73.7248,865.0354,94,84.8359,72.1089,64.3752,236.5179,0.6066,6.0039,164.5063,0,5.6602,37,3.362,0.8581,0
47.7474,1.0997,-0.503,-113.0306,604.8824,119,82.983,32.0308,31.2495,306.3463,0.8766,6.2348,82.8471,1,4.1063,30,7.4177,0.8854,0
41.9035,1.1581,-0.0896,105.7147,503.0066,108,93.6197,39.6857,97.1645,389.9666,0.8099,1.5144,86.9148,0,10.5523,26,9.7218,1.0259,0
61.1371,-0.7582,-0.3761,48.4229,274.9347,97,90.8056,73.3404,66.0931,328.1465,0.6692,11.6846,78.1844,1,7.3906,30,6.8619,1.1835,0
62.8242,1.567,0.5199,-119.7705,351.4335,100,90.7471,77.6917,110.895,176.9539,0.8347,3.6683,103.4906,0,6.1085,33,3.7657,1.1737,0
69.5826,-0.5444,0.1606,30.083,493.6582,91,84.7516,63.8517,39.3333,97.7528,0.6422,5.2676,54.9838,0,7.7847,34,5.602,1.0243,0
53.5154,1.0004,0.0587,-105.0872,703.9381,112,90.4169,58.1613,31.9762,296.2254,0.7945,10.577,82.3551,0,5.6669,27,5.2477,1.1846,0
68.653,0.9595,0.6805,-108.8798,534.3578,92,76.9977,70.0213,63.7506,340.9645,0.6766,8.4319,114.3687,0,4.8702,19,4.591,0.9725,0
43.071,0.065,0.0079,34.3609,532.3328,121,74.3258,41.6935,117.617,379.1906,0.6042,3.5504,65.7833,0,10.423,27,5.6048,1.114,0
52.1594,0.0667,0.5152,59.2873,666.5006,87,76.6101,63.8523,117.3271,475.2773,0.7482,0.7626,82.2285,0,7.5497,24,5.7735,0.8666,0
39.3918,0.3205,0.9003,-55.3673,354.3083,103,102.7197,34.0518,91.1693,412.3729,0.7474,1.6244,105.5677,0,8.24,27,7.3591,1.1546,0
55.7333,0.1154,0.0701,94.8267,710.9263,104,69.5638,82.3673,52.8177,361.6583,0.8065,4.6882,84.3424,0,6.7269,26,7.1941,1.1489,0
52.8474,-0.3901,0.1298,121.3972,442.4877,101,89.4255,70.8629,73.235,246.2067,0.9847,5.3252,72.7435,0,10.1966,30,7.5915,1.192,0
25.4615,-0.4759,0.4773,149.8839,673.7166,109,99.8043,63.17,117.816,444.3438,0.6318,5.763,110.2679,1,7.6318,21,3.2288,1.0084,0
61.0961,-0.3821,0.7184,45.3816,750.5188,109,83.9712,43.1588,101.8719,191.7012,0.6896,0.791,89.5223,0,10.551,33,3.649,1.0292,1
58.5535,1.2182,0.0641,-100.791,363.9109,85,76.8175,63.8697,90.1268,409.5003,0.7802,0.4759,96.1503,0,6.7423,25,8.2539,0.9224,0
44.4436,-1.5883,-0.3187,89.4473,500.0055,99,85.5588,49.6298,113.5999,488.4673,0.7397,7.4811,69.4284,0,6.3027,34,5.5088,1.1916,0
52.8122,-0.4968,0.4333,-141.1755,618.367,105,75.0667,38.8766,92.5358,439.9859,0.8258,1.9444,72.1485,0,5.9685,29,6.4611,0.8828,0
35.0626,-0.3259,0.2858,-114.7626,456.9977,103,70.9029,61.6996,56.5939,261.0862,0.9216,7.8698,111.447,0,9.1383,32,6.409,1.1395,0
42.2978,-0.2281,0.4285,119.8037,461.1781,103,93.4592,11.9535,80.6612,135.5485,0.7673,1.8028,133.806,0,9.9557,31,4.8264,1.122,0
66.6908,0.2968,0.3494,147.8986,440.2404,95,92.8185,67.7361,54.0704,225.1296,0.7237,6.5887,74.7478,0,6.9265,28,5.8397,0.8516,0
38.4565,-1.3482,0.1034,-155.9819,220.911,92,76.8145,29.3985,81.0266,304.5944,0.6912,3.2897,111.6757,0,8.3567,40,4.8906,0.83,0
50.0955,1.0253,0.1323,-67.6362,658.6227,107,75.1207,64.6575,116.5631,272.1116,0.9152,2.4174,106.9397,0,7.4135,35,2.7143,0.8502,0
36.0364,0.887,0.3511,46.5039,348.5482,106,82.1629,20.1964,75.5526,324.1041,0.637,2.6504,113.6294,0,10.4173,26,4.9492,1.1983,0
53.3795,0.6743,-0.7248,157.9132,156.6105,90,79.0434,41.7274,75.5529,118.7129,0.7943,5.1323,87.4145,0,7.2189,32,7.4541,0.9096,0
55.6275,-0.2076,0.6648,25.4612,657.0334,92,71.8203,59.0789,55.4786,379.3704,0.7493,6.4847,118.6537,0,8.5797,24,5.2314,1.1389,0
57.2413,-0.7384,0.225,115.5573,572.722,115,64.7615,67.4139,50.3014,237.7143,0.8531,9.8981,106.4253,0,10.3644,27,7.0296,0.8766,1
54.6798,-0.3252,-0.4231,152.1918,302.2882,93,65.4166,36.1809,39.8669,299.9177,0.8171,8.7261,77.075,0,7.7627,34,5.9843,0.9226,0
64.2684,0.0609,0.0926,6.8554,662.9314,78,67.9921,31.4966,89.5235,252.23,0.7387,2.5426,78.3507,0,6.8143,29,7.9788,1.0791,0
44.4597,0.6662,0.6593,86.5618,599.8217,98,69.601,70.4387,80.9361,374.9278,0.6423,5.2168,161.7095,0,7.4859,33,8.3229,0.9354,0
39.4173,-0.0813,0.1451,58.4686,500.0482,112,82.1231,88.0252,76.3466,243.3651,0.6545,0.3809,114.2951,1,7.9227,32,6.3681,1.1232,0
44.1283,0.3605,-0.366,61.6904,447.4448,89,71.9627,31.8022,114.282,128.6046,0.8725,6.8412,97.6962,0,8.8509,26,7.389,1.0075,0
36.5377,-0.4339,-0.6372,6.144,481.6462,98,72.2249,-2.2916,87.7686,356.0207,0.7972,8.4472,81.5871,0,8.2295,33,5.2955,0.8718,0
50.7878,0.2863,1.2324,44.349,530.9749,101,67.4641,80.415,62.4296,140.8742,0.9154,8.9095,79.6791,0,9.8884,31,2.9183,0.9284,0
48.6038,-0.2492,-0.8695,19.5748,381.7027,118,67.6486,47.0547,53.1441,282.5444,0.9701,1.4905,97.1045,0,7.4243,33,2.2441,1.0515,0
54.7754,0.268,0.1685,49.5875,667.7074,107,67.3792,31.8915,72.884,408.974,0.8699,6.0,61.0521,0,5.3121,26,5.9895,0.9852,0
33.8376,-1.7669,-0.2933,1.8712,583.3456,93,79.2026,51.1637,59.076,357.5107,0.9648,10.5932,44.6808,0,7.2213,29,3.3629,1.0235,0
49.8699,0.4871,0.5212,-99.9011,479.7465,104,90.4208,88.8942,60.4968,302.8198,0.611,2.2241,109.9188,0,9.9319,28,9.1812,0.9298,0
62.1448,0.54,-0.6082,69.7026,761.4643,110,95.0225,63.1515,92.1746,306.8517,0.815,0.868,135.953,0,10.5535,28,4.2293,0.9711,0
55.7223,0.529,0.8042,-41.7486,454.765,83,80.5276,65.6118,56.1293,194.9931,0.7068,3.1162,136.8092,1,9.9082,26,6.3982,0.9999,0
31.0446,-0.9874,-0.0625,-134.0131,732.3926,97,90.6137,53.2358,31.3867,340.9432,0.6787,1.2492,109.5948,0,11.9784,37,5.5387,0.9159,0
49.8829,-0.7101,-0.1101,126.4767,543.9014,99,72.173,59.5397,61.6153,349.3263,0.7121,0.7065,77.9504,1,6.5578,22,3.1064,0.9064,0
42.6723,-0.8686,-0.1566,-114.7151,613.6396,93,85.6834,83.9468,113.8863,321.1533,0.9278,2.6962,132.7734,0,10.891,36,4.5964,1.007,0
50.1286,0.33,-0.2963,14.6552,444.9329,85,71.2844,31.9486,89.2545,300.9932,0.852,4.4136,137.3272,1,9.9211,20,6.0364,0.8107,0
46.1935,0.6582,-0.1844,79.6023,219.5487,84,84.3482,65.202,76.4435,285.725,0.9108,8.924,98.8026,0,7.918,28,6.1129,1.1574,0
67.393,-0.6966,0.3592,53.1729,571.8949,109,71.8022,49.3069,69.7325,379.0641,0.7999,0.8873,127.6303,1,3.4627,26,5.2398,0.8496,0
50.8571,1.3156,-0.8609,-122.0906,321.8114,101,72.6086,48.7402,106.1583,238.6324,0.7069,11.6926,30.4763,1,7.4577,29,6.6921,0.8209,0
53.1676,1.3024,-0.3745,-110.1103,408.0954,95,79.4703,27.1124,41.1301,165.756,0.7873,0.1423,102.0578,0,7.9068,28,3.7483,0.9284,0
49.5594,0.138,0.7476,-126.4147,511.3726,100,96.1884,58.4166,57.763,390.4797,0.6859,9.6796,102.0197,1,5.4936,36,5.2685,0.9668,0
54.7445,0.3709,-0.0452,-153.883,403.7358,99,88.5387,61.6443,81.0598,167.9968,0.9966,0.0608,74.0949,0,7.7848,36,9.3651,0.8901,0
47.8311,-1.6796,-0.2862,-78.0215,495.2431,105,72.7026,46.265,89.9089,225.849,0.9092,3.0215,79.8621,0,7.8275,31,3.9049,1.0362,0
57.7352,-0.529,-0.6374,8.6898,529.9344,93,69.4571,78.9437,58.6906,342.4476,0.625,11.1948,121.4246,0,8.5799,31,8.4669,0.8524,0
46.0807,-1.2524,-0.5851,-117.7377,278.8689,71,71.8246,51.6667,102.4795,333.2104,0.9992,5.2074,101.092,1,6.0477,31,4.3353,0.9315,0
63.7645,-0.91,0.4911,169.5093,541.1276,96,86.4382,7.533,58.7694,283.7559,0.6599,4.0953,109.4082,0,7.5366,31,3.8935,1.1796,1
54.9645,0.5145,-0.4113,71.579,406.8198,106,82.1821,60.996,32.8731,440.763,0.8633,7.8828,122.2297,0,6.1137,27,6.2145,0.9368,0
48.4744,0.7561,0.4023,30.0364,339.7922,121,86.5215,26.7463,75.8327,397.5254,0.7517,9.207,105.3624,0,7.9275,32,7.6145,1.1308,0
58.4209,0.7979,-0.4903,65.3107,199.7931,90,74.8627,78.5688,119.5625,289.3641,0.8175,11.0207,101.5196,0,5.3858,37,4.5157,1.0981,0
54.9303,0.2417,-0.0629,-23.058,266.8434,99,83.3551,87.5218,59.7903,243.8303,0.8857,10.9428,106.1499,0,7.2286,22,1.961,0.9192,0
58.2732,0.5234,-0.0345,-10.8331,503.5938,91,82.7076,70.1435,58.4226,326.5911,0.7209,8.3813,47.4783,0,8.5528,31,8.5799,0.8922,0
50.8574,-1.5891,-0.3768,139.9194,506.369,94,92.6538,49.989,73.8352,318.8645,0.6409,0.5429,119.3103,0,6.9025,27,4.506,0.9736,0
47.5881,-1.2895,0.0385,79.8982,577.7593,82,95.7979,62.0191,46.1297,418.7614,0.8628,3.7171,103.559,0,7.6937,34,3.526,1.1804,0
51.3528,-0.2092,-1.058,31.7473,757.3617,99,89.0374,35.045,84.1662,280.2125,0.6102,3.6229,110.6871,0,8.0447,29,6.5054,0.8673,1
44.9962,0.5975,-0.0443,162.0765,703.4169,98,92.6391,62.2535,67.9162,402.5853,0.69,3.856,89.2172,1,9.707,25,4.8491,0.9247,0
59.7933,-0.4473,0.2226,58.5509,649.3654,111,79.8017,34.1015,66.2517,166.7752,0.6035,1.2764,97.0445,0,8.0579,33,6.4533,0.8315,0
64.6919,-1.3608,-0.4175,-36.4716,677.9647,101,73.0078,87.5918,93.1885,335.1781,0.8941,0.4922,122.3796,1,7.4088,31,4.1979,1.0557,0
55.7904,-0.6918,0.1065,-162.9151,527.1239,89,79.6945,30.2838,46.7475,229.1332,0.953,2.7835,42.3108,1,8.599,27,4.6433,0.8562,0
64.1816,-0.9335,0.0767,-39.3566,524.41,76,78.6777,17.2333,119.8794,300.6159,0.7299,7.0033,19.2107,1,9.0124,35,3.869,0.949,0
61.2686,-1.7245,0.0968,152.9301,730.5893,97,78.0043,46.7063,79.266,278.0458,0.7259,0.0363,122.1545,0,6.2576,36,4.049,1.0601,0
47.3175,2.2244,-0.6724,-163.9261,532.4623,102,79.8969,61.8463,46.057,188.9908,0.639,10.6513,88.2127,0,6.3622,28,5.6133,1.0789,0
58.3579,1.2329,0.0476,-113.5574,535.6639,116,78.2932,96.3509,37.463,226.4927,0.617,11.0552,30.3393,0,8.1884,33,9.586,1.025,0
37.1703,-1.9757,-0.8611,111.1491,674.8551,93,75.42,35.5288,97.8278,253.6954,0.6943,7.3666,72.0723,0,10.0763,34,6.3178,0.8491,0
51.8607,-1.9221,-0.3147,-48.6163,458.5216,91,78.6924,51.252,50.7577,474.5125,0.9438,0.6164,102.2937,0,7.4887,28,5.2652,1.0998,0
38.1765,-0.806,-0.0019,-113.0765,479.8211,108,88.0174,49.983,96.5986,246.6399,0.8408,11.756,89.3333,0,9.5559,24,5.6841,0.8842,0
48.9034,-1.4893,0.1042,113.6395,295.8003,88,71.3491,28.9396,94.82,110.3749,0.6045,7.4273,90.4343,0,9.9474,29,2.9626,1.0736,0
35.6031,2.3826,-0.6047,21.0383,430.6155,83,93.4525,29.9776,119.7106,225.9387,0.8438,6.3669,103.1752,0,10.1209,31,9.2798,1.1321,0
60.943,-0.8023,-0.1421,17.4468,450.5441,82,90.8244,12.2821,38.027,123.7472,0.6202,5.7238,66.8153,0,5.6861,35,8.3905,0.9362,0
46.0512,0.3615,0.3973,-74.2374,459.0083,106,80.8662,80.549,79.5449,195.5779,0.7674,1.5745,48.732,0,10.2086,28,7.9838,0.9483,0
59.0632,-0.5058,-0.4898,63.0485,621.5713,101,56.1733,34.1119,92.729,56.2466,0.9738,9.571,114.6082,1,10.0407,31,7.0516,1.1358,0
49.2448,-1.1672,-1.0768,130.2574,348.69,99,58.2238,8.2855,47.3391,237.8526,0.851,5.947,131.3571,0,8.9671,33,8.5556,1.0809,0
31.558,1.0473,0.2648,90.0739,723.3688,93,81.1154,42.2663,100.0099,337.3225,0.8448,0.2391,92.5161,1,7.5064,28,6.8962,1.0372,1
45.1584,0.6548,-0.4711,40.4734,190.9748,92,86.784,74.3716,76.593,258.6995,0.8698,1.8313,21.1854,0,7.8076,40,6.9919,0.9286,0
44.6929,-0.0596,-0.3195,-53.813,589.729,103,97.7264,60.3102,63.5969,264.0118,0.6556,3.4355,83.9387,0,8.3772,37,4.9628,1.0294,0
49.8522,2.3819,0.0653,127.7293,622.4968,87,75.947,60.2177,62.6441,555.2788,0.6373,10.9738,54.9318,0,8.9509,36,6.9022,1.1064,0
65.0804,0.2351,0.0386,23.7987,603.7941,121,74.8574,82.3759,62.9092,239.751,0.749,5.5148,77.6431,0,6.3005,26,9.2535,0.8357,0
66.7362,-0.4565,0.5108,140.2505,664.3342,118,67.8258,70.8396,99.7396,321.8499,0.6758,11.2882,86.0694,0,6.1648,27,9.3003,1.0066,0
47.6877,1.9153,-0.1209,-88.4957,468.2551,96,85.988,-2.3383,116.4641,310.5753,0.6093,3.2982,136.503,0,10.3759,37,4.1636,0.8733,0
37.3972,0.4039,0.0342,55.5464,687.9523,107,80.07,40.4532,89.0393,325.4017,0.7361,11.8099,110.7513,0,8.9639,34,3.2999,1.2067,0
42.5589,1.6279,-0.8465,156.668,396.3807,95,75.2299,58.6908,49.7843,239.1627,0.7989,11.4622,17.2191,1,7.9153,25,6.3039,0.987,0
54.7961,-0.0391,0.3141,-45.3292,408.9634,109,80.2322,53.7857,40.9095,376.6389,0.6201,8.5416,48.9472,1,8.0136,35,4.9137,0.8861,1
48.9176,-3.0144,-0.3457,162.4559,810.3501,89,79.0569,61.1155,37.5429,418.7703,0.9888,9.0804,123.184,0,9.4717,38,6.0365,0.9497,0
34.2468,-1.5588,1.6155,-38.7137,526.5225,99,89.6771,103.6686,80.8158,306.6418,0.9061,0.2913,68.4672,0,8.0703,24,5.387,0.8318,0
44.9641,1.0827,-0.1068,-22.4323,642.7627,84,75.7321,30.6054,109.921,416.5746,0.8951,2.7595,101.2843,0,5.3641,34,4.8741,1.0255,0
63.1157,-0.5891,0.2122,110.3211,574.4197,128,79.9689,5.0074,66.9692,354.0158,0.9521,2.339,71.0259,0,9.8507,31,8.9489,1.1029,0
52.9226,0.2533,0.3189,-86.1222,608.498,100,88.494,1.3348,43.5635,316.7508,0.8361,11.5129,116.2551,0,11.7731,26,5.3112,1.0978,0
50.4729,1.1338,-0.0443,74.1143,199.2115,109,77.3556,68.43,70.0313,196.4436,0.7753,4.9051,100.8594,0,8.5126,26,6.1312,1.1626,0
46.1121,0.1795,0.2184,-72.5799,556.4464,90,72.5865,46.7971,101.4219,287.6723,0.7938,7.2202,115.2047,0,10.4045,42,2.9485,1.0343,0
45.4004,-0.8594,1.1277,33.7573,502.366,100,67.1894,20.2212,100.0772,399.5322,0.6788,3.2367,34.7173,0,4.6869,31,10.8889,1.0999,0
55.4396,-0.0111,-0.3769,99.3459,645.9956,101,69.59,45.3012,65.6938,261.2717,0.7521,3.0551,105.0009,0,9.0275,30,2.819,1.0991,0
51.4206,0.1069,-1.1216,-170.5898,380.644,95,73.5668,40.397,73.2997,307.8695,0.9191,5.0277,48.2494,0,4.7411,32,5.675,0.8696,0
57.7102,-0.4082,-0.6514,-148.1483,678.9896,95,89.6108,42.9293,86.8105,192.4266,0.8009,3.8123,115.7104,1,7.4766,29,7.7968,1.0373,0
55.4665,-1.385,0.4986,156.3748,319.0394,101,72.629,11.7355,76.0984,337.1524,0.6734,9.0176,153.0718,1,8.8723,30,4.3195,1.1215,0
50.1972,-0.3555,-0.2395,113.6986,432.244,95,77.8506,61.8565,51.8855,346.3634,0.9449,7.4665,41.5857,0,5.8622,36,5.7682,1.1128,0
53.8421,-0.0928,1.166,135.7234,263.2561,103,69.7095,64.3548,99.6615,534.3774,0.86,8.3254,107.5308,1,6.9426,31,9.0606,0.9848,0
44.0747,-1.4432,0.3636,-21.981,337.9164,92,80.5358,52.5789,69.3792,323.2903,0.8394,6.478,48.5052,0,6.6387,30,5.7785,0.8275,0
49.5183,-0.9181,-0.3265,77.8867,501.0421,104,82.8688,48.4747,60.9196,330.1914,0.9877,10.8338,71.9001,0,9.5646,26,7.4538,1.0302,0
63.4095,-0.7169,-0.3893,179.3791,705.261,101,83.5492,53.5787,55.3436,284.6451,0.9701,0.7746,76.7246,0,7.3759,25,3.4094,1.0526,0
50.1071,-1.8604,-0.2231,-24.2888,505.2457,107,97.5621,50.9842,109.0176,291.3572,0.6586,8.9974,108.5926,0,7.3772,38,7.0106,1.0663,0
47.8281,0.1282,-1.0322,124.8407,307.4084,119,79.8599,14.488,56.845,269.8593,0.8969,2.8804,119.5926,1,9.1288,29,10.8117,1.151,0
52.1048,0.237,0.1389,-151.4581,183.3669,108,82.9305,33.2416,93.1592,435.9466,0.9614,7.4777,119.496,0,9.5765,19,8.6883,1.1523,0
38.3443,-0.5443,0.3468,15.7906,601.0402,105,74.3582,54.2792,57.0868,248.4303,0.9447,11.1088,62.5432,0,6.0,24,8.6749,1.161,0
52.2085,-1.3686,-0.4837,-60.0337,401.392,88,101.7237,35.2945,52.2793,414.8726,0.9556,3.7296,107.8401,0,12.0246,31,8.2762,1.0757,0
66.9604,0.407,-0.7758,8.3125,421.4441,99,88.4731,67.6727,67.6272,291.3089,0.9225,11.5675,66.1929,0,10.5559,32,6.0639,0.8078,0
41.9139,0.5461,-0.4553,-138.9332,661.4979,81,88.8409,22.9679,114.8211,216.3126,0.9955,2.115,86.8297,0,11.4067,25,3.3713,1.0315,0
52.6706,0.0986,0.4986,-47.6345,479.7674,88,90.8917,96.9709,104.5658,243.9964,0.7091,11.4629,66.1272,0,7.505,31,3.8676,0.9182,0
49.7651,0.0416,0.4016,-152.4493,455.2044,96,87.4874,91.4764,54.9536,230.9155,0.6637,0.4987,106.7448,0,9.3273,33,5.8124,0.9774,0
49.5091,0.5939,0.1077,-16.8865,524.2337,86,91.3693,44.3334,62.585,246.5569,0.6303,3.942,68.9777,0,8.2837,34,7.1577,0.8589,0
49.3287,-0.0955,0.8209,-20.9538,722.2925,99,78.126,20.0583,84.7356,179.2452,0.9295,8.3815,88.8392,0,11.0036,32,4.9461,1.0803,0
57.1431,-0.9178,-0.8445,-61.3043,538.1021,97,102.6532,39.2769,68.4734,225.3149,0.7811,10.1321,106.4169,0,5.6011,31,8.0853,1.047,0
39.0188,-0.0703,-0.1042,161.3923,176.105,113,64.5405,74.2745,108.4982,52.0722,0.7032,2.0055,38.6802,0,11.8354,32,6.1457,1.0206,1
56.8867,-0.3921,0.2801,-150.1439,377.3067,93,77.2522,43.2186,79.3586,310.5824,0.8709,11.2116,120.0831,1,8.9925,38,6.3646,0.975,0
50.6913,-0.0703,0.3949,116.9563,457.3237,87,97.3142,57.8811,107.5842,244.0008,0.6003,1.8794,144.7458,0,8.132,25,7.1259,0.9573,1
32.3728,0.8843,0.4019,-52.2262,629.5159,106,78.2924,51.0267,53.0026,277.872,0.6787,10.421,54.0264,0,6.7717,29,3.726,0.9767,0
53.7984,-1.2021,0.362,-108.2471,313.6094,94,86.6271,61.4421,91.6355,217.6415,0.7514,10.6173,32.6797,0,9.6427,28,4.1983,1.0597,0
51.1392,0.1775,0.6597,-81.8788,522.3249,103,75.2827,60.0155,67.1702,435.8805,0.6849,8.8536,101.1361,0,8.5965,28,5.1681,0.8782,0
41.2825,-1.2526,0.3806,144.6818,487.7247,87,84.4612,44.0692,39.5148,111.7166,0.737,10.6912,109.1819,0,9.0524,30,5.801,0.8174,0
51.6057,-0.9182,-0.5772,116.9635,652.4796,87,76.3988,79.0644,64.3739,393.5101,0.6662,0.998,47.8557,0,10.2171,29,5.628,0.9548,0
36.8374,1.5738,-0.2274,-174.3272,350.461,102,91.6865,60.1833,60.5903,142.8593,0.6016,11.1066,73.8628,0,8.7585,26,6.2302,0.863,0
43.153,0.4573,-0.8476,-126.9614,525.0921,88,82.907,73.6315,58.9523,225.6946,0.7985,5.5645,96.9346,0,10.6214,41,6.7198,1.0626,0
50.3698,0.1609,0.4982,63.0098,729.9666,82,62.4996,45.1036,86.4581,336.5227,0.6282,3.5454,82.5609,1,4.7389,29,5.636,1.0361,1
33.1438,-1.6585,0.5973,-65.731,634.8415,105,71.8674,46.6837,66.5461,494.9938,0.8881,0.0734,115.5573,1,10.1776,28,10.2791,1.2065,0
38.4861,-0.2357,-0.6102,150.8908,589.8921,79,70.2508,103.612,40.1045,377.8948,0.6246,6.8451,103.6962,0,5.7778,31,4.0849,0.8079,0
39.9812,-2.0728,-0.19,103.1406,453.4183,107,94.0612,49.2568,48.9623,41.817,0.9066,0.749,63.1333,1,8.0528,28,6.2956,1.0622,0
50.7917,0.0373,-0.8777,135.014,522.708,97,67.5856,75.0695,75.7037,334.7717,0.6246,0.1473,115.396,0,3.4928,31,9.6146,0.9742,0
54.4134,-1.247,-0.0605,-110.5666,483.0799,100,77.3187,20.8799,76.5186,219.1786,0.9893,5.0105,85.7065,0,7.9895,33,4.3766,1.2043,0
41.072,0.5578,-0.4135,-125.7461,628.4853,117,101.1149,57.1533,33.3221,539.7907,0.7446,0.7296,59.2492,0,9.7053,51,3.5729,1.0699,0
40.5107,0.1613,-0.5839,155.4948,578.9683,111,92.4762,41.8445,45.7633,331.0545,0.72,10.158,75.1872,0,6.4371,32,8.2624,1.1069,0
51.3811,-1.2161,-0.0124,-34.4901,405.8713,111,71.454,80.7766,89.1412,395.2985,0.7222,0.5503,107.8376,0,11.0603,33,8.362,1.1943,0
51.1115,0.3816,0.9409,-30.342,761.8153,101,71.1581,36.485,61.8388,212.7888,0.6967,6.747,48.9387,0,4.7282,29,3.8637,0.8505,0
42.9976,2.0934,0.3976,66.4454,680.6531,90,70.1945,41.4242,60.1469,206.6472,0.6709,6.3395,55.3258,0,6.6126,25,6.6222,1.1598,0
68.2872,-0.2027,-0.1259,-36.9176,370.0117,114,82.0636,61.5925,34.2128,295.0373,0.9318,6.7395,141.1855,1,4.4464,26,8.3941,0.9261,1
51.8439,0.8803,-0.0243,135.0689,448.4158,101,75.0427,28.9733,64.8909,224.8511,0.7845,1.5861,60.6909,0,7.6011,24,5.3767,0.9588,0
48.2983,-2.103,0.9392,165.267,476.2371,90,82.3029,52.5472,35.2822,332.8901,0.6399,10.5855,128.3533,0,4.9942,22,7.4382,1.1556,0
46.1391,0.4677,0.6293,-60.2932,622.4418,85,83.092,37.9631,55.43,255.2513,0.9275,7.8284,47.2972,0,6.012,34,8.1159,1.039,0
60.0883,-0.5693,-0.1553,-105.0992,378.6332,89,80.4702,52.8054,40.2051,297.2893,0.9443,9.3903,98.6827,0,11.4739,39,8.0041,1.0386,0
55.4504,-0.269,0.2506,-152.89,399.6218,95,81.4769,48.1737,105.406,396.8251,0.9694,10.1718,119.5024,0,3.4154,30,5.9213,0.9707,0
32.6236,0.5951,-0.4993,-102.8294,631.7547,105,80.8607,86.7134,47.8532,303.142,0.6187,10.7354,56.3362,0,5.6368,33,1.5019,0.8269,0
43.0419,-0.2435,0.0124,-129.7996,583.8009,106,72.2814,59.2531,41.3595,273.2102,0.7897,8.6715,65.3408,0,4.0176,27,1.944,1.0864,0
45.5321,-1.6174,0.3821,-169.5167,207.7293,107,65.5394,23.8784,106.4112,229.0953,0.8418,8.7171,124.4996,0,9.6687,33,6.7201,1.126,1
49.8805,1.5272,0.5102,-163.2033,598.6394,104,80.5424,31.6174,85.9694,247.3739,0.9371,1.7917,148.6127,0,9.3774,27,7.047,1.1068,0
56.2713,-1.4502,-0.3201,3.3709,278.8593,95,72.1839,41.2548,115.5944,370.7092,0.8481,2.0328,111.9132,0,5.077,31,8.7398,1.1306,0
39.2985,-0.8395,0.5009,74.8058,404.8064,92,89.7612,36.0026,86.428,286.1687,0.7831,9.0416,86.5535,0,8.943,27,5.8166,0.9511,0
49.2059,0.1281,0.0742,173.9729,445.2738,88,67.4978,78.3876,90.8621,204.1581,0.9054,2.6382,90.1549,0,9.5483,28,4.4872,1.1776,0
66.9927,0.1374,-0.1443,-123.955,429.6076,107,76.4317,38.8374,62.523,260.1432,0.7853,6.6348,56.4957,1,8.5371,34,8.5395,1.196,0
50.2906,0.428,0.9546,71.3627,402.5969,96,81.5497,49.2543,97.108,383.0027,0.7142,3.2585,29.0542,0,4.0164,30,7.5026,1.1339,0
43.057,0.1333,-0.1802,19.4389,344.3338,83,92.6065,62.0271,82.4062,268.0217,0.8335,3.0651,112.0344,0,5.7384,34,5.6999,1.1251,0
36.6579,1.1484,-0.554,-7.8748,576.8624,106,76.0735,105.8133,44.3031,43.0273,0.8045,5.4099,35.1026,0,7.7277,39,2.6127,1.1239,0
45.131,0.4903,-0.3362,79.8626,258.0373,107,81.8413,47.0772,43.9852,390.5006,0.7951,1.9825,74.3416,0,6.073,35,6.782,0.8937,0
39.2125,-1.1857,0.3628,-94.0841,420.247,85,86.169,83.2273,87.9085,275.473,0.6767,10.152,86.6122,1,4.7076,39,8.9843,0.9832,0
46.054,-2.5981,-0.4934,-67.935,618.6631,98,87.6298,41.3749,54.4912,379.4292,0.9382,1.7759,65.1192,0,9.88,25,9.5616,0.8532,0
55.4218,0.1511,0.4147,-41.54,559.6196,79,83.6684,69.5236,78.9555,259.1256,0.6228,9.3423,111.3184,0,8.0779,24,5.9053,0.9945,0
50.3696,1.4661,-0.4267,-114.3374,292.3135,106,98.0828,33.2589,47.3195,347.9277,0.6214,5.6281,89.5196,0,10.2075,37,7.8204,0.9884,0
45.1998,-1.2524,-0.0375,-7.6963,210.5656,102,76.0294,66.0202,67.7377,357.2269,0.656,2.479,76.325,0,11.0135,36,5.6864,0.8243,0
32.0932,-1.0499,1.1051,-132.528,336.6166,112,97.3087,42.5598,107.6195,226.2429,0.6448,4.11,106.7542,1,6.4461,25,7.765,1.0732,0
58.32,0.3549,-0.4413,-65.4685,173.2879,108,86.8964,68.2466,92.1575,166.7794,0.9531,5.1181,99.9907,0,3.5057,41,7.6558,0.8436,0
46.4752,0.483,-1.01,-139.2616,513.7517,92,82.4524,66.1245,73.8601,185.501,0.9161,3.3441,115.1024,0,8.7865,32,2.4461,1.0489,0
51.0799,1.1223,0.6837,-167.0821,431.0747,110,83.2347,62.5287,74.2336,320.3331,0.7139,9.717,77.2749,0,5.4695,33,5.8942,0.966,0
40.8826,1.6411,-0.7002,-52.1244,442.6219,107,89.3754,58.5609,64.8616,284.7911,0.7062,4.2396,114.9376,0,8.0603,26,3.1987,1.1203,0
45.9104,0.2361,-0.4062,42.3182,576.559,91,72.8094,40.455,88.7011,298.0206,0.7622,5.8882,99.1304,1,8.9765,37,7.1235,1.1926,0
44.2008,-0.9267,0.3644,-125.3196,631.0434,100,81.4573,64.4935,46.9514,342.6978,0.8085,0.3445,111.2059,0,7.5112,27,6.0466,0.9915,0
36.6608,-0.8961,0.3443,177.6446,535.7412,111,77.5755,17.9682,60.3446,267.5956,0.7323,2.7026,118.4639,0,9.6106,35,6.6884,0.9801,0
40.9204,-0.5436,-1.187,-81.2346,466.5662,109,96.0251,101.0699,91.1705,254.6657,0.9622,0.9788,112.7357,0,9.0769,30,7.4082,0.8791,0
49.8529,1.0312,-0.1715,-171.8299,394.6397,95,73.4966,62.8886,94.9776,217.5442,0.6193,10.9033,90.0262,0,6.5052,26,6.8768,0.8306,0
52.9857,-0.5001,0.4261,-169.9076,447.371,101,99.9789,60.8436,109.7373,337.4063,0.9845,10.3356,99.4454,0,5.536,27,7.0174,0.935,0
43.1607,0.9616,1.0143,59.9647,531.0947,100,75.5238,59.4452,57.4449,469.9623,0.8278,3.3695,118.4379,0,7.4325,27,8.6752,0.9936,0
37.973,-1.5248,-0.6194,61.1533,638.8179,101,66.115,35.1252,106.746,249.7406,0.978,5.8542,60.5261,0,8.6247,25,5.788,1.1177,0
46.4356,0.2872,0.5341,144.973,291.5723,97,71.2944,38.0704,104.1649,344.6878,0.8783,3.8966,97.006,0,7.8595,29,7.1091,0.8107,0
57.7963,-0.7511,-0.331,-147.2971,330.8123,108,71.5013,54.8168,30.9171,432.0152,0.6607,9.3207,27.9462,0,7.8359,40,3.7035,1.0515,0
40.6085,0.5221,0.5208,-44.5073,499.0776,90,96.5789,40.2658,90.5343,232.3859,0.8774,2.7861,84.417,0,10.1113,43,5.3325,0.9708,0
50.1288,-0.2563,-0.5202,140.1383,183.3358,110,66.5545,26.3015,99.0376,475.5011,0.9875,9.7454,19.1196,0,5.9673,26,9.3903,0.874,0
43.3956,0.7975,-0.115,107.1638,542.7991,94,83.2311,48.3918,30.3561,206.8691,0.8,2.1587,67.987,0,8.5467,28,3.9996,1.0159,0
61.2851,-0.4349,0.1937,-95.9581,658.4651,107,94.6763,57.0123,74.4449,355.4512,0.9511,3.4988,36.3201,0,7.2076,28,7.5656,1.1619,0
44.9339,-0.026,0.4771,140.3882,853.7612,104,107.7091,49.758,115.7577,188.9208,0.996,10.6632,121.7793,0,9.125,28,8.4741,0.8696,0
56.6201,0.8081,0.2852,65.0939,512.3105,117,78.8982,71.0496,115.8256,352.5613,0.7354,3.4312,71.0925,0,9.677,26,6.4036,1.154,0
60.1507,-0.1019,-0.2146,-84.8459,628.8965,113,81.1203,53.2675,96.6409,234.3775,0.765,10.9299,59.4962,0,7.8349,35,6.6883,0.8535,0
65.4148,0.0583,-0.2511,-163.8632,503.2832,106,68.3381,81.71,104.85,69.4496,0.71,1.6248,96.7716,0,13.3168,23,3.4375,1.1761,0
36.4669,0.7605,0.8895,-0.9204,742.9375,99,76.1924,96.1295,57.6794,439.4864,0.9701,7.5809,67.7397,0,7.6674,34,8.0229,1.1917,1
36.0189,-0.0768,0.1386,76.7079,436.5159,87,101.8565,47.3443,71.4959,320.6891,0.8506,3.3435,51.5612,0,6.4776,27,4.8184,1.0791,0
61.6522,-1.5848,-0.2377,-83.2881,549.4014,101,88.7146,27.6999,119.5728,246.1678,0.9029,3.8495,81.7085,0,12.1024,35,7.02,0.8356,0
60.0148,-0.571,0.269,-119.255,590.551,106,92.1485,27.1278,102.6572,276.61,0.6797,10.0028,43.7303,0,7.8976,35,6.9098,0.9905,0
43.8307,-1.9235,0.3114,-152.8988,558.2842,91,86.4784,49.0171,34.0138,280.8335,0.7717,6.8737,148.6878,0,5.8928,24,2.8541,0.9934,0
17.6301,-0.2499,-0.6767,123.1289,384.2528,93,90.6815,66.0422,34.9075,264.2946,0.8548,2.6232,93.9216,1,7.6929,24,5.9124,0.9006,0
50.8089,0.4713,0.2431,-160.2967,293.9329,123,99.3859,43.0381,82.1664,261.0515,0.8944,11.3455,109.7496,0,5.8627,17,4.4942,1.1515,0
34.825,0.1246,-0.7532,39.3854,653.1815,91,75.4326,50.5272,63.5972,286.0765,0.8628,4.8588,128.1288,0,9.1852,29,6.1741,0.8318,1
41.723,1.3947,-0.3224,94.7676,537.6802,93,87.3767,39.601,51.2453,498.8697,0.8839,10.5532,129.7129,0,8.1118,43,8.3956,0.9123,0
51.8119,1.2827,-0.4931,100.9735,511.2942,102,73.0861,43.6551,58.8106,72.0527,0.8463,10.9426,110.8867,0,9.4583,30,7.0641,0.8295,0
53.1564,0.2567,-0.0646,55.332,633.7868,98,59.643,52.1821,116.3056,98.6681,0.6777,5.0202,79.1852,0,7.7089,28,6.3802,0.8761,0
65.8131,-2.3922,-0.2185,55.0065,626.773,102,82.6489,69.5133,58.9411,344.89,0.8183,4.9633,97.5186,0,7.5113,27,7.2632,0.8967,0
46.2726,0.6713,-0.1001,-9.3269,553.7352,106,81.2429,68.6591,62.5651,41.6219,0.9578,6.6335,91.9897,1,8.0419,34,4.283,1.1619,0
40.237,-0.7717,-0.9474,-29.9855,595.3378,104,79.2496,5.287,70.6185,249.9657,0.6485,7.6428,92.8888,0,3.8303,34,7.5641,0.8159,0
59.1729,0.8812,-0.0381,-130.5523,421.2288,88,73.6071,63.5853,44.4779,221.5366,0.6946,0.6542,105.2385,0,9.945,36,5.8098,1.0008,0
53.7707,0.3127,-0.5506,12.7274,580.0729,105,81.3698,62.9635,65.04,296.1161,0.7762,0.8121,95.8675,0,5.7799,24,1.2706,0.9233,0
46.3687,0.6561,1.1418,-154.4293,264.5918,81,84.2349,48.2431,88.1899,237.3586,0.6293,3.0064,77.788,0,11.515,25,8.9498,1.1721,0
50.3176,0.5017,-0.1998,-11.449,502.9641,104,99.6185,43.2566,53.3299,285.1825,0.7516,5.1829,169.2625,0,8.2302,21,5.7088,0.8082,0
46.2197,2.3902,-0.1289,83.1243,612.0834,92,85.352,62.1025,86.0628,222.0319,0.7668,7.8583,50.0538,0,6.5806,24,4.6905,0.8837,0
56.9204,0.5212,0.3475,-20.5693,392.1756,99,85.8727,52.633,52.0261,174.2426,0.9287,2.3548,99.6686,1,9.8507,31,10.2913,1.1273,0
66.8794,-1.2801,0.6612,2.9819,521.3636,109,72.5086,45.4223,100.8019,273.3923,0.9941,3.663,109.3739,0,8.0574,29,6.7068,1.0188,0
42.7451,1.0713,-0.5888,123.1941,545.1917,87,70.4531,93.431,114.3711,351.0905,0.676,4.8917,127.6744,0,6.8367,32,3.5452,0.946,0
54.2089,-0.4304,0.2865,52.7696,366.3929,114,70.1916,60.218,69.9978,363.0046,0.6834,3.3539,85.9855,0,8.5134,36,4.4863,1.0948,0
34.7024,1.3452,0.4831,-134.0652,669.3626,97,77.0383,39.3716,116.7175,318.0327,0.9647,4.6233,110.5367,0,11.1028,29,6.2321,1.1664,0
39.2744,1.5429,0.0923,15.4574,548.052,110,80.6026,64.93,89.7943,427.518,0.9561,1.531,80.5067,0,7.0866,38,8.8029,0.9423,0
55.6256,0.6218,0.0823,-48.7529,248.6096,84,82.1568,58.7572,94.0474,308.5764,0.985,0.1824,120.2565,0,8.5315,23,5.6503,0.9534,0
49.296,-1.2776,-0.256,-105.5403,513.6055,89,71.8206,57.6024,76.0207,382.2698,0.9363,2.366,99.3753,1,9.5128,28,6.8318,1.0867,0
38.9083,-0.4603,-0.1611,53.2687,718.0653,91,57.5869,67.3825,50.4712,273.5971,0.8187,3.27,114.3513,0,7.8209,36,7.9847,1.0518,1
50.0876,1.3408,-0.0539,-40.8588,499.4043,92,75.8034,40.5493,114.5753,345.7162,0.8307,9.4783,100.1832,1,7.5824,21,4.9972,1.087,0
58.7891,1.999,-0.213,96.2305,402.4014,100,89.3733,55.2734,117.2855,495.9245,0.7709,9.0195,81.7625,0,5.4433,36,5.8641,1.0615,0
35.5307,0.0619,0.444,31.1403,418.3045,106,76.236,33.0692,105.7781,317.7811,0.6043,8.7156,50.7075,0,9.7775,29,6.5701,0.8565,0
67.4654,-0.2748,-0.4359,-142.4676,475.9822,100,79.2579,66.1014,71.716,419.7242,0.798,11.525,55.6317,0,6.197,35,4.6668,0.8488,0
55.7303,-1.1801,0.4277,-53.8743,318.1427,114,64.0596,50.3479,45.4096,301.0054,0.9517,4.9129,70.9891,0,9.1725,24,4.5986,1.0678,0
55.9296,-1.167,0.6639,-82.8565,710.3654,89,81.2437,33.7751,38.0726,174.5897,0.6435,1.253,84.8839,0,9.0051,36,7.684,0.8548,0
49.9865,0.2328,0.1849,-126.0099,638.6097,109,84.0943,49.0126,75.4096,315.8125,0.6835,9.8221,108.7336,0,7.454,26,8.3167,0.8395,0
67.4713,0.7007,-0.8947,108.079,661.5924,104,74.3004,54.6916,57.4702,353.4333,0.6696,6.999,90.2547,1,9.1426,26,5.8447,0.9344,0
59.6232,-1.4874,0.3061,-43.7297,274.4681,85,89.644,68.0533,107.1127,384.9265,0.6048,11.9971,108.6664,1,10.1844,32,5.78,1.1706,0
46.3242,0.8293,-0.3219,40.7732,519.2817,101,91.9884,74.4137,78.9401,231.8686,0.6556,4.0735,129.68,0,12.3446,33,5.6417,1.0972,1
57.5739,1.3723,-0.2638,137.5244,661.7182,97,101.1583,68.6745,112.8636,676.618,0.7813,10.4894,74.3054,0,6.8577,31,5.4066,0.9363,0
42.6686,0.6306,0.181,15.4824,357.9678,107,70.7316,60.7769,95.2776,407.9746,0.922,10.3209,134.31,0,5.4254,24,4.6132,0.939,0
47.1975,1.6529,0.5527,-87.091,489.1639,100,82.8632,64.796,70.6996,425.6574,0.6161,11.8001,6.5219,0,8.6692,26,1.8917,0.8836,0
64.6663,0.3555,-0.8307,104.6465,335.0835,83,68.1237,44.7289,96.8787,387.9615,0.7684,11.8102,99.6849,0,7.7332,35,2.5449,0.9796,0
53.8758,0.3654,0.0288,-23.1283,625.0887,99,86.0443,28.1688,117.1278,215.9419,0.9379,11.9022,103.7144,1,7.2068,31,7.9337,1.0797,0
56.6152,0.3463,0.9959,22.9812,467.8045,112,84.8419,36.6944,80.6593,258.1491,0.9703,10.9684,107.1145,0,6.4918,24,9.1637,1.1814,0
61.6963,1.3594,-0.5495,144.75,486.1288,92,60.7272,50.9672,58.2688,356.2739,0.6309,3.1309,126.0012,1,8.1639,33,4.0867,0.8564,0
55.4822,0.5376,-0.1002,-3.8609,330.7069,128,82.7217,45.9369,63.4626,115.4754,0.8655,5.2972,115.3691,0,4.7638,30,6.0415,0.8471,0
41.8882,-0.5298,-0.308,-59.5101,732.199,98,78.0085,45.098,85.8314,252.5379,0.8763,11.6458,116.1817,1,9.3513,33,6.0177,0.8794,1
66.6128,0.4234,0.3517,81.8617,507.6387,111,68.1493,55.4339,117.4606,249.5724,0.9873,4.7852,26.5687,0,7.885,28,5.4509,1.0361,1
55.1615,0.4334,-0.6252,-131.9398,618.7259,97,77.0796,69.8366,72.4858,360.6204,0.6125,11.0194,69.9937,0,6.3329,32,5.5146,1.0691,0
55.868,-0.2123,-0.7852,148.9407,557.6073,97,100.6188,55.6502,93.8061,200.6692,0.9209,9.0784,81.4844,0,10.3855,30,7.1852,0.8159,0
50.5588,1.0226,0.416,149.5967,363.6407,91,85.734,40.3109,46.1257,501.0598,0.8461,10.3932,112.2423,1,10.6992,35,9.2068,1.2005,0
61.1076,0.0915,0.1193,28.5866,253.8217,86,71.7297,25.7054,85.8398,622.5312,0.6284,9.0884,116.6177,0,6.0885,31,6.8076,1.1253,0
69.1496,0.7053,-0.5931,-124.4535,471.291,111,76.687,46.8846,96.0499,343.3218,0.7361,4.5808,63.7675,0,5.4336,31,7.1978,0.898,0
46.2466,0.5098,-0.0342,-17.2472,665.9723,93,60.6462,9.1181,68.1005,424.3986,0.8198,3.2729,102.9235,0,7.7138,30,6.0263,1.0568,0
60.6542,-0.7258,-0.6409,-27.6102,204.5676,108,69.1965,71.7998,87.2709,349.6349,0.6212,8.4392,60.1078,1,8.2783,29,7.8986,1.0484,0
50.3437,-0.9796,0.4611,-72.6071,792.2328,86,96.8417,51.9427,50.4351,245.9534,0.8823,1.0503,108.8962,0,7.6417,29,7.6701,1.0652,0
30.0189,-0.7153,0.1391,-116.964,625.0561,98,89.1686,85.4,71.3473,206.2325,0.9496,2.2161,117.741,1,8.2929,32,5.1014,1.1734,0
35.9594,-0.0812,-0.3573,-85.0696,528.6051,93,84.5107,76.7717,104.302,334.2767,0.8191,0.3587,126.8672,1,6.5177,23,7.0158,0.8308,0
54.2429,1.5915,-0.2901,19.9903,482.6241,82,83.9002,61.0146,47.9681,232.5277,0.8723,3.4039,53.0403,1,6.2389,32,4.8556,1.1047,0
60.1035,-0.0474,-0.2296,66.8544,628.8105,101,94.1677,39.9904,38.0166,401.3414,0.8518,3.748,65.9382,0,10.0085,28,5.733,1.2039,0
56.0908,0.3738,-0.5375,172.6546,316.8947,98,83.2034,42.5892,92.6781,235.6852,0.6232,10.7209,9.4193,1,10.8357,27,3.5849,1.1651,0
57.691,0.873,0.67,-102.327,566.3612,106,77.167,81.1677,58.2177,322.0507,0.7282,9.1376,115.4469,0,5.915,34,10.9436,0.9748,0
75.8961,-0.3589,0.5816,-106.5542,546.2272,106,79.0846,59.6414,73.929,214.2666,0.9367,8.2315,130.1696,0,5.6188,28,11.4403,1.0602,0
55.2838,-0.4147,-0.2006,-137.868,769.3129,108,77.3827,23.7275,110.2646,207.4524,0.914,9.5635,60.046,1,8.2486,30,7.4586,0.9247,0
47.3508,1.0516,-0.1573,158.0377,445.2125,88,77.2511,43.3357,45.5716,444.4204,0.7372,7.6559,65.3856,0,6.3417,26,7.0824,1.0842,0
48.7336,0.5682,-0.5615,-42.5343,506.6967,103,96.9648,78.2223,99.5719,253.8675,0.8083,3.1456,120.6542,0,11.069,31,6.0194,1.011,0
66.35,-0.564,-0.0803,152.6331,490.0133,92,69.4314,72.0469,75.6023,259.4104,0.9718,11.4863,81.7554,0,5.8523,30,4.0486,1.1486,0
37.3081,-0.4123,0.2446,140.1968,422.4657,116,74.9495,58.1513,34.1952,235.3443,0.9919,1.6327,125.8147,0,7.8785,22,4.6908,1.1064,0
62.3796,0.0853,0.5906,-164.1687,721.7364,97,61.7516,77.2785,46.154,249.7516,0.9218,1.2821,88.898,0,5.3064,26,6.9873,0.8132,0
50.1617,0.3296,-0.4481,-79.2824,353.8028,78,90.1094,25.1454,74.5972,289.2854,0.7107,2.8696,106.6854,0,6.8291,27,7.9471,1.1969,0
41.6842,1.244,-0.8424,-71.0918,272.3543,88,83.4252,38.1366,50.2145,97.5816,0.64,10.2761,70.0157,0,7.6878,19,5.096,0.963,0
35.4985,0.532,-0.5036,-80.1551,536.5882,104,97.3843,47.8252,61.9886,381.3106,0.9585,5.3154,90.8477,0,3.6825,30,7.8687,0.8759,0
64.8059,-0.9835,0.2781,-26.8791,391.2931,109,73.6034,39.9676,92.3927,339.4494,0.8643,4.7546,11.0508,0,6.5771,28,4.4125,1.1655,0
41.4264,-0.7863,-0.0218,-0.2492,538.1216,95,72.0535,64.9941,106.2799,387.7085,0.9344,3.402,147.1377,0,7.6343,32,6.53,1.0625,0
50.6236,0.3097,0.4962,92.9518,595.0087,104,68.3519,66.0204,69.6706,429.5063,0.6309,11.5169,106.9,0,6.665,26,7.4194,1.0825,0
40.2525,0.1428,0.0208,-83.627,521.9185,99,84.5568,60.1715,75.8222,314.5943,0.8252,9.2545,81.5047,0,8.1056,27,10.179,0.8645,0
69.6586,-0.844,0.8079,-72.4512,503.5966,85,76.4984,29.5991,83.1414,310.3778,0.9496,1.9859,76.5393,0,7.6648,22,7.6361,1.117,0
50.9817,1.0529,-0.7928,35.498,190.7291,93,83.0011,85.3922,45.2806,359.6864,0.6245,4.1808,44.7781,0,12.9487,31,4.6617,1.1098,0
36.5362,-2.2479,-1.2452,-115.4632,583.9295,99,75.759,56.7807,83.7728,168.3759,0.9727,4.328,57.6801,0,8.7196,32,5.8842,1.1996,0
45.7118,0.3356,0.6766,-9.6506,529.434,85,94.3891,18.1441,102.82,264.1822,0.8633,2.689,101.3001,1,6.4018,27,3.8487,1.0774,0
63.9314,-1.547,-0.3979,-89.6454,781.1328,90,92.65,25.9239,110.556,397.8928,0.7473,1.5333,89.8882,1,5.9297,23,7.9606,0.844,1
40.2317,0.8807,0.0688,-108.7236,670.5834,87,80.8609,34.8149,47.1981,386.3731,0.8707,10.0554,112.3102,0,9.936,28,5.8603,0.958,0
46.3857,-0.265,0.0672,106.4351,277.7023,100,90.5326,83.0454,107.0935,519.9038,0.8857,6.2461,57.9891,0,5.7174,29,5.1877,0.8429,0
61.8715,0.7477,0.1634,74.5642,659.1053,89,78.6763,32.5398,108.8014,292.3653,0.8545,4.261,129.8856,0,9.4171,22,4.8085,1.0216,0
53.4229,-0.391,-0.2369,-90.0675,305.0575,114,79.5422,28.8007,98.6605,421.6669,0.8907,0.73,69.2207,0,11.03,29,4.2553,0.8977,0
37.8054,1.3257,-0.4759,-30.5375,625.055,91,58.3583,71.8965,103.7219,294.1014,0.6533,3.028,58.8563,1,9.4677,36,4.6584,0.8285,0
52.2335,-1.8658,-0.5159,-124.4793,718.0396,96,85.0698,67.9019,69.9216,189.9514,0.8155,8.6971,74.5748,0,9.907,27,9.2103,1.0071,0
48.4725,0.8795,0.3018,-160.8594,780.0517,91,80.2288,38.8288,117.4141,317.6744,0.7263,10.7361,135.8405,0,8.8427,33,5.948,0.9692,0
50.5241,-0.6078,0.3857,30.6793,440.59,115,88.8019,60.1645,94.6051,278.0719,0.6516,10.7012,113.8813,0,9.008,30,9.7245,0.8517,0
59.4656,0.3751,-0.125,-49.117,605.9019,108,87.1423,44.9485,53.1771,257.8845,0.8821,3.7526,59.9803,1,5.5303,20,4.9068,1.1664,0
52.4059,0.4171,-0.2984,-105.3896,651.4232,111,72.5126,62.3931,32.6506,192.5646,0.8403,8.5042,66.9638,0,11.6306,32,8.5125,0.9655,0
49.0722,-1.3924,0.2843,-138.7418,570.593,100,78.0784,43.894,45.791,274.1346,0.9998,1.7671,19.6888,0,11.861,23,4.2912,1.0769,0
48.5809,0.9974,-0.7408,64.81,249.2838,101,75.2197,60.5778,97.1212,216.0632,0.9356,3.4129,104.3974,0,5.9621,23,8.5895,0.8161,0
60.768,0.3937,0.9748,-82.2744,523.168,118,90.447,50.4676,107.592,498.4385,0.7634,6.1916,82.6085,1,8.3901,33,7.9992,0.8493,0
42.7965,0.1169,0.2262,146.66,585.3556,105,95.7341,38.1966,37.8741,390.7073,0.9118,9.3096,66.9095,0,9.787,32,5.9415,1.1119,0
28.3209,0.3852,-0.0797,-110.59,499.7607,78,87.9851,68.622,88.8799,183.1501,0.6744,10.9279,133.6524,0,9.3973,30,3.1089,0.908,0
47.7471,0.1252,0.415,-92.241,371.1989,91,99.8559,51.4066,63.2109,240.3136,0.7881,11.3071,159.5536,0,11.3816,30,7.3986,1.0672,0
53.7826,0.8347,0.3153,126.6245,469.8668,104,85.239,69.6426,82.8893,260.5025,0.7614,1.95,101.2849,0,9.5908,33,6.3163,1.1493,0
45.8364,-0.4714,0.1175,26.0751,635.1789,116,70.2545,60.235,106.3917,279.1671,0.8443,5.3025,99.1607,0,8.9011,25,4.337,1.1478,0
44.7465,0.8362,-0.9451,-140.9837,559.0291,105,66.1237,49.1871,68.5154,216.236,0.9219,8.1091,96.7813,0,8.088,21,8.4818,1.0881,0
46.3575,0.5723,0.2055,17.8057,569.8192,84,70.8009,73.5634,46.8687,288.9354,0.7847,9.0318,89.9185,0,8.3612,30,6.67,1.0998,0
49.7544,-0.172,0.7279,-69.0739,462.7082,95,75.4647,55.135,40.215,401.5072,0.9459,6.0577,46.2093,1,9.9651,29,6.3634,0.8356,1
37.0171,1.8462,-0.2776,85.299,563.9717,91,73.2259,59.371,119.8598,263.1064,0.9012,0.6841,67.8076,0,9.4922,29,6.021,1.1124,0
56.6138,0.4516,0.4793,-151.9956,184.0395,88,80.5434,44.1152,99.0598,180.804,0.7081,9.6164,88.8832,1,7.5897,36,4.347,0.859,0
23.3766,0.195,0.4245,150.4388,493.395,97,78.1935,40.8295,34.8874,98.2909,0.8131,10.3432,117.1747,0,8.2845,40,6.2943,1.0921,0
55.4001,0.574,0.147,-7.8471,442.8586,86,80.7467,53.7579,45.4453,104.0262,0.9402,10.6919,79.7975,0,7.89,27,5.7801,1.0428,0
53.133,-0.1048,0.0851,84.3427,504.072,89,104.4157,32.1345,91.6527,328.4587,0.9014,10.5063,137.5441,0,7.2741,30,8.286,0.8444,0
54.9703,1.2011,0.2799,73.6782,324.0794,109,88.7594,53.0944,68.0536,312.6559,0.9283,9.046,122.8009,0,4.698,25,4.3696,1.0003,0
30.7157,-0.0214,0.2079,-115.8297,555.5375,83,82.6955,54.1246,85.8587,279.7837,0.7032,4.9877,88.9751,0,7.0295,38,7.3569,1.1072,0
52.9283,0.8194,0.9454,136.8336,788.3583,92,90.6186,29.4695,80.8528,241.8021,0.912,2.1574,84.2766,0,9.1804,36,4.2398,0.9645,0
44.575,-1.0683,0.4834,-96.2275,512.1145,91,71.9318,75.8033,44.1339,257.5267,0.7623,1.5796,98.7437,0,8.5292,24,5.771,1.1775,0
66.0219,-1.7958,0.3536,-111.3958,506.9783,100,71.5048,79.1291,69.5475,325.919,0.984,8.5013,107.4033,1,9.9085,31,6.5107,1.069,0
53.6172,0.4026,0.5286,7.4311,876.1608,107,89.1628,77.3874,77.7147,240.6759,0.7864,9.342,92.5145,1,9.2222,32,5.8839,0.8629,0
38.2327,-0.3838,0.3539,174.4368,357.8723,88,79.9957,46.6074,69.4558,304.8915,0.9588,7.8251,96.515,0,11.79,30,7.7959,0.8804,0
33.0949,-0.1927,-1.0404,-67.178,574.2357,122,81.2269,53.5884,73.2864,274.719,0.8652,6.8733,119.5168,1,6.8717,28,5.5826,0.9195,0
43.8523,-2.3414,-0.0584,167.2024,737.0573,123,68.5715,43.2266,119.0424,309.8444,0.9733,7.0757,89.2233,1,7.6815,22,7.2164,1.1484,0
58.1156,1.7006,-0.3098,-23.3672,441.4482,95,75.2614,64.8684,118.6641,81.827,0.8263,0.7856,118.1469,0,3.464,29,5.8287,1.1289,0
61.5246,0.1046,0.164,120.4833,627.9298,84,75.9049,46.6471,61.7273,380.9703,0.695,3.3881,80.4135,0,6.814,34,4.6663,1.0672,0
51.814,1.3346,-0.2784,10.7944,525.0192,96,75.1902,54.4208,95.6533,327.8036,0.8609,2.0452,66.7238,1,8.5708,30,8.5087,1.1001,0
50.8003,-1.3926,0.2956,-106.106,338.8053,94,101.4499,57.4205,51.0287,252.5476,0.7027,5.4538,74.5471,0,9.3119,37,8.8182,1.1371,0
46.6795,0.0986,-0.2106,136.7976,475.3537,79,101.209,28.2134,119.2308,268.3825,0.9403,0.9293,80.3232,0,7.6599,41,6.3903,1.094,0
49.7864,0.4075,0.8488,-154.0922,495.2318,103,91.3831,49.3982,67.2381,352.7149,0.6343,3.9696,55.5355,0,6.367,30,4.2567,0.9934,0
62.1572,0.134,0.825,65.7916,404.6082,96,80.9653,68.4506,82.5467,287.0913,0.6959,10.5074,105.9799,1,11.8965,27,5.6448,0.9324,0
46.5338,0.2335,-0.7234,119.073,259.0095,85,74.1275,126.5956,64.3102,360.5299,0.9134,1.1772,72.6166,0,6.6813,30,5.8069,1.1572,0
56.588,-1.3899,0.1614,119.5292,438.2129,116,69.6538,14.7405,44.0949,311.3199,0.767,6.7841,62.0926,1,4.0944,28,7.2743,1.0434,0
44.7158,0.317,-0.2309,55.9077,275.7372,110,83.4162,37.3615,43.8589,393.0445,0.6635,3.1457,99.3204,1,4.4932,31,9.1367,0.9609,0
60.1327,-0.8427,0.126,-89.6409,581.2543,98,92.7378,38.0919,114.5446,203.426,0.9977,4.451,42.7045,1,10.7023,25,9.5424,0.9645,0
55.7872,-0.6177,0.2933,11.4,582.3788,98,87.7808,25.2061,79.7289,312.6574,0.7826,3.5961,88.8799,0,9.3726,33,5.2167,0.977,0
59.7212,0.0165,-0.6394,46.6331,308.7914,81,81.0191,89.2619,117.4434,121.9074,0.7912,0.7472,80.6669,0,9.0978,25,7.198,0.9123,0
68.8212,-0.3519,-0.4868,140.29,512.2995,83,86.6794,49.3196,66.2575,203.4927,0.7411,0.8297,58.0802,0,6.8356,28,7.9426,0.8968,0
24.1801,-0.2944,-0.4246,-122.5195,298.3948,122,79.8107,46.7737,72.668,164.5955,0.6264,5.6372,106.2224,0,3.7799,31,6.3906,1.0316,0
57.5377,1.124,-0.2757,-12.629,445.7179,108,77.2229,62.6596,49.6438,284.1532,0.6968,10.1624,73.0612,0,5.2969,27,6.6642,0.8173,0
54.6913,-0.156,-0.2611,-60.0711,399.677,89,69.8633,38.3523,39.4299,266.322,0.7121,11.189,112.1784,1,3.8274,37,8.6562,0.8258,0
54.475,-0.3969,0.3984,-26.0235,572.0319,104,76.7068,64.7742,100.4556,238.899,0.8285,2.7161,99.4134,1,7.9051,26,4.7866,1.1541,0
52.4059,-0.123,0.1112,-114.1022,257.1039,103,83.0353,38.5163,65.6395,166.3842,0.9745,10.7697,75.6243,0,10.5107,24,6.8936,0.8935,0
52.3988,-1.1115,-0.4356,-101.7249,647.4633,100,75.8327,77.833,100.7944,133.2031,0.6559,0.5767,142.822,0,5.8989,33,7.7348,0.8189,0
53.3637,0.1626,-0.1598,97.1456,684.1646,111,68.5677,52.8089,70.2884,186.2674,0.9899,10.0797,95.4418,1,8.1896,35,3.5722,1.2044,0
59.0599,0.7218,-1.1848,-7.7845,478.3675,107,81.1462,77.8217,113.2353,387.1203,0.7896,6.5968,80.4049,0,9.7104,38,2.7927,0.8881,0
58.263,0.314,1.0099,5.093,298.1753,106,83.0366,62.3901,109.5633,302.8689,0.8332,1.0357,144.2322,1,4.9824,27,6.8188,0.9978,0
49.7504,0.0367,0.009,143.0921,185.9859,87,76.309,3.3543,103.9068,207.2351,0.614,0.9236,79.561,0,9.1422,31,9.4852,1.1468,0
48.1252,0.6015,0.4963,-93.6073,664.2901,96,79.7799,25.7641,101.3918,290.2463,0.9404,1.7066,167.1612,0,8.4759,30,6.7969,1.0944,0
50.2015,-0.5541,0.3966,-61.4622,797.5862,84,54.693,82.9659,89.2131,325.8378,0.9469,0.5781,108.2845,0,7.0101,29,5.4975,0.9429,0
45.8712,0.0392,-0.018,-68.8981,506.5332,102,87.4176,43.8111,108.3746,310.3079,0.9013,8.4817,144.073,0,10.9836,32,5.6424,0.8666,0
67.8023,1.3983,-1.191,57.3257,325.5874,90,82.8828,14.6839,106.6346,245.7354,0.6581,7.3974,124.6003,0,9.447,34,5.8948,1.0495,0
37.2924,-0.2941,-0.279,22.4823,335.7269,110,94.1538,40.2219,49.1607,246.0725,0.7618,10.0646,72.5719,0,9.5231,26,9.0113,0.9865,0
57.4979,0.6079,0.1768,-10.2439,677.2424,98,77.8702,42.9849,92.7199,253.0132,0.9822,5.8316,106.1786,0,7.6474,30,6.9119,0.8252,0
57.4384,0.6329,0.0303,60.4744,525.3416,111,87.3386,75.582,105.1,420.8669,0.7688,6.9986,136.5612,0,10.3353,38,9.0747,0.987,0
44.6961,-0.7577,0.5202,-5.7893,354.605,93,91.7845,33.5512,97.0783,359.247,0.7395,1.7248,156.1357,0,4.1624,24,8.9101,0.8657,0
52.9605,0.6879,-0.001,113.7446,844.8785,104,80.247,47.9152,31.5336,428.9658,0.6342,6.2524,97.2111,0,7.355,28,8.1372,1.0379,1
62.6296,-0.6068,0.921,-32.3125,656.8119,113,83.4432,72.1528,85.5756,311.6576,0.6319,3.7813,51.7058,0,7.2271,21,2.6309,1.2055,0
46.6997,0.4291,-0.5298,140.6187,582.4205,76,81.4264,40.8296,55.6433,201.2453,0.773,5.4162,104.6141,0,6.9322,35,7.7092,0.8353,0
63.1193,-0.623,0.2588,-136.9332,416.3043,103,64.0095,33.2645,99.6427,429.4785,0.8162,10.0405,75.0198,0,6.5914,31,5.8494,1.0741,0
61.1824,0.2811,-0.5145,-146.1787,685.8473,124,83.87,57.627,96.6462,267.0233,0.9299,8.0609,69.3991,0,9.6898,34,4.4049,1.1921,0
42.9014,0.1292,0.457,56.0525,632.2831,118,70.5862,65.8963,39.7915,188.6028,0.9629,0.7304,118.5256,1,6.871,33,5.2618,0.9289,0
38.9194,0.1119,-0.3766,-39.7059,484.0261,115,71.4165,48.8446,60.0445,203.3321,0.7599,11.506,78.885,0,7.865,29,5.4944,1.0545,0
51.6543,0.272,-0.8783,-15.9428,663.2527,91,85.2428,62.7008,111.0502,368.9508,0.9374,3.0894,99.6853,0,13.3005,18,7.8775,1.2,0
37.597,-0.5307,-0.7432,70.5667,656.8619,115,92.9309,39.4938,73.4896,313.7763,0.8175,5.511,67.8244,0,8.076,24,3.9222,1.0512,0
20.953,-1.1663,-0.236,-102.7658,541.0915,124,87.8079,10.7102,75.6176,227.3228,0.9891,5.6339,81.4767,0,7.1115,29,3.4142,1.146,0
45.1059,0.0816,0.7793,-164.1859,327.9687,86,85.8209,67.6237,48.3468,226.559,0.9717,7.7793,63.9676,0,6.6535,24,4.6259,1.2023,0
71.7425,1.1028,0.3707,-21.9999,346.7969,87,83.3758,29.9739,46.006,570.1085,0.8853,10.1376,136.506,0,7.5964,34,7.4355,1.1738,0
45.5284,0.5832,0.2234,142.1011,262.2826,97,88.6874,38.0097,36.025,344.8289,0.6757,3.3878,67.9839,0,7.5456,36,3.7323,1.1665,0
53.795,0.4472,-0.0325,-17.7344,698.6917,90,96.8418,54.7016,37.1789,281.753,0.9699,3.5388,98.6777,0,11.8416,29,2.0722,1.1021,0
56.9999,-0.5109,-0.5632,25.9072,280.88,103,74.2313,69.4546,45.7741,345.0562,0.6467,2.6722,114.3805,0,8.3079,36,5.0984,0.9809,0
49.5882,0.1865,-0.4664,-104.9875,505.1153,91,74.5601,48.4421,31.2613,109.6378,0.9273,9.1191,82.8554,0,7.1412,23,4.931,1.0152,0
46.6638,-0.8305,-0.2759,-12.9334,261.3633,103,87.3113,39.9992,119.5059,203.8032,0.7977,7.6349,113.6504,0,12.5795,29,6.7196,0.8514,0
62.2872,-0.4236,-0.3212,-6.9644,752.5476,95,62.9497,79.7361,69.1363,218.6843,0.8446,2.5176,103.215,0,6.7628,27,7.3565,0.9136,0
50.3992,0.3571,-0.3284,-95.3492,325.621,92,79.0106,43.9202,66.7433,431.7678,0.9485,5.3624,135.7453,0,5.0074,22,6.553,0.9119,0
49.0861,-1.8167,-0.4757,-121.0332,548.4175,87,82.6108,44.9289,82.7974,101.9929,0.9172,4.8719,112.8521,0,7.0252,29,8.0813,0.9849,0
57.9749,1.7295,0.003,-53.9072,264.807,91,74.5729,18.5345,106.9718,205.3808,0.6234,6.4483,123.2774,0,4.5193,32,6.8856,1.0925,0
39.7044,-1.3342,-0.3756,-166.0084,630.62,113,60.8243,52.3351,89.6997,304.099,0.748,9.8538,109.4445,0,8.7013,33,6.2628,0.8691,0
37.3689,1.8887,0.5658,-120.0774,662.7148,104,93.854,78.9686,49.2526,253.9172,0.9882,10.7105,28.3648,0,7.9081,23,3.3554,1.0456,0
33.7509,-0.8389,0.5608,83.2873,502.6376,89,74.0038,20.9309,97.0491,201.854,0.7424,2.6092,58.5941,1,8.7385,31,4.715,1.1746,0
55.6801,-0.8488,0.3005,53.6882,490.1295,101,74.4496,35.8256,42.6003,271.9826,0.9222,7.2364,111.6749,0,7.0007,30,3.1553,0.942,0
48.3634,-0.3976,0.2428,-67.3989,621.6439,105,93.2831,49.2593,107.0835,462.4885,0.8914,9.6294,40.8613,0,8.3939,30,3.6865,0.9582,0
58.2636,-0.4394,-0.7761,18.4183,408.5593,87,50.4663,60.7947,95.9671,386.3758,0.9824,1.6467,101.757,1,11.1669,33,6.7185,0.8665,0
50.5091,-0.605,1.1454,118.5786,663.3292,104,95.1123,56.0456,114.3258,134.5103,0.9799,4.0964,114.6936,0,9.553,35,4.4245,1.0707,0
36.2904,-0.3706,-0.1408,122.0921,544.4792,103,102.2615,50.7927,108.7601,307.765,0.7829,1.9357,116.6651,0,9.948,24,8.2816,1.0237,0
46.4439,0.0917,0.3969,55.5757,264.0446,117,71.1054,36.7797,67.1635,123.2484,0.6912,4.5228,61.3182,0,9.2599,34,10.4154,1.1077,0
58.968,-0.8974,0.4165,-135.3408,777.0034,82,75.1071,77.3459,110.4798,326.9098,0.7204,0.5015,106.2044,0,11.0809,27,3.4598,1.1942,0
47.3783,0.8407,-0.5206,-121.3559,527.6018,109,84.8822,7.8168,102.8825,391.9916,0.7178,5.9283,104.9502,0,8.3639,31,8.9601,1.0995,0
61.8681,1.4122,-0.3139,-74.9976,449.2703,94,82.5061,72.7447,70.2529,163.0377,0.852,11.9583,99.5205,1,8.1131,34,6.527,0.877,0
45.4643,-1.9447,0.199,61.4573,524.8053,108,89.8472,90.5005,92.5419,337.6203,0.7468,10.5007,94.242,1,7.9915,24,6.232,1.1131,0
57.1936,1.8554,-0.773,-87.1186,392.2409,84,84.9781,64.8204,44.9894,451.5685,0.9473,6.1057,81.7057,0,6.5471,22,3.3864,1.1391,0
32.1741,0.7725,-0.0447,-12.8043,477.0672,128,88.3041,38.1966,78.0895,81.5923,0.7207,7.0446,40.1977,1,7.6431,36,2.1736,1.1133,0
47.7355,0.2576,-1.1976,117.1892,618.4,102,114.3871,55.7695,34.8259,310.0055,0.996,9.217,142.1966,1,10.813,28,5.5752,1.191,0
46.1293,-0.5742,0.0051,141.0385,603.1543,102,64.0582,26.792,66.981,314.4363,0.8651,2.784,111.9411,0,6.6847,38,8.3445,0.8682,0
36.0213,0.1666,0.6876,121.8763,592.9542,114,93.4242,30.8776,86.5298,289.3211,0.7423,6.5959,103.8784,0,7.9121,33,5.5918,0.9323,1
61.1192,0.8975,-0.0012,-138.0821,409.8453,86,94.7929,60.7988,86.4738,194.3739,0.8344,5.7983,105.3872,0,9.894,21,3.7435,0.9432,0
43.5993,2.6099,-0.7316,147.8715,370.8801,109,69.0202,61.6551,63.334,329.3614,0.7447,4.6137,131.4486,0,7.8729,33,5.9285,1.0649,0
42.5672,2.1919,-0.2764,66.2899,558.1839,102,72.0123,57.3613,37.9346,259.68,0.8061,5.4691,53.004,0,7.7295,24,8.131,1.1147,0
63.013,-1.5286,0.3076,42.7632,615.617,104,85.0205,26.1215,87.6882,324.402,0.8104,9.2341,50.8861,0,8.877,25,6.6959,0.9376,0
51.6145,-0.2078,0.0834,-90.8838,390.1095,99,67.5021,97.0058,37.6248,227.9345,0.9061,4.5649,32.8239,1,9.6354,20,5.8228,1.2005,0
57.798,0.0775,0.226,154.162,465.8314,103,73.8559,61.4268,51.0892,303.2278,0.7787,11.0315,77.9657,0,5.1026,19,7.223,1.1422,0
32.9729,1.3436,-0.0861,-173.75,558.8726,104,82.3922,47.6515,102.2953,565.2932,0.9795,10.7755,93.8695,0,9.9125,32,5.8377,0.9764,0
42.0146,-0.0839,-0.3829,-150.413,485.6373,82,73.1631,51.6613,69.2986,145.4319,0.6394,11.6845,89.6131,0,8.3839,37,9.044,0.8656,0
70.8639,-0.7552,0.0627,-124.6772,673.58,105,77.7241,37.803,119.9794,10.1325,0.7284,0.7721,40.7344,0,4.9931,30,6.4013,0.9758,0
58.5405,0.0538,0.034,69.892,303.8074,102,71.329,32.7757,99.323,313.1865,0.8988,7.2862,55.7348,0,9.0571,28,4.578,1.105,0
39.2667,-0.3853,0.5136,44.2286,282.0517,92,70.5767,99.4436,66.4653,267.6277,0.8385,2.4778,144.3775,0,10.1112,31,7.9328,0.9123,0
52.2503,0.9865,-0.2349,160.084,664.3803,97,84.7154,33.0345,39.8839,279.7037,0.6496,0.9618,82.1389,0,7.9022,37,1.1258,0.9569,0
40.0435,2.3876,0.0244,-54.3666,592.5663,93,78.9881,36.7758,68.625,195.9767,0.9255,6.1671,80.0146,0,8.8998,33,6.7169,0.8621,0
63.9384,0.9106,-0.0726,-54.858,513.5798,111,81.2338,43.3989,42.297,338.0582,0.8656,11.1996,117.8577,0,8.7033,28,4.9971,1.1486,0
27.3025,0.9509,1.137,61.0322,449.9156,87,87.0417,35.7765,92.094,442.4824,0.8336,3.5353,123.526,0,10.4405,19,4.4244,1.148,0
52.753,1.2356,-0.3765,-117.3034,570.6002,106,81.8382,50.2349,39.4521,227.9509,0.9504,4.7809,98.8798,0,9.473,33,4.488,0.8993,0
52.6028,0.4545,-0.1923,-12.9446,528.3286,108,76.6487,41.4659,114.898,396.9305,0.9337,8.1913,101.5346,0,7.4397,32,4.3773,1.0159,0
38.8737,-0.3987,-0.4787,-174.444,544.9181,88,71.1952,47.4473,65.078,327.6928,0.7264,10.5011,53.8257,1,5.1928,33,4.9106,0.8191,0
47.2685,-0.3002,0.6519,33.1342,489.8604,114,84.4898,43.5607,32.9394,341.4959,0.8179,1.2248,102.0437,1,6.2561,27,4.3212,1.169,0
53.7554,1.096,0.689,102.2365,580.2627,100,99.9438,45.3554,104.5742,317.0712,0.9437,7.1267,108.9503,0,9.5845,30,5.5019,1.1565,0
32.2187,0.2889,-0.1084,-106.6484,637.7522,100,88.8046,19.2284,61.6262,255.1294,0.6259,2.8676,119.2801,0,9.5384,26,6.0523,1.0984,0
37.2044,-0.9823,0.5928,-69.4186,635.592,96,64.9495,43.7623,90.2952,366.6733,0.7314,9.323,73.5185,0,5.7475,27,3.6945,1.2026,0
48.4489,1.3091,0.1641,-132.5378,568.5887,88,59.7541,47.5252,107.6995,244.1331,0.7554,3.1845,121.107,1,6.4775,37,3.977,1.1391,0
41.6694,-0.7741,0.351,41.6428,499.4467,89,72.6488,44.5407,35.2942,397.9303,0.7089,8.7302,118.8496,0,7.3007,29,5.4032,0.9281,0
45.3687,-1.1274,-0.4974,23.0474,566.6772,97,64.6274,44.7911,31.4151,413.8012,0.8034,8.5688,76.9601,0,10.8126,30,7.0131,0.9718,0
49.7992,-0.8769,0.0807,117.5026,679.2567,97,67.1523,68.3957,42.7416,279.8833,0.9185,11.7102,115.5766,0,6.9025,37,3.3195,1.1595,0
40.8954,0.3064,0.9362,169.3237,476.8273,83,56.2448,39.7693,51.1997,193.8198,0.7918,5.9332,65.1237,0,5.6874,25,3.7464,1.0187,0
49.7342,0.9727,0.7387,174.1117,459.1302,94,82.3312,70.2469,77.1709,297.9229,0.6171,1.9161,46.4847,0,10.9491,22,6.5747,1.1213,0
52.98,0.2547,0.4026,-141.4196,574.0364,126,68.4171,90.2434,116.4863,411.8023,0.9415,9.5169,75.9632,0,7.8174,36,5.4323,0.9061,0
57.7887,-0.5569,0.4755,19.1291,610.7469,98,68.3188,37.0026,79.055,250.0669,0.682,8.9674,96.4438,0,7.61,27,4.308,1.0167,0
37.5417,-0.8079,1.2165,104.2757,484.9257,89,73.3642,57.5152,107.3372,313.0961,0.7726,10.2109,76.1712,0,6.9869,27,4.3503,0.9851,0
43.716,0.7711,0.3929,57.2339,567.5764,97,73.5744,54.8431,47.9644,276.4385,0.6082,6.703,43.3192,0,6.542,27,4.4015,0.81,0
55.8854,-0.0927,-0.3308,142.9152,373.9519,101,77.3764,51.0463,110.3779,261.338,0.7758,7.908,103.1779,0,8.7335,24,3.9079,0.8481,0
35.1791,0.341,0.6065,-20.9811,498.3553,99,65.9945,17.6609,94.3146,465.0698,0.7499,11.5605,85.7158,1,7.5428,29,8.2129,1.0808,0
51.0619,-0.1403,-0.0372,-26.2451,732.9405,98,89.8496,67.7575,115.4887,391.9296,0.7156,0.1928,57.839,0,6.1659,32,4.5672,1.0932,0
50.281,0.2994,0.2444,-170.5995,591.1587,115,82.7901,42.4943,108.612,220.9774,0.9749,8.0149,84.0815,1,6.3581,31,4.836,0.953,0
24.1316,0.3902,0.0592,-174.3661,402.9448,111,84.1384,73.2549,106.5234,96.8103,0.8713,5.5247,70.2487,0,9.7923,33,7.7267,0.8498,0
45.0565,2.4254,-0.3544,69.3525,423.0286,91,75.6005,49.6929,36.5811,346.5617,0.9662,4.9336,90.4809,1,10.0075,24,4.3436,0.8118,0
53.3078,0.4025,0.1543,-10.2722,313.475,106,90.7445,72.7024,90.648,215.4338,0.7867,3.5845,83.3796,0,7.2948,35,9.065,1.0893,0
47.8815,-0.3874,0.4834,57.6831,743.5241,99,84.8862,60.2642,57.681,324.8277,0.8064,8.7112,103.8335,0,8.0692,26,5.6084,1.044,0
45.2572,0.1756,0.3694,-94.24,350.8125,107,81.9039,65.2762,53.2565,276.9718,0.9795,1.3816,82.9407,1,8.9032,29,8.54,1.0726,0
51.5617,-0.9496,0.24,130.7132,120.6457,93,89.9821,62.5252,70.7859,427.5538,0.7831,2.751,29.0844,0,7.9191,21,5.8014,0.8683,0
59.889,-0.9584,-0.1003,145.0312,289.0144,104,63.2952,47.2377,108.0551,283.3415,0.6124,3.8551,64.3522,0,7.403,35,8.0759,0.8518,0
55.3759,1.2497,-0.8295,58.4268,507.9512,106,81.9401,42.7583,38.0807,321.4414,0.8581,2.4319,63.4892,0,8.0387,40,9.0135,0.9887,0
42.4415,0.3042,-0.0237,-79.9915,392.4477,120,73.3061,58.993,113.176,518.5641,0.6792,1.7508,95.8207,0,9.9825,24,6.7566,0.8847,0
35.4101,1.119,0.2771,-102.1839,519.4032,115,72.7363,63.9657,107.2219,417.8554,0.9814,5.826,90.2436,1,7.0027,31,5.04,0.9808,0
55.1947,-1.6249,-1.0794,45.18,551.2267,112,87.9917,49.8616,55.1879,122.1834,0.6278,1.4189,120.3937,0,7.5089,34,4.5666,1.1244,0
38.2226,-0.9755,-0.0335,158.6801,406.4023,105,93.7185,65.5668,60.5422,271.6247,0.959,3.6822,86.3522,0,10.8075,33,6.9142,0.8876,0
44.7197,0.2982,-0.0474,28.1205,362.0438,83,92.7242,35.2314,34.5655,245.387,0.658,10.8886,58.7396,0,9.0435,32,6.1859,0.9457,0
52.0094,-0.8244,-0.4573,122.1497,636.631,99,80.0677,55.0996,95.6657,357.7781,0.7032,6.5556,95.123,0,10.2899,36,4.5101,1.1139,0
61.4653,-1.424,0.3802,23.546,544.7609,95,76.7623,72.8952,45.4609,243.378,0.6608,6.2326,108.6617,0,8.2996,37,8.2455,0.9684,0
62.8581,-1.0789,0.4721,62.8565,98.5922,94,92.4088,55.0794,56.5831,145.503,0.7333,9.7297,81.7671,0,9.889,23,5.6655,1.0354,0
50.6069,-0.3212,0.9071,24.3996,269.4188,102,70.1811,47.7675,65.8168,310.7709,0.6427,8.2917,112.9718,0,12.9593,25,2.9633,0.8896,0
44.9051,0.4131,-0.0141,27.1309,231.0815,99,96.9704,68.1755,66.5934,395.612,0.7497,4.363,78.467,1,8.9605,24,5.81,1.1556,0
37.9936,1.7152,0.6458,86.13,476.0777,97,76.1398,81.5407,102.1397,284.9021,0.7241,1.6132,89.6174,0,5.6613,31,5.5112,0.9352,0
69.5863,-1.0526,-0.4096,-37.352,530.4226,95,79.5033,61.9237,74.549,277.9364,0.8968,9.0295,90.7211,0,6.344,35,7.0702,0.9919,0
47.1011,-1.0009,-0.1856,145.4392,474.2754,99,74.6679,18.3917,35.0083,290.9526,0.8445,1.33,64.5252,0,8.2784,37,0.4327,0.8847,0
56.7783,-1.4509,0.3397,130.8574,405.7382,96,80.3492,34.633,84.0487,223.7762,0.8734,3.6669,75.8592,0,7.8853,29,2.6227,0.8887,0
51.9678,0.5731,-0.328,81.1131,653.2905,105,70.8924,70.4158,57.6128,276.9276,0.7963,9.3302,94.2604,0,9.557,31,9.045,0.9815,0
45.044,0.1248,-0.0811,87.6334,548.0733,115,76.2751,40.5073,60.5878,270.2185,0.9412,8.4567,99.9848,0,4.853,27,5.9305,0.8839,0
44.6204,-0.9648,0.4198,-31.2333,363.1821,115,81.5363,51.7584,48.6002,360.1941,0.7415,10.1418,138.1349,0,5.8549,31,5.6077,1.2051,0
36.1688,-0.8308,-0.003,119.7095,372.926,107,78.9362,39.749,40.0552,419.0141,0.7609,7.2588,70.4317,0,7.9656,20,7.0258,1.0316,0
61.2243,-0.1239,-0.4598,155.7394,385.6741,95,55.1078,67.3932,53.0567,374.402,0.6387,7.5058,116.0748,0,7.8744,37,3.9192,0.8304,0
48.7947,-0.0674,-0.2948,106.2535,447.886,86,104.7399,60.6011,108.9159,257.212,0.9996,5.959,107.0212,0,5.7096,31,5.4314,0.8419,0
64.2957,-1.0397,-0.1367,-132.1118,505.2777,129,95.8163,37.33,108.4571,113.3248,0.7809,3.6591,114.6884,1,11.7811,23,5.9554,0.9912,0
45.5123,0.1772,0.2938,103.1839,562.0078,113,68.3495,67.1702,115.0555,277.1091,0.9663,5.8457,70.9029,0,8.9552,28,3.6966,0.8257,0
47.0198,-1.3763,-0.1625,-12.7543,376.5009,81,73.7844,68.2922,33.0802,363.9794,0.9411,1.428,79.1514,0,7.4279,42,4.8769,1.1058,0
38.6674,0.049,-1.2245,39.1318,296.5453,106,78.2838,62.0233,111.0459,397.2465,0.7037,11.9285,72.4368,0,9.7198,25,2.4015,1.09,0
46.8856,-0.1776,0.3931,176.8176,559.0239,105,86.647,54.8605,62.5366,276.4449,0.8005,4.1162,82.6534,0,6.6709,31,8.4628,1.1098,0
37.5988,0.4011,0.3227,-50.6323,624.3358,102,84.723,124.1049,88.3715,241.9511,0.8353,10.2794,106.2598,0,12.4291,23,4.054,1.1084,0
54.0266,1.2113,-0.5328,-54.5298,756.5234,114,69.0117,21.796,85.7841,179.4414,0.938,10.9308,91.6877,0,6.6233,33,4.4871,0.8791,0
51.0781,-0.3707,-0.5667,-85.2721,560.7121,96,103.4246,44.3218,45.453,381.4704,0.639,0.325,116.0954,0,7.359,33,8.3387,1.1651,0
64.7488,0.0004,0.6755,-134.2357,390.51,82,76.0341,50.1718,45.4891,147.1149,0.9313,7.1585,66.5874,0,11.6003,29,6.2919,1.1421,0
35.4224,-1.9807,-0.1203,-119.4575,591.5993,95,98.0493,75.4544,49.2047,388.9808,0.6448,10.2472,31.3684,0,6.6405,33,5.7462,1.0218,0
62.16,1.9717,0.3768,5.1368,477.3749,93,73.9593,44.8507,54.1905,241.9192,0.7795,5.2495,88.206,0,7.7458,37,5.2294,0.9053,0
40.2156,-1.8606,-0.347,147.5279,298.2162,84,90.5677,72.9978,63.2488,183.2069,0.9449,0.7285,85.0868,0,7.6136,35,6.2849,1.169,0
53.4423,-0.0829,0.3276,111.5637,492.7306,107,83.757,38.7679,70.951,439.4077,0.6935,4.5951,97.5804,0,5.1171,21,3.3876,1.1143,0
38.5456,-2.5486,-0.4614,-114.3029,542.3921,96,71.444,59.482,62.3203,175.7037,0.6185,3.3062,99.5817,0,8.8193,32,9.5476,0.8072,0
52.0277,-0.8257,0.2111,22.2085,715.0366,105,85.8765,67.7086,83.0361,156.2648,0.6191,10.6457,46.5671,1,9.7214,36,3.5831,0.9646,0
24.894,1.7354,0.1784,124.8929,510.702,102,81.8324,38.0695,44.1442,497.576,0.6755,7.9937,31.8859,0,9.2769,35,5.5443,0.9565,0
43.2942,1.1447,-1.0323,14.2175,377.6995,100,89.2211,65.8541,113.9115,359.4612,0.8164,3.1235,160.6926,1,8.092,36,3.0641,1.0442,0
51.061,0.985,0.062,148.1156,216.9631,109,72.2429,79.1471,105.3549,340.4715,0.9571,9.6632,132.2739,0,3.5973,40,9.3534,0.9069,0
67.5545,-0.1928,-0.3593,146.8386,315.6367,106,79.1612,48.5059,34.6641,322.4263,0.8836,6.1047,123.4703,0,8.982,21,3.4837,1.1664,0
28.7199,1.6509,0.5465,-54.6321,354.4657,107,88.0886,30.8087,71.5425,231.9888,0.922,10.5051,126.4904,0,6.5955,43,4.2133,0.8659,0
49.9772,0.2574,0.1176,134.6146,749.9379,94,61.7223,44.3371,103.3218,249.7581,0.6986,9.6147,99.4929,0,5.9342,35,7.5465,0.9114,0
44.8126,0.6898,-0.1237,30.6417,471.3536,94,68.4576,48.7478,61.7211,473.4031,0.753,7.983,107.3417,0,8.4148,28,5.3067,0.9008,0
30.8395,2.6469,0.7594,-7.2553,486.5601,108,80.4029,69.7416,68.1087,290.9,0.8097,1.3839,62.0371,1,7.0468,31,2.3812,0.8644,0
38.7517,1.0903,-0.9516,98.7355,665.1786,102,81.8003,32.5975,119.618,233.9522,0.7471,7.2306,93.9968,0,6.5196,25,6.1549,0.949,0
45.2889,-0.0655,0.9636,104.262,590.3956,90,79.0444,63.3891,97.9958,433.7417,0.9009,7.3964,101.0117,0,10.5133,27,7.3054,0.9002,0
54.6708,0.5104,0.9377,63.1521,460.6881,90,87.9833,61.7387,54.9277,225.3576,0.9881,9.7896,134.7406,0,7.6314,32,5.7516,1.0101,0
50.879,1.4041,-0.1948,111.9218,671.9704,100,78.9974,60.0624,80.872,346.9304,0.9077,2.2071,23.1849,0,7.1704,32,4.3025,1.183,0
36.8752,0.6225,0.4442,162.5126,397.3985,107,90.2261,74.6953,102.2435,438.2052,0.9761,7.3189,150.8073,0,9.5199,26,5.3483,0.8242,0
31.6596,0.7831,0.2427,134.3115,542.5494,100,83.235,55.8424,55.2251,281.6675,0.9914,9.9337,112.9004,0,7.7627,16,7.3968,1.1193,0
54.1765,1.2879,-1.2426,-153.2688,311.7112,96,68.8213,39.3549,36.8526,81.9784,0.7285,0.2148,102.4402,0,9.1194,18,9.6831,1.1401,0
48.0473,2.5301,-0.0558,126.0104,539.0317,104,81.6171,49.302,59.6846,388.2732,0.8464,7.3525,91.451,0,4.0198,34,5.3193,0.8347,0
66.1142,-0.9348,-0.6325,101.35,652.6614,92,79.2158,51.4124,109.4312,427.8398,0.9066,9.7773,82.0449,0,3.8358,26,5.7652,0.9494,0
46.4744,0.7021,-0.6781,153.6269,630.6952,111,73.2891,40.4706,72.1085,302.0988,0.8476,5.4091,49.4123,0,6.068,35,7.8984,1.1506,0
61.4323,0.4596,-0.1432,86.2448,635.3219,83,64.8274,21.3069,83.7536,278.1602,0.8393,2.2934,83.7269,0,7.6108,35,7.2223,1.0408,0
55.4384,-0.3857,-0.1259,136.0273,933.1659,99,68.2015,52.6483,33.718,298.2981,0.7473,9.4076,101.5166,0,10.3063,33,7.8871,1.0264,0
58.2161,-0.6474,0.6079,-176.3212,459.8651,101,71.5213,55.148,51.5523,309.2288,0.8121,1.078,84.6468,1,4.9721,38,4.7952,0.9393,0
54.3241,1.6521,-0.3762,172.0099,364.4381,99,90.5876,49.2585,100.6288,265.4796,0.7363,6.4014,102.5044,0,5.3094,34,4.8797,0.8355,0
54.5433,-1.0222,-0.1974,-111.2737,568.4067,99,76.7515,51.0819,94.0197,475.9174,0.6903,0.0757,97.1869,0,10.0914,28,4.3213,0.9345,0
27.0814,-1.409,0.6837,131.1226,367.9502,115,92.2212,32.1456,39.9784,320.0921,0.752,5.6594,52.5869,0,6.0932,29,3.8713,0.8183,0
47.6309,-0.563,-0.0919,154.6598,330.0635,93,69.7778,2.0955,103.8408,301.9133,0.7598,10.7617,62.2757,0,5.8479,21,5.4911,0.9327,0
43.3638,-1.7819,-0.2566,-179.1996,462.1397,103,72.9401,44.9201,77.8646,377.9614,0.6577,11.1631,94.9133,0,9.9024,31,6.0639,1.1778,0
62.7065,-0.8459,0.4284,148.9241,797.0418,81,74.3766,23.294,52.4929,258.0588,0.7954,1.9579,39.0568,0,2.2185,40,2.4851,1.1343,0
39.9833,-1.0526,0.2653,118.5163,603.355,102,77.0869,57.3275,43.9957,275.6228,0.8548,7.4407,128.2563,0,8.7936,41,6.0737,0.8785,0
47.1972,0.086,0.05,152.0686,557.0741,108,82.4033,28.6193,45.4306,350.1169,0.6416,0.666,113.8819,0,10.2046,35,4.1833,0.971,0
58.0087,1.4455,0.462,-116.3224,249.0829,109,86.2674,49.1272,67.6197,296.1189,0.8124,8.1669,77.7066,0,7.8442,29,6.5651,1.1176,0
53.0097,-0.5893,-0.6238,99.8787,406.5617,96,92.5569,44.1119,108.8484,375.1275,0.6351,9.2022,72.1765,1,7.5042,31,7.039,1.1933,0
51.6731,0.8651,-0.2909,-4.5051,714.884,97,58.0067,35.2546,63.0995,268.9691,0.9425,5.4966,81.9788,0,9.5941,27,5.2702,1.0334,1
61.092,0.7513,0.9992,-87.2319,459.5048,96,100.2405,70.0507,88.5972,341.6495,0.7635,5.1046,87.5657,0,8.5757,27,7.086,0.9274,0
52.6008,-2.2205,-1.5172,92.2217,829.2409,98,69.3911,27.285,42.8479,380.7046,0.6973,6.5922,67.5942,0,3.5551,37,4.1617,1.0213,0
44.5507,-0.5519,-0.3364,-9.6288,567.2073,111,81.0023,2.9149,35.7496,401.936,0.751,3.5187,103.9523,0,3.9942,29,6.1167,1.1901,0
37.0373,-0.376,-0.5917,143.9585,477.4302,105,89.607,25.6105,67.0025,101.7584,0.8607,5.774,103.7967,0,8.9865,37,3.7905,1.0967,0
54.867,0.3815,0.0355,75.8633,452.9035,92,86.4225,80.5473,44.8007,330.0594,0.7911,10.4469,86.8775,0,5.797,20,7.4116,0.807,0
42.299,0.5701,0.3025,-129.9077,490.2424,85,91.2048,44.6197,47.5214,384.4725,0.8412,1.3371,118.5696,0,8.48,34,5.0734,1.0986,0
47.5886,0.3308,0.5535,-89.7252,282.2269,111,90.1783,71.703,54.2673,203.6956,0.8384,6.6004,138.263,0,8.9805,29,4.9819,1.0895,0
60.7836,-0.895,-0.2052,-84.7679,645.9593,78,84.1704,49.6989,35.5354,407.6422,0.8782,3.8054,48.3716,1,8.3924,31,4.2277,1.1258,0
47.7873,-0.6333,-0.4614,-56.142,566.2547,97,87.5018,74.0674,102.0775,321.0455,0.9728,9.1314,121.9982,0,5.9046,30,9.6645,1.1002,0
45.5577,-1.5032,-0.7256,59.9222,461.5711,119,67.6207,33.5536,78.7852,256.7535,0.8612,4.04,59.5536,0,7.8383,22,3.8269,0.9138,0
47.2039,0.0664,0.024,141.9597,483.2734,96,72.8993,55.6944,66.6409,342.7446,0.666,9.549,52.2822,0,6.008,35,5.4068,1.201,0
47.4737,-0.3672,1.0636,33.7321,621.4685,89,70.2617,65.9276,59.8175,382.3381,0.7825,4.7617,60.38,0,7.6911,35,5.4839,1.0596,0
40.088,0.5327,-0.2938,90.6486,804.465,105,56.2961,24.675,30.0876,84.6089,0.6762,7.4252,102.319,0,7.4403,37,4.0245,1.1444,0
66.7736,0.6969,-0.0359,-65.9762,729.7359,94,70.6092,29.4116,108.2421,461.9243,0.6546,8.4028,56.2334,0,6.6746,40,3.1403,0.8086,0
44.5068,-0.3338,0.0681,8.0873,527.8635,104,69.6534,44.9881,98.5687,105.0933,0.8978,3.852,75.3168,0,9.3039,36,4.7991,0.9174,0
57.8439,0.2821,-0.2114,1.4855,376.6085,97,70.6882,59.5424,95.7956,189.6037,0.6621,5.032,94.5004,0,11.3162,37,7.1,1.1635,0
39.8154,-0.2158,0.7116,72.3815,270.0034,102,86.6762,34.1257,45.7007,442.5996,0.9123,10.117,50.1035,0,8.4271,31,7.743,0.8275,0
55.4953,-1.1135,0.6047,6.4652,518.4041,83,72.3343,72.7825,34.6977,392.4362,0.809,5.3022,75.3699,0,6.125,30,6.5735,0.9261,0
51.6936,-0.8002,0.4091,-59.6687,382.5144,95,88.4483,69.0591,35.8231,254.9357,0.7696,5.6206,75.5088,0,6.2877,29,2.6109,0.8258,0
50.2503,-2.2689,0.4803,-92.1933,523.2797,96,64.3264,48.7462,78.2641,402.8995,0.9493,7.0118,79.3142,0,6.2587,27,5.5035,0.8557,0
51.7494,-0.3957,-0.3426,-88.3059,543.5973,91,73.4658,58.9302,87.2512,334.2623,0.96,9.3788,117.1111,1,8.1881,27,9.9329,0.9874,0
54.1596,-0.5935,-0.5739,173.1184,607.539,102,76.0956,64.6036,119.8378,323.4941,0.6862,0.8458,102.698,0,6.3168,39,5.6758,0.945,0
47.731,-1.0951,-0.3387,-51.3085,324.2704,90,91.8616,67.0416,77.0127,11.2303,0.92,7.1803,96.2712,0,8.8771,32,3.8655,1.1804,0
48.2297,0.8192,0.1402,110.3775,366.9298,89,80.6139,60.0382,59.9142,197.0682,0.8424,10.3769,82.2159,0,7.7579,32,4.5322,0.9226,0
55.7744,0.5263,-0.1623,-154.3081,452.8717,118,82.9158,38.3493,91.1788,263.268,0.7985,4.0455,36.3821,1,6.9164,30,4.924,1.107,0
38.5805,0.5537,0.2845,-147.7248,539.0751,94,69.0273,17.0522,87.9548,64.5811,0.6951,8.2083,58.505,0,10.1372,32,7.4155,0.8677,0
37.037,0.6916,0.0541,67.0144,530.2375,117,88.5147,53.1845,32.0613,377.4608,0.921,3.092,107.2538,1,6.7875,28,4.8021,0.8069,0
51.7895,-0.0018,-0.6697,-15.4047,886.7109,78,79.4114,74.9502,41.1348,294.082,0.9526,1.3001,96.7318,0,6.3323,28,8.4601,0.9757,1
29.9022,-0.0121,0.6204,136.9776,161.1108,110,62.4657,76.6108,92.3114,432.0056,0.8919,2.0664,91.3871,0,5.3432,35,5.1694,1.0777,0
33.1716,0.8302,-0.2557,130.3993,666.5352,105,87.0058,56.3762,37.4116,248.5502,0.7104,8.662,91.2898,0,13.7735,28,6.4106,1.1113,0
68.0525,0.6673,0.3932,92.0366,658.8079,111,82.9169,40.8823,102.558,158.8797,0.6284,7.0849,93.9436,1,9.0831,30,3.9497,0.8306,0
65.494,1.0274,-0.4238,113.5138,362.7052,99,76.5603,68.4532,111.7017,201.078,0.7916,2.3392,48.915,0,10.4833,29,7.8873,1.0443,0
44.2924,-0.0436,-0.4405,133.3815,429.1518,99,76.5498,28.0381,47.9997,330.6163,0.7073,0.4262,75.5824,0,7.6833,31,6.4553,0.8767,0
59.9918,-0.9864,-0.4645,102.0872,764.2362,100,69.2959,37.6633,75.4935,410.3828,0.7369,9.9316,103.1085,0,7.1878,42,10.6148,1.0117,0
60.338,0.2371,-0.7159,9.6812,406.675,98,91.5861,21.3704,58.3094,302.5454,0.732,8.4101,117.4691,1,7.338,19,5.8813,1.164,0
54.7109,-0.5783,-0.7039,-84.6912,409.1675,89,87.2703,69.957,76.8841,399.1846,0.6844,5.4173,94.9848,0,6.9682,32,4.4323,0.8212,0
49.2107,0.6535,0.1903,103.4576,517.9901,103,69.416,17.2741,85.4363,299.2209,0.9938,2.4746,93.9209,0,7.6799,32,6.2646,1.0496,0
56.2645,0.2878,-0.4638,-65.625,576.8518,111,80.5061,58.1664,31.0554,363.1096,0.9422,11.5874,145.9695,0,7.8284,35,4.7461,0.9842,0
57.9799,0.0514,0.173,-91.8655,649.634,107,72.9077,96.5177,110.5855,471.9021,0.6331,4.5298,48.8595,0,10.8646,36,8.6314,0.8393,0
56.4211,-0.392,0.0509,-118.1997,656.1022,90,67.2456,58.0301,63.2294,354.6917,0.9355,11.1215,59.5824,0,8.9285,22,0.0,1.1344,0
34.5067,1.0007,0.44,45.7879,617.2776,80,95.5544,30.6197,47.2652,226.7763,0.61,2.6673,151.5413,0,9.3737,27,6.5084,1.1987,0
70.3307,0.9239,-0.5092,-92.7076,213.7973,82,76.4627,41.6378,32.8894,326.5727,0.933,10.6196,70.8896,0,10.8811,34,6.6606,1.1307,0
74.0333,-0.5605,0.5304,-45.0621,493.7983,110,71.5896,19.8087,119.3434,310.1182,0.6779,6.5232,60.4311,0,4.8426,20,4.2752,0.9092,0
30.9081,-1.2284,-0.4529,75.2627,599.7304,107,68.0977,32.1012,98.3514,263.9841,0.7876,11.3253,65.3122,1,7.1811,29,8.139,0.9282,0
55.1097,0.1794,-1.3712,105.7785,602.7128,109,77.5851,35.7072,71.037,220.1857,0.7275,1.4863,149.8054,1,10.141,32,7.3628,1.0955,0
70.4572,1.1859,0.0951,-66.6847,393.5048,98,58.799,33.334,107.9287,523.2517,0.8312,11.891,90.9673,0,6.3339,37,6.5455,1.0536,0
60.0228,-1.2618,-0.4376,123.408,346.5982,101,78.4772,52.7397,71.0518,273.639,0.7785,2.4326,92.862,1,5.0073,22,2.191,0.9437,0
60.1293,0.4704,0.7499,-159.1356,336.2664,115,92.1085,-5.6158,91.9115,66.0128,0.6142,1.1202,72.8959,0,5.5767,33,3.8971,0.9022,0
35.6148,-0.821,0.1505,174.9142,569.8291,101,89.2729,25.1475,116.1457,236.4717,0.9005,6.7758,90.1584,0,9.8808,40,9.9097,0.9412,0
57.9109,-1.0169,-0.0426,-29.9245,651.0884,99,84.8185,61.4769,93.562,223.0764,0.7926,8.1652,110.5989,0,10.6826,42,6.0084,1.1087,0
52.392,0.9312,0.1008,-63.0413,521.2811,75,104.0504,91.9864,51.6105,275.1773,0.684,4.5478,144.3662,0,7.6892,37,8.8227,1.1292,0
57.7985,0.6503,-0.2487,152.5233,339.5111,100,82.5624,58.6157,114.0032,150.1473,0.8382,8.3742,50.6505,0,8.7524,31,3.1262,0.9428,0
39.6447,-0.1523,0.8421,-132.34,526.9407,104,70.8871,33.2336,31.9991,245.1657,0.6734,11.3527,137.847,0,7.8943,32,4.0342,1.0393,0
39.2851,0.7895,-0.2741,-51.1925,357.2173,82,88.347,66.9915,112.8407,325.153,0.8174,9.5553,114.3786,0,8.4007,22,5.0384,0.8254,0
48.5744,0.6835,0.2317,-50.7956,389.4521,102,81.3472,71.8739,116.5913,166.0444,0.772,10.6349,91.4596,0,6.2768,39,6.6602,0.948,0
46.2081,-1.4862,-0.4095,-27.2298,444.7076,92,80.3994,34.9543,38.2628,417.2782,0.8138,10.7743,70.3799,0,3.5022,20,8.0126,1.0198,0
48.4256,0.0843,0.0008,125.4021,380.2218,93,82.9573,32.801,35.0393,304.2598,0.8295,3.5899,70.7861,0,6.9027,29,4.9673,1.1765,0
45.2047,1.4128,-0.6185,125.7773,330.4673,86,76.0385,82.2546,105.481,317.0588,0.6166,8.4856,75.1557,0,10.0157,35,9.6318,0.827,0
47.9898,0.4738,0.1143,32.9894,732.4058,108,98.6913,28.4,32.2603,260.0498,0.8549,8.9681,110.6721,0,10.5778,32,7.1587,1.1163,0
43.339,-2.6158,0.0324,177.0332,216.8221,108,63.7193,85.0587,102.4204,322.3095,0.7198,1.4591,96.5816,0,6.5183,26,5.2415,1.0461,0
49.5172,-1.0706,0.2744,123.8979,411.2631,117,88.1609,61.244,61.7687,376.7173,0.7358,5.8134,125.4741,1,6.9059,30,5.9741,0.9281,0
35.7644,0.9958,0.2341,65.1849,467.6327,112,81.3308,75.6861,31.9864,323.865,0.9095,7.872,82.7676,0,8.9144,27,5.8506,1.1028,0
55.1411,-0.5572,0.0146,-108.195,684.1944,102,84.5538,70.2738,87.852,413.2259,0.6726,3.4857,83.8047,0,11.9769,39,6.0104,0.86,0
52.6054,1.1213,1.0197,17.9031,544.2001,114,76.1976,70.9234,55.1484,314.0599,0.7353,7.6667,57.8095,0,10.1446,28,4.7152,1.0795,0
37.3817,2.0461,-0.0091,-102.9936,457.7684,85,95.1395,27.0973,43.6117,383.7789,0.6272,0.6266,112.0114,0,10.4129,27,5.227,0.8116,0
63.2636,-0.2379,0.0196,-71.4038,388.8213,97,88.8448,64.4806,79.1979,342.5155,0.9863,7.0863,76.2446,0,5.3466,27,5.3201,0.8989,0
41.7315,-0.6178,-0.0426,66.911,672.0908,94,72.2985,75.3883,32.5399,91.6215,0.6908,1.2129,44.9731,1,11.2679,19,5.1868,0.9132,0
61.8895,-1.0062,0.1013,-113.6089,379.0063,85,91.1958,45.1991,65.4072,211.77,0.9506,8.188,66.5836,0,6.8563,19,6.4005,0.8386,0
53.2942,0.7582,-0.143,-147.2972,531.6724,99,83.0019,10.2386,85.5442,217.4562,0.841,7.8785,55.5567,1,6.8155,28,6.6918,0.9133,0
60.0056,-0.6027,-0.1841,11.3564,474.591,78,74.1641,23.7789,95.3169,220.0603,0.7719,7.4781,111.3586,0,9.8197,31,6.6137,1.1148,0
51.7619,-0.4022,0.376,-179.6575,572.008,93,63.0741,18.4623,76.5069,192.2389,0.8324,3.0864,83.129,0,9.49,31,6.7296,0.8108,0
55.6684,-1.1086,-0.0242,39.2095,735.6662,99,87.6878,42.3409,35.5537,413.1672,0.827,8.0253,93.0193,0,9.2446,25,5.6422,0.9936,0
59.896,-0.4326,0.527,144.483,605.8242,92,72.7594,22.0083,98.7107,451.3233,0.8388,4.9745,120.9561,0,9.6593,32,5.6027,1.0109,0
69.0719,-0.7067,-0.9469,-111.5126,480.6625,85,85.2665,37.4413,64.8861,135.8557,0.7355,6.4341,57.8913,1,7.7459,27,3.1028,1.1109,0
60.7463,-1.982,0.7614,-42.2031,751.356,99,94.618,90.4918,46.2671,379.1517,0.9541,8.2094,125.9999,0,10.2289,31,4.6228,1.175,0
54.4823,-0.8387,0.4476,149.8919,736.9722,100,71.8877,66.8596,53.8296,359.6699,0.912,4.4422,51.4572,0,10.315,34,6.3657,1.1027,0
36.5149,0.7462,-0.0257,73.3936,670.9282,109,93.447,62.3514,90.0719,522.38,0.9911,11.9371,10.0694,0,11.0127,25,5.1087,1.0841,0
25.8417,1.349,-0.0388,-131.2871,542.3054,108,68.5116,72.6734,47.8004,292.2739,0.9336,0.7495,131.4662,1,10.0231,33,4.3603,1.0862,0
48.6959,-0.1067,0.3203,-42.482,384.3336,97,94.8305,24.2909,37.9304,145.3785,0.7451,8.7603,20.899,0,4.9428,40,11.6621,0.8513,0
42.8552,0.0337,-0.5132,92.1583,145.094,99,98.2071,31.1425,85.8948,144.967,0.7272,2.8841,147.0124,0,7.3646,30,7.4211,1.1333,0
43.2228,0.286,0.0192,59.32,531.7156,92,88.9976,52.0655,88.131,411.7535,0.7867,11.782,95.9798,0,7.5801,21,7.2623,0.8363,0
49.1757,1.9626,0.0776,-123.9629,616.099,103,84.3845,36.6549,70.0512,215.0997,0.6239,6.3676,118.2783,0,8.3926,38,3.8789,0.8614,0
56.6279,-1.0099,-1.022,-157.5064,299.4322,94,88.9047,42.5661,75.4503,372.0097,0.7573,9.419,46.4347,0,9.0206,30,5.4162,0.997,0
43.791,-1.2621,0.174,65.3993,562.3227,109,76.6327,62.4164,104.8638,297.2537,0.6132,2.4348,91.8735,1,7.762,25,3.9744,1.1959,0
58.9519,-0.0516,-0.6761,39.2482,433.1849,102,66.7225,68.8723,60.4712,388.7972,0.6688,10.5644,105.2079,0,9.1572,32,5.2863,1.1071,0
50.3349,0.3942,0.5415,-158.6366,576.5375,97,72.6015,60.7316,107.7306,145.1875,0.7255,11.5735,122.7678,0,8.333,23,6.2423,0.8445,0
50.3761,-0.0334,0.669,170.9323,407.5176,91,102.8841,72.9853,108.6213,306.82,0.8574,6.4673,104.0355,0,5.7515,31,6.7001,0.8303,0
68.75,-1.3645,0.7553,-89.1221,391.0919,98,68.3553,-3.2414,76.0821,378.7646,0.9896,10.2125,85.7794,0,4.7215,37,6.7579,1.0513,0
51.7811,0.8848,-0.1612,-41.0315,490.8371,98,89.5922,90.3232,31.5036,369.0931,0.6647,8.0366,85.2194,0,5.8291,29,5.7792,0.841,0
49.4586,-0.1381,-0.1682,-116.0649,323.5422,100,78.8902,66.3376,113.0162,396.2812,0.6397,2.9286,84.2208,1,5.2798,29,5.2642,0.8847,0
55.239,0.5544,-0.9881,118.268,644.2347,113,76.4285,42.8716,42.5914,131.8129,0.97,11.0203,86.4691,0,4.1804,39,4.9036,1.101,0
67.9714,1.5528,0.3401,166.5246,503.0363,98,96.8897,20.4674,77.4481,288.4362,0.7988,9.3512,71.7967,0,9.6405,35,6.0281,1.0489,0
49.5326,-1.4633,-0.7543,-103.21,328.313,104,80.9274,46.4879,90.5012,297.2426,0.8449,10.6955,110.4256,0,11.0966,30,6.3754,0.8734,0
54.3976,-1.7184,-0.7246,-78.0591,407.663,100,89.3269,34.0653,38.559,446.6897,0.6083,4.3541,63.4139,0,6.9163,40,7.2035,0.896,0
48.9171,0.5656,-0.1519,74.3458,588.5336,87,103.9904,74.2197,97.5219,574.4846,0.7306,5.4435,102.4226,0,9.0148,34,5.2834,0.9315,0
48.9696,-2.0345,-0.5529,10.0401,454.785,86,77.9094,63.5849,85.1744,443.7503,0.802,3.4607,82.5423,1,11.31,25,5.7465,1.109,0
45.0991,-0.3999,-0.4809,-142.1757,606.4877,79,84.7352,37.0929,90.5638,389.6247,0.7039,4.0298,18.7899,0,9.1875,26,3.4847,0.9521,0
44.3992,-0.5713,0.0235,154.3029,350.7316,102,87.0453,21.9945,43.8468,344.789,0.9222,3.1316,128.8504,1,6.1269,35,4.9488,1.0791,0
66.9606,0.3599,0.4407,40.0144,458.0425,91,76.777,45.0466,54.4672,303.287,0.8427,8.7271,44.7354,0,7.8157,21,8.3365,1.0936,0
44.4617,-0.6661,0.2697,-71.5473,489.1696,78,84.9205,70.072,57.2328,426.3982,0.9821,4.547,95.9752,0,5.4829,19,1.4423,1.0262,0
34.5936,0.492,0.0947,-3.6709,834.0359,106,91.2798,60.9173,43.5359,320.0465,0.8789,8.7797,123.434,0,6.2024,29,5.8514,1.1105,1
51.2541,-1.067,0.5735,0.0889,390.8071,97,87.8256,21.9362,80.9409,252.6896,0.6615,8.0931,83.4093,0,6.5272,30,5.8108,0.8608,0
60.1782,-1.2421,0.0638,9.1504,593.9801,100,81.1695,39.4914,36.8951,293.8276,0.809,6.662,180.4587,0,3.3654,40,4.8513,1.0288,0
62.4252,0.0193,-0.2633,-0.9699,570.7196,95,51.1667,69.6002,53.0933,230.2468,0.6617,8.061,84.342,0,8.0285,28,2.3847,1.1769,0
38.0553,0.1053,-0.385,22.2456,762.1699,104,65.5393,47.3648,98.5105,114.1707,0.9444,6.6434,62.409,0,4.475,27,5.6545,0.9367,0
61.1276,0.2952,0.2762,-38.393,703.9363,98,98.3459,48.9652,51.3382,128.8628,0.7323,8.6342,143.8585,0,7.81,22,7.5042,0.851,0
70.5894,1.4796,-0.5505,-127.3814,430.6162,114,70.4524,87.7915,47.5063,304.3336,0.775,3.9179,64.395,1,8.7237,29,7.188,0.9327,0
43.1585,1.2806,0.1744,59.2499,342.6042,114,91.6779,28.6433,42.7406,95.1396,0.9484,9.3758,103.4275,1,8.9827,26,5.7363,0.9365,0
48.2593,0.4516,-0.2142,105.2951,287.6375,104,67.739,72.4758,85.5365,184.495,0.7058,3.5824,117.1928,0,8.3982,30,8.6194,1.1703,0
37.6844,0.8094,-0.419,122.7666,535.396,94,70.366,41.5293,70.863,346.8061,0.7839,11.7487,85.9067,1,8.9158,35,6.7083,1.187,0
68.537,0.2621,-0.4276,-172.0972,652.0711,101,86.8004,42.66,49.7947,224.9941,0.914,4.6348,95.7208,1,10.8788,29,2.1854,1.0631,0
35.0761,1.1795,0.4827,-34.3349,671.5722,90,95.5428,53.709,48.3476,176.9602,0.6265,0.156,84.602,0,10.5745,32,6.8312,1.0256,0
46.0021,0.3639,-0.4288,172.2378,460.836,108,86.5071,56.3344,118.9934,188.3423,0.711,5.5856,180.542,0,7.4214,21,8.5044,0.9482,0
57.8469,-0.5522,-0.1396,-157.4773,506.6562,94,83.5658,62.2366,36.0095,419.391,0.6442,11.4694,140.4044,0,6.4807,25,6.0367,1.0415,0
43.1599,-0.7525,-0.2343,102.7995,713.9076,85,66.3936,46.821,96.9289,382.7652,0.898,7.6042,117.5095,0,11.9128,38,4.9493,0.8505,0
40.1088,1.151,0.5296,-134.5993,385.5206,99,58.7211,63.5178,112.3564,216.5931,0.6587,1.2266,103.9202,0,7.6847,27,6.8798,1.1415,0
49.4776,-0.1831,0.7692,116.8701,128.7006,102,75.6758,52.7348,70.0832,349.1316,0.9835,1.2961,71.7489,1,7.1276,27,4.7147,0.8087,0
73.9016,1.9168,0.4544,61.9997,672.9797,105,81.5455,39.013,73.346,310.5825,0.7522,5.3873,54.7351,0,10.209,31,3.6453,0.8669,0
47.44,-1.1044,-0.1878,81.0119,325.9446,103,79.482,25.1432,106.7715,382.1896,0.8117,2.7063,102.3272,0,9.161,30,4.4502,0.964,0
47.9293,1.2514,0.1711,171.8356,456.4121,88,102.1083,62.671,31.3003,427.7963,0.689,7.2552,109.8561,1,10.3827,39,5.5873,0.8853,0
38.8444,-0.4265,-0.4548,158.2142,568.4887,93,64.579,56.1096,47.0795,127.3833,0.9374,11.2077,21.9798,0,8.5407,29,6.7682,1.0486,0
53.851,0.4073,0.1052,-70.4263,430.673,104,76.9532,36.7404,94.2434,342.0577,0.6956,11.5918,56.1201,0,10.6312,36,8.2111,1.1947,0
58.8372,-1.3017,-0.8785,-44.9221,662.0508,104,96.7036,21.6643,76.2835,303.7999,0.792,11.0546,95.3759,0,7.0288,40,6.8904,1.1655,0
43.937,-1.8385,0.1176,-33.4146,900.6991,100,86.508,38.2767,117.0485,409.6188,0.9863,3.5541,72.7844,0,6.5952,24,0.0,1.1609,0
55.3573,1.48,-0.0276,-114.993,378.9433,99,69.0572,10.8931,49.0397,128.0741,0.7891,11.7197,100.8625,0,5.7727,32,5.5176,0.8517,0
44.0147,-0.4387,0.2204,-42.7914,520.0837,84,57.8491,69.5047,109.7979,171.5686,0.8014,3.6958,80.5442,0,12.0684,31,1.3733,1.0249,1
31.0628,0.9854,-0.0062,172.449,500.7481,105,76.072,47.7966,119.9876,309.5666,0.9453,7.5123,105.195,1,5.9948,27,5.7728,1.1987,0
54.5736,-0.6564,0.4175,-3.7573,546.9206,105,69.8832,55.2679,30.1134,272.4937,0.9568,10.6867,136.5176,1,6.9719,18,5.933,1.0115,0
70.7438,0.9867,-0.3817,162.9363,409.4896,88,75.5504,41.9088,55.9676,335.2058,0.882,7.9044,51.9435,0,8.7346,27,5.9669,0.9343,0
38.041,-0.4286,0.3782,-154.2751,402.4721,104,102.8735,85.4096,118.3108,135.969,0.6091,11.9588,94.2348,0,9.19,27,9.9407,0.8693,0
51.7938,-1.2105,0.2362,-165.8572,406.0224,83,69.8743,64.019,110.8616,419.4129,0.8895,4.1912,156.052,1,10.8601,31,6.3955,1.0608,0
63.0976,0.6465,0.5447,27.1188,430.7806,99,73.5318,42.5882,38.6891,318.1505,0.8986,1.4333,77.908,0,6.397,39,4.0034,1.0059,0
48.9801,0.9446,0.5783,85.0514,433.1527,94,89.1356,43.151,53.1372,318.0773,0.7421,2.6437,66.9811,1,3.5503,38,5.833,0.848,0
35.7317,0.6404,-0.476,-101.7148,124.2174,105,82.9434,37.5005,86.4682,285.2747,0.8549,2.2096,115.935,0,9.0342,30,5.2043,0.9625,0
50.4496,-0.1448,0.2585,1.2091,513.2921,108,94.9879,47.0341,52.3029,185.1182,0.7082,10.8432,88.824,0,12.6586,20,3.9993,1.0597,0
64.9036,-1.7489,-0.5828,134.2586,454.821,88,88.1868,57.7012,65.2461,222.325,0.7304,5.5902,124.2875,0,8.3587,32,8.2076,0.9853,0
44.9347,-1.0689,0.5798,94.2208,392.2336,118,73.0982,56.9831,52.822,464.0439,0.7432,6.1892,72.9712,0,7.5497,32,8.1454,1.1034,0
52.3224,-0.702,-0.4266,-96.547,513.9553,101,85.1471,44.606,56.9041,307.4997,0.9478,2.0757,108.0506,0,11.4031,29,5.9479,1.019,0
39.4647,-0.2583,-0.19,-59.5903,499.1759,114,81.1642,79.0052,60.7011,300.8254,0.9717,2.5713,77.5363,1,8.705,29,9.6359,1.1738,0
49.0053,1.1308,0.1088,-69.9151,440.3492,110,62.3994,9.8041,77.2682,385.3977,0.8888,9.5953,94.51,0,6.1764,31,5.2442,0.8452,0
53.8669,-0.1174,0.3692,79.0225,501.3159,108,101.6206,38.2673,100.1769,221.2106,0.6748,8.1946,86.6193,0,4.7784,29,7.0365,0.868,0
51.2585,-2.1066,0.1857,168.5452,412.7159,87,69.3987,63.7774,79.5462,342.9965,0.8806,3.9512,129.4323,0,3.3472,36,6.6428,0.8594,0
45.685,-2.5909,0.3828,-79.1718,324.6507,85,78.9241,78.1555,52.1346,315.2795,0.7023,9.5458,93.169,0,6.108,29,7.9181,1.0046,0
54.4299,-0.6948,0.0062,31.7882,794.1625,104,75.2805,53.9342,89.0108,271.7852,0.6571,0.6445,50.1717,0,8.791,24,8.7948,0.9605,1
56.695,-0.5133,0.122,175.8811,425.6094,87,81.1679,79.9418,104.9052,251.3642,0.8042,0.8481,57.8859,0,8.474,38,5.1885,1.045,0
57.356,0.3556,-0.8834,-123.2714,539.8313,111,81.9306,84.2288,88.4298,366.3117,0.9611,1.0621,98.8837,0,4.5939,19,6.525,1.0703,0
47.0707,-1.4525,0.513,57.2696,889.469,116,85.786,42.8677,102.0084,355.4751,0.7479,8.4417,64.0483,0,8.5568,31,9.8756,0.8589,0
43.7899,-1.3827,-0.1456,-60.4843,437.9454,105,75.243,33.137,70.4312,224.1646,0.857,7.1504,102.9831,0,7.3514,18,3.8395,1.0132,0
69.6312,0.4536,-0.2152,177.0007,569.0299,118,90.8219,32.7336,113.1906,347.0484,0.9,10.3412,60.5475,0,13.0433,20,8.4577,1.0813,0
51.3762,1.3342,0.9684,-140.8423,849.0037,101,73.2106,21.4705,85.2702,187.5562,0.9391,11.6234,82.3086,0,6.8891,28,5.5594,1.0311,0
47.4251,-1.9635,-1.3544,-17.5476,252.5066,101,74.6824,25.4269,94.0166,230.7489,0.6167,4.0922,63.177,0,3.804,20,5.7257,1.1435,0
35.2292,-0.7689,0.0476,-88.2096,700.0734,85,62.7994,31.0515,39.9672,337.9226,0.8018,7.5452,88.3904,0,10.8921,34,3.5982,1.1318,0
40.6752,1.1112,-1.1199,-168.5944,533.3186,103,82.2994,26.6737,86.6231,325.5198,0.959,10.4452,56.1893,1,9.285,30,3.9959,0.9968,0
43.5768,0.9331,0.1698,166.895,424.223,102,95.1994,70.5083,32.6022,191.9058,0.7174,2.7985,84.4887,0,10.8607,30,5.6287,0.9427,0
54.3941,-0.9257,-0.3496,24.5419,507.2717,91,77.5191,41.0729,44.7367,335.4789,0.6297,1.1473,104.1483,1,7.2274,25,4.0363,0.9764,0
46.4377,1.1599,-1.4671,72.2834,445.7246,83,97.6497,22.232,92.8808,281.5044,0.7486,11.7939,76.7648,0,12.3503,29,6.9823,1.1914,0
50.152,0.0449,0.5446,43.299,736.4379,88,69.098,42.2259,90.8303,406.2056,0.8862,10.7938,99.2595,0,8.7366,36,6.9336,1.1348,0
35.6675,0.6601,-0.6449,-126.5495,497.5984,114,66.4231,55.0079,74.6641,341.9869,0.9907,7.3203,51.3622,0,6.6351,34,6.511,1.1277,0
64.0443,-0.704,0.4744,-118.5983,604.6731,93,93.8855,44.7774,89.1986,186.6323,0.8253,0.1235,61.1672,0,8.9673,42,4.9943,1.0439,0
42.6251,0.2924,-0.4873,45.5204,420.6642,101,78.3087,45.6576,103.7624,318.3008,0.9723,2.7144,72.187,0,6.037,30,3.8357,0.9854,0
52.3512,-1.1658,-0.2321,100.7314,543.8557,92,70.2579,13.4263,105.0659,223.22,0.9741,8.348,64.0086,0,6.7327,27,6.7792,1.192,0
44.6944,-0.5473,-1.1418,39.9853,442.5789,103,82.6284,68.2011,110.0543,307.7137,0.926,4.32,98.2114,0,5.1999,29,5.5621,0.8117,0
46.8187,-0.2969,0.2123,25.3346,287.0123,113,83.3262,42.9672,110.1111,338.8841,0.778,6.8265,132.9059,0,7.103,24,5.9155,0.8743,0
42.0595,0.1401,-0.287,88.5464,696.2612,109,89.4524,23.9864,80.8657,349.0047,0.8921,0.6673,80.5135,0,9.6988,33,7.2674,1.0576,0
52.963,2.4065,-0.1833,-92.301,552.2186,107,76.691,47.863,61.7654,204.0647,0.9676,6.5838,138.1657,0,7.2707,20,6.3467,0.874,0
40.1966,2.5599,-0.0475,83.3926,615.6837,87,66.4392,40.0791,30.0262,239.0004,0.9405,1.723,122.1051,0,9.119,33,5.2919,0.8063,0
53.1425,-0.3879,-0.824,-31.9606,390.7371,108,77.2648,52.4495,113.8129,304.577,0.8256,1.2659,73.3155,1,9.2135,31,10.3921,0.9056,0
48.8117,1.4796,0.3456,62.658,677.707,86,79.8032,101.113,47.7637,256.0083,0.953,5.8712,86.7095,0,8.7581,29,4.5714,0.8723,0
56.3002,-1.1092,-0.2818,-81.102,570.1749,113,91.2642,35.0419,104.9619,258.0404,0.9362,6.158,148.6863,1,6.792,29,3.3705,1.1804,0
57.2868,0.3993,1.1476,-130.5126,522.5348,102,64.915,64.9094,52.5654,193.1059,0.6516,10.8099,104.709,1,6.2575,20,5.8938,1.1066,0
46.8242,-0.6857,-0.2398,-169.5028,654.3906,95,76.2346,43.4389,58.9638,337.4726,0.7129,11.8631,65.7288,1,7.5303,29,5.4519,1.0234,0
53.6603,-0.451,-0.1948,109.2507,450.6127,109,82.9334,42.2076,48.5797,234.9181,0.9364,1.304,116.2,0,11.0251,40,6.6112,0.9716,0
45.5172,2.6608,-0.6783,-109.0911,694.2098,97,95.4552,75.1161,99.8188,267.5187,0.906,3.7888,87.2391,0,10.5017,27,3.8526,1.0077,0
63.1608,-0.387,-0.8068,-49.1528,400.6622,112,73.3106,53.6355,69.1896,304.1253,0.7534,8.8302,96.4476,0,9.4403,32,2.6177,1.0423,0
46.4102,-0.6498,0.4388,96.7878,504.9911,97,71.866,82.2474,116.57,49.3296,0.8111,7.8907,130.7688,1,6.1106,31,8.3065,0.994,0
47.9822,-1.0003,0.5306,-17.9345,359.525,103,86.6502,48.9705,102.8757,139.9641,0.9942,0.9706,100.8195,1,7.865,25,7.2834,0.8907,0
45.3119,-0.7693,-0.2827,-101.6824,327.7674,83,57.2282,77.3121,80.9824,458.6836,0.7534,0.7054,93.5701,0,10.6458,27,7.1446,0.8905,0
42.6692,-1.4218,0.0607,-109.8855,430.1359,106,74.3337,43.3068,100.4793,144.2216,0.6888,4.9771,85.6835,0,8.0474,19,3.9967,1.0075,0
70.337,0.2229,0.6209,-33.1433,475.8668,80,85.9067,36.2961,105.8139,392.0252,0.8714,5.9614,106.622,0,9.954,38,5.5077,0.9145,0
54.8641,0.2049,0.1447,23.4635,582.7667,113,83.5274,58.7531,112.5395,388.7361,0.67,6.8675,52.617,1,6.1225,31,5.9453,0.8524,0
50.6809,0.3377,0.2424,-38.7534,403.5427,112,82.0219,52.3646,37.197,298.1762,0.64,7.6628,62.5882,0,5.9047,32,9.3389,0.8256,0
45.2378,-0.0114,0.0436,145.645,588.0362,94,63.5985,23.2458,102.1053,449.1796,0.9517,5.7827,122.9203,0,6.0961,23,4.742,0.8182,0
61.1311,-0.5674,-0.3263,-178.6197,452.0077,102,67.2477,53.9815,46.5518,382.1926,0.9517,8.6164,174.4157,1,4.6882,25,7.4701,1.0094,0
44.5436,-0.6568,0.1927,-35.2758,425.8895,103,93.4267,34.7677,112.4529,319.7159,0.9074,1.4058,103.274,0,6.2929,31,3.9094,1.1576,0
51.2078,0.159,0.9324,87.4206,594.4163,119,79.0562,66.338,46.9088,338.9043,0.607,8.9024,134.3562,0,7.7719,21,6.2953,0.8939,0
72.0295,-0.0515,-0.2602,140.7208,418.3343,107,77.8154,36.7234,45.489,395.3572,0.6829,7.4311,72.1589,0,7.9859,31,8.8628,0.8676,0
40.4275,-0.6358,0.4337,-50.9753,773.7807,116,72.1042,42.7219,74.4506,339.7195,0.9169,0.1113,102.0941,0,6.3698,28,8.105,1.1855,0
55.3957,-0.2866,0.0907,62.4921,564.8498,107,80.1851,29.5004,107.1537,385.2944,0.9228,5.6592,13.3621,0,7.2253,35,6.0857,0.8355,0
52.8855,1.5394,-0.2949,28.9256,294.8605,80,75.1163,70.0887,37.8917,460.8838,0.794,4.2187,87.2152,0,4.716,39,3.2707,0.8724,0
55.2816,1.9702,0.4476,-107.4483,482.1213,97,88.5692,58.5515,35.3909,425.4788,0.9352,3.0421,116.6095,1,10.1576,22,5.0843,0.9132,0
47.151,-0.2202,0.3895,65.14,402.9182,106,69.4621,95.5273,98.8479,268.9102,0.9418,0.6616,69.4099,0,7.3077,23,4.265,1.0026,0
44.0774,-0.7338,0.2902,-90.1567,253.806,94,88.3484,75.2048,105.5634,214.7831,0.9258,11.728,81.6024,0,7.8249,33,5.271,0.828,0
52.2649,-0.0431,0.8743,102.2068,658.682,96,96.4436,41.174,71.1218,304.726,0.9029,3.3572,121.934,1,4.5385,29,7.8017,1.0925,0
45.4397,1.1359,0.9178,131.7244,662.1352,95,86.1784,18.9845,88.2588,507.5344,0.9294,5.4985,59.5524,1,9.4389,34,4.9879,1.1373,0
26.6836,-0.0437,0.027,-7.768,391.2853,119,67.6598,37.4487,41.6373,182.2432,0.6465,1.1306,106.6148,0,8.5088,25,9.1587,1.0388,0
41.7553,0.3551,-0.0531,-160.5151,606.5934,104,88.2115,46.8523,83.6859,278.6022,0.8078,9.5626,30.1044,0,7.4689,26,3.3953,1.1219,0
46.8333,-0.6575,-0.7137,85.4469,631.545,99,75.1037,13.9554,30.9723,286.4775,0.7754,0.2846,125.3379,0,6.2841,35,7.3169,1.0465,0
39.2215,-1.1667,0.7666,-11.8025,498.1032,116,74.7668,33.0123,57.1714,215.1686,0.6224,7.0799,82.2393,0,8.8947,31,4.1621,1.0215,0
51.5099,0.7616,-0.0365,-145.9731,642.842,91,81.3519,70.3187,31.9266,311.9165,0.996,3.3192,91.5969,0,5.9707,29,6.0273,1.1016,0
42.424,0.1948,-0.3044,-60.7907,544.177,104,77.5276,32.822,54.4321,242.7512,0.8135,4.1444,106.292,1,10.2687,30,4.4005,1.1654,0
49.5656,0.6558,-0.4667,-75.3692,671.8166,104,75.3595,32.5211,32.0448,294.7949,0.9332,6.2993,17.6604,0,10.7779,38,10.3834,1.1081,0
71.6787,-1.7108,-0.4703,81.4894,324.1292,84,86.8597,60.3681,114.6605,283.218,0.7716,5.6264,50.0613,0,6.0614,29,6.3614,0.9142,0
62.27,1.8326,0.8794,-27.336,522.1953,103,81.1553,39.1654,109.4726,303.3479,0.7276,4.9301,90.578,0,8.819,33,3.2879,0.8906,0
55.9149,0.2523,0.4491,31.3372,530.2298,116,60.8817,50.2404,48.5118,203.716,0.8066,7.5172,59.8967,0,6.1366,23,3.9175,0.9218,0
68.0923,-1.8072,-0.744,0.3955,326.5269,102,90.2307,57.8469,112.541,249.1692,0.658,6.5807,49.0103,0,4.4581,41,4.0484,0.9949,0
49.2741,0.9869,-0.7238,80.7325,340.8726,98,91.9904,37.6299,110.6279,284.1773,0.6744,3.9731,112.0676,0,6.7571,39,7.1634,0.9856,0
49.3759,-0.3734,0.0609,78.4983,262.3925,110,86.0145,65.4349,49.6625,296.5929,0.6234,2.2628,65.3861,0,7.4223,32,4.9296,0.9432,0
39.444,0.0305,-0.5082,-18.4357,506.7804,97,86.605,63.8179,90.5554,300.7984,0.9434,1.8724,87.8664,0,5.6484,42,6.7055,0.8634,0
62.7816,-0.4777,-0.126,-131.388,433.9485,107,77.7766,56.503,46.8324,359.1272,0.8174,0.4403,70.088,0,8.5266,30,7.8906,1.2018,0
69.5699,-0.0979,0.7765,-33.1645,306.3853,89,68.0364,80.2259,91.3605,190.2188,0.9945,5.3405,77.2622,0,8.6457,23,3.2766,1.0996,0
59.0741,-0.0475,0.5347,-122.3513,682.5888,84,81.7763,67.5848,35.7304,273.2798,0.931,2.097,99.2687,0,11.1243,29,9.1239,0.8849,0
64.2339,-1.6701,-0.8557,165.2968,560.0455,94,95.4816,44.5566,107.3432,207.075,0.8213,10.5862,61.4137,0,9.2265,32,3.7403,1.0037,0
22.6266,0.8658,-0.5056,162.0519,391.3176,94,82.7279,34.7545,104.251,196.7737,0.8118,5.07,99.0974,0,10.4653,24,8.4913,0.9373,0
73.397,0.1129,0.1228,-15.5932,530.4863,111,96.6152,53.0993,45.4679,334.9345,0.8011,7.5182,64.5621,1,7.5472,27,5.8019,1.1608,0
48.9566,0.4462,0.5649,-170.054,464.3026,95,97.0998,48.6161,69.5944,308.0327,0.6225,3.7413,92.5455,0,8.9889,33,9.8074,1.1106,0
73.5597,0.816,-0.4109,-45.1283,265.6421,90,79.64,48.8248,52.8831,245.7839,0.6215,3.1119,86.3528,0,8.783,29,5.0918,0.9302,0
67.3165,0.1209,0.1843,142.2338,541.0797,115,75.3626,38.8126,41.0929,240.7268,0.7958,9.795,42.7352,0,6.2976,24,5.1104,1.1456,0
57.7243,0.3311,-0.2275,-76.3124,745.9787,110,75.7091,50.8208,31.1991,169.1273,0.9598,4.432,90.3543,1,8.3587,27,7.2593,0.8399,1
46.5696,-1.4704,0.876,43.9127,711.8011,98,78.7357,81.2441,57.2399,405.1729,0.8599,1.1443,78.1975,0,9.3254,26,4.0057,1.1116,1
51.5824,-0.8304,0.3112,-113.7826,515.5074,99,70.2604,63.7761,114.4818,286.2654,0.8126,3.8818,100.6564,0,8.2651,33,3.457,0.9133,0
30.8998,0.085,-0.0966,117.0591,434.6014,110,85.5685,52.7412,109.9359,138.2904,0.8461,1.4282,56.0708,0,8.2286,39,7.4632,0.9012,0
59.308,0.1857,-0.7473,141.083,584.4298,113,89.5675,74.76,69.0945,306.9853,0.7254,5.5596,112.7206,1,6.2932,23,7.9263,1.0147,0
24.4499,0.4007,-0.5307,41.4431,539.9814,110,61.4944,64.5417,55.9684,223.848,0.7398,3.5116,72.583,0,11.9574,39,8.2311,0.894,0
47.0131,1.406,-1.2626,44.5545,479.2082,109,97.8415,43.4579,57.6895,239.6086,0.8961,9.8437,108.4813,0,6.6515,27,7.3663,0.8185,0
65.4324,-0.0942,0.1361,-43.7184,779.0187,111,74.7197,48.9381,93.5711,398.8248,0.6835,0.7841,145.4499,0,7.2608,25,4.6925,0.89,1
57.2072,0.3629,0.333,74.5529,440.584,109,77.0469,68.0162,53.9381,275.9892,0.6684,11.8138,39.4318,0,10.7985,33,6.3699,0.8435,0
34.7009,0.059,0.3582,-7.7538,643.5678,77,83.0781,54.7872,104.3328,466.1808,0.8076,9.5462,57.3952,0,11.0147,36,4.0533,0.9566,0
36.5969,-0.2497,-0.307,88.3753,521.5788,98,71.6154,58.5246,62.3072,600.2535,0.8965,7.9974,67.0684,0,7.5189,27,9.3594,1.09,0
44.0256,-0.2108,0.64,168.6643,522.303,108,74.0914,24.9305,36.0741,437.3835,0.7226,0.6365,93.2744,1,7.8662,35,7.0126,1.144,0
50.7838,-0.7843,0.7918,116.0553,252.361,88,71.6914,39.4724,40.9532,194.2019,0.7661,11.758,95.2299,0,10.1042,37,7.5084,1.0169,0
58.7655,-0.117,-0.3327,6.2392,665.2126,111,79.9841,48.8512,99.3775,440.4942,0.8198,9.1322,69.6797,0,10.136,34,6.9268,1.1736,0
56.0414,-0.2189,0.5908,172.3999,625.5133,96,74.1859,72.6338,99.3702,242.6578,0.9553,5.4184,117.7805,0,8.7324,34,5.3293,0.9046,0
39.4125,-0.1517,0.0699,38.5496,528.2029,113,83.7703,87.8175,65.7446,349.9389,0.8503,9.9449,115.5824,0,9.3256,33,9.3875,0.8945,0
56.1873,-1.7419,-0.2634,-156.6459,655.2199,99,66.8421,31.9902,119.5776,438.2732,0.9417,4.0608,124.68,0,8.5004,36,6.2185,1.1764,0
57.2534,-0.0989,0.6156,82.9323,562.3319,121,84.4423,37.5794,49.7372,187.9251,0.7546,4.9012,114.2864,0,3.3941,32,8.5225,1.1728,0
54.8852,-0.8771,-0.6033,115.2224,305.3894,103,68.7295,58.9428,47.6631,312.1033,0.8351,8.0622,127.4378,0,9.7298,26,5.4522,0.8953,0
74.7818,-0.0619,-0.7425,-131.4578,354.4109,95,90.1092,92.5375,77.4433,311.7501,0.8603,11.0671,70.6805,0,5.3702,25,11.2105,1.058,0
57.2632,-1.0948,-0.1981,64.5444,490.9077,101,88.1275,30.0755,79.9761,212.8405,0.9657,11.0331,68.965,0,5.8979,34,6.9432,1.1112,0
59.6782,0.0499,-0.1143,151.53,246.2822,104,58.6068,10.7445,67.7378,118.5949,0.9228,2.8341,58.0509,1,7.5111,28,5.1411,0.8499,0
68.7586,-0.297,-0.8217,-89.4867,668.3651,103,88.4249,53.2822,81.8616,371.6635,0.6585,7.7039,104.7403,1,6.8734,31,4.034,0.9635,0
58.5012,-0.6263,0.2453,30.6031,467.6675,114,53.8965,23.0196,110.407,158.5421,0.8689,10.6124,96.5757,0,6.7645,28,8.0001,0.8453,0
44.4894,0.2893,-0.3903,-81.1482,520.5395,107,68.2821,61.3512,71.8606,365.112,0.6208,1.2457,113.146,1,12.124,44,5.8093,0.9448,0
62.427,0.3755,-0.6547,98.7867,352.7766,112,90.331,65.6241,119.6536,280.8358,0.9974,2.2289,79.2059,1,10.237,33,3.5625,0.8796,0
45.9861,-0.0493,0.3248,29.0376,596.9746,113,74.5882,45.597,115.3481,433.9816,0.7636,9.4349,131.3184,0,8.7687,31,5.2624,0.9721,0
40.1739,0.5688,-0.2147,-25.8925,478.5929,110,95.6068,41.0079,93.5166,186.9194,0.8673,6.7473,98.0439,0,10.0417,27,5.3751,1.0504,0
41.0302,-0.4133,0.5288,-169.5643,451.0877,102,87.0786,35.7522,93.4069,292.4499,0.6751,0.6771,77.8682,0,11.4329,30,4.3199,1.0295,0
62.3135,0.4,0.2296,160.1276,711.643,115,75.7083,51.2995,95.2909,509.5271,0.9127,6.4147,90.5288,0,6.1408,30,8.562,1.1759,0
56.2025,-0.0422,-0.099,-0.8139,696.4149,106,74.2659,23.6345,107.528,229.0823,0.8781,11.0578,138.3123,0,7.1465,27,4.7647,1.0051,0
60.6084,-0.9993,0.549,109.4794,612.4575,110,95.0328,40.7876,104.708,463.936,0.7401,2.1949,89.1807,0,8.8422,40,4.9365,1.0026,0
56.2509,-0.8014,0.2102,-38.9178,531.3582,98,75.2105,35.3939,94.7505,221.6248,0.744,0.8213,92.6087,1,8.0932,29,5.7356,0.8876,0
51.8885,1.1654,-0.0099,125.6773,422.5865,112,61.3982,55.5257,103.4337,316.0612,0.8725,11.3572,100.7204,0,7.2128,34,6.8852,0.9155,0
53.1801,1.5763,0.2559,-122.386,456.6758,126,70.7173,56.9691,68.712,214.7208,0.7473,4.558,106.1483,0,10.0483,35,6.0562,0.8117,0
55.9108,0.7133,0.2721,-96.6622,449.7871,112,81.2331,78.1961,74.8065,351.9805,0.9799,9.3156,98.197,0,7.5284,28,10.4025,1.1778,0
43.9751,-0.5832,-0.5472,-59.9791,558.8256,106,72.1454,30.4045,110.5401,173.6928,0.7299,7.2766,107.9657,0,5.4044,38,6.0882,1.2042,0
37.097,1.4277,1.1791,-148.1057,495.2409,98,103.9048,43.0872,38.2483,246.2977,0.7068,2.2472,104.5279,0,10.8015,33,9.3422,0.8492,0
45.1488,0.6125,0.0338,-20.2173,498.9798,96,73.5306,68.7112,99.8286,249.3623,0.9043,2.4199,99.6734,0,11.0984,29,7.3203,0.9831,0
55.4412,0.3356,0.0438,-5.0672,731.1334,110,73.759,59.4761,90.4321,228.6338,0.6417,8.912,142.6947,0,11.9956,23,5.7712,0.8119,1
43.5216,1.8423,-0.8786,-138.672,671.5584,107,70.148,36.7903,43.3716,446.9214,0.8251,7.6139,67.7845,0,11.9348,34,7.1483,1.1781,0
71.2962,-0.86,0.0643,-26.2445,382.8209,112,88.8131,23.5439,67.5506,222.9021,0.8494,0.1789,102.7447,0,7.4717,25,6.5516,0.8531,0
54.4126,0.773,0.0859,-108.9734,544.5466,106,77.2102,87.0063,95.5385,312.22,0.7232,5.9427,82.4869,0,7.2697,31,7.3598,0.9868,0
51.1949,-0.8146,-0.5749,135.0762,383.6406,92,88.1394,18.1469,95.1963,485.652,0.9804,11.0258,63.3542,0,4.2598,25,4.6602,1.073,0
43.9366,-0.6066,-0.5198,3.3456,590.4057,115,91.548,25.0401,92.1915,324.9452,0.7664,6.39,82.5556,0,6.0982,49,5.2166,0.9487,0
59.1574,2.6021,-0.4496,162.7078,789.3812,99,83.6338,53.7418,44.0332,51.426,0.712,0.3356,59.5766,0,8.7266,37,4.8617,0.968,0
37.8806,0.5024,-0.1475,-57.0847,446.5911,79,83.085,69.2179,99.9802,502.8,0.8737,5.8718,93.4889,0,4.9052,34,8.2981,0.926,0
53.1577,1.8492,0.1066,-57.0977,618.5897,105,67.9941,32.4602,41.8859,411.5879,0.8885,0.5429,94.9652,0,9.1709,29,9.2496,0.9801,0
45.6447,0.5436,-0.1115,-58.0637,742.0338,94,64.8556,63.6449,118.2818,428.8425,0.7708,5.4337,99.688,0,8.8834,32,5.24,0.9204,0
51.2093,0.4024,0.1514,-83.4176,479.5652,112,65.0374,29.8127,43.9533,434.4575,0.6725,8.8467,84.9625,1,6.4762,28,3.8105,0.9698,0
54.8627,-0.6261,0.3376,102.3252,574.1454,101,80.7245,66.0225,83.3809,290.5302,0.8527,1.5722,90.7696,1,9.161,23,3.9092,1.0359,0
38.5434,0.9777,0.2714,-78.2133,757.2248,98,103.0441,66.264,99.7808,152.8241,0.6995,4.092,66.7923,1,9.308,31,8.3074,0.9098,0
33.2907,0.0253,0.1821,-76.3152,359.5909,111,74.3324,32.4448,30.6645,398.6213,0.689,2.388,75.8921,0,5.8303,26,4.9947,0.8177,0
40.6835,0.0805,0.1428,-163.1173,344.4986,117,90.2491,67.5584,94.802,129.6686,0.8312,4.7225,61.245,0,7.0522,22,6.0781,1.0355,0
58.7924,-0.2611,0.1446,167.5301,313.3603,111,85.2529,30.3815,50.1674,156.9924,0.9944,1.7948,54.8194,0,8.5089,31,7.0587,0.8251,0
53.7313,-0.1008,-0.0734,139.0658,613.2431,88,80.3385,0.3867,46.2692,299.2153,0.8771,3.2626,32.3087,0,6.0807,35,7.9538,1.0476,0
45.971,0.0249,-0.3299,-74.6965,348.0293,93,77.5681,47.055,36.6806,403.7481,0.9241,1.6144,122.8882,0,2.2021,35,2.5932,0.857,0
69.6815,0.1229,-0.0466,7.4769,583.9772,94,75.6982,57.7142,47.2087,232.0043,0.8852,4.9492,128.112,0,8.4284,32,5.6559,1.0915,0
62.851,-0.0507,0.3266,-6.2118,703.9421,100,75.5133,65.1782,84.8932,239.1894,0.749,5.6588,38.2308,0,6.2756,32,6.6224,1.0065,0
60.4346,-1.5568,0.3237,-148.4269,400.7183,92,86.0537,71.4695,119.9185,555.3294,0.9627,7.0447,97.5215,0,4.7451,32,2.6429,1.1791,0
42.7579,0.5419,0.2539,11.231,385.6874,108,88.6051,29.2028,81.0829,392.8696,0.9235,9.0789,56.2255,1,5.895,18,4.0541,0.9042,0
60.3235,-0.123,-0.2376,-139.2024,600.4881,93,75.7599,49.7789,84.4271,344.9113,0.8764,1.247,74.3709,0,4.9649,36,7.9464,1.0999,0
53.4071,-3.3173,-0.1082,-23.7277,507.1791,104,75.6228,41.1712,65.0407,448.1248,0.8165,10.4308,84.4463,0,7.2705,26,3.7862,1.1664,0
42.7774,-1.5879,-0.1063,-148.3905,145.5653,108,74.1783,49.7467,33.3801,360.4802,0.7447,8.3962,73.4884,0,11.2582,37,8.6471,1.1793,0
48.959,-0.4735,-0.3035,32.0098,729.7815,118,90.0016,96.0162,95.8583,188.1531,0.7798,1.2953,118.5884,0,10.0238,24,6.8986,0.9385,0
39.6157,1.2786,0.447,-162.3568,582.7997,91,88.7926,46.1695,37.0443,179.4741,0.7242,4.5544,168.2759,0,8.6063,32,8.5299,0.9335,0
42.8652,0.6077,-0.9203,46.2343,442.945,95,94.7642,30.3954,94.7117,284.9046,0.9681,4.5374,50.6318,0,7.0522,22,6.2075,0.8546,0
38.5582,-0.6872,1.011,74.5986,436.8694,92,71.8823,44.8869,105.094,271.895,0.7315,8.4496,115.76,1,8.4885,25,6.6797,1.1246,0
59.5655,-0.1907,1.0369,25.5107,605.0407,99,73.8231,66.9099,50.1314,510.6711,0.975,1.7978,105.6311,0,9.5051,29,4.1702,1.1117,0
49.2907,1.1045,0.025,-10.9836,493.2681,101,96.5441,59.6948,99.8188,288.5597,0.7773,0.7379,88.7909,0,10.3172,31,4.3993,1.0061,0
40.584,-0.6163,0.2026,-158.1146,508.5873,98,93.2394,70.8067,112.0886,474.8367,0.935,0.3003,65.5022,1,6.4727,31,5.4623,1.0214,0
55.1737,-1.086,0.4246,-175.9128,522.6064,103,70.0917,86.968,80.178,337.8893,0.7006,10.4091,31.0554,0,4.0068,25,6.8491,0.9712,0
50.015,0.8805,-0.379,-56.7246,377.1424,103,71.0525,86.116,68.4563,382.8788,0.9861,7.4258,103.406,0,11.81,39,6.6239,1.1657,0
60.5051,1.1161,0.2838,97.6509,445.8874,99,82.5328,33.946,79.6349,5.3273,0.9588,0.2471,94.2282,0,10.5711,29,4.0591,0.9973,0
51.3334,-0.6049,0.6595,53.02,471.7512,90,92.4181,64.9862,102.4949,536.8542,0.8797,11.2443,92.9612,1,8.006,24,6.176,0.9792,0
35.6281,0.4876,-0.9014,-134.8989,385.9042,130,70.958,15.0241,85.4877,224.4709,0.9677,1.3007,111.9183,0,6.9321,40,4.4569,0.9277,0
45.0326,-0.0406,-0.7203,67.6581,541.2087,93,80.8686,71.8359,80.7784,411.1941,0.8486,8.9842,104.6887,1,6.8182,29,4.5106,1.2042,0
38.4281,-0.5907,0.3751,26.9696,572.6495,94,90.8919,19.0335,66.4991,142.0887,0.6058,10.2561,89.5306,0,6.6936,36,2.0447,1.0512,0
55.6301,1.1687,-0.135,-119.9797,752.9743,107,77.9711,19.1254,32.326,466.0649,0.7006,7.7973,111.9927,0,4.7349,27,9.1464,0.8659,0
60.8446,-0.664,-0.1933,91.9086,385.8541,101,79.2365,46.2076,43.239,143.6442,0.6358,0.851,92.83,0,7.3754,24,6.8617,1.1086,0
34.5602,0.756,-0.1636,118.9096,633.5686,94,94.2138,68.6236,76.094,201.4966,0.6263,6.8012,92.1573,0,7.6393,35,8.4508,1.1984,0
48.755,0.0681,-0.5635,-96.2793,713.7396,107,75.8229,31.219,88.126,254.0605,0.7883,5.4347,129.5327,0,5.7133,33,2.9438,1.1286,0
61.5275,-0.1725,-0.2051,48.9191,642.4383,105,92.6803,39.4139,46.1327,261.1456,0.9908,9.1078,91.9842,0,8.0463,34,4.9702,1.1415,0
34.409,-0.5552,-0.6602,-43.8723,425.2896,105,78.5037,33.3014,91.1249,266.6316,0.7576,3.2252,42.8176,1,10.0471,30,4.3136,1.0555,0
45.6498,-0.9866,0.6544,-158.954,453.609,101,69.1457,52.9559,77.1194,337.6548,0.987,8.3454,117.3232,1,6.863,30,5.4364,0.9491,0
49.9977,-0.2499,0.0666,130.0872,727.6897,110,85.567,68.4352,90.3223,192.5175,0.9564,2.4314,116.7631,0,10.2592,30,7.3925,1.039,0
60.6744,-0.5124,0.0533,115.468,472.0265,95,73.8363,50.3466,77.4506,332.7098,0.6703,8.5049,86.7994,0,8.6775,34,5.6668,0.9269,0
55.4469,0.0925,0.3333,-65.5407,495.4809,80,68.2906,37.587,68.5111,471.6882,0.9534,3.1481,125.8961,0,8.563,28,5.2977,0.9289,0
57.4903,-1.1975,1.3951,11.3419,426.9938,110,99.6475,80.6785,58.293,193.188,0.703,11.8434,74.5942,0,6.0663,33,7.5534,0.8837,0
56.0246,-0.1517,-0.5262,4.4531,616.0728,101,84.1931,70.3652,44.9485,289.3303,0.621,11.1103,90.0377,1,10.8791,34,6.0558,1.1875,0
46.2687,0.406,-0.9211,-116.1147,130.8784,90,76.8103,34.3363,37.7556,384.884,0.648,6.0922,128.8395,0,8.6882,24,4.6366,0.8805,1
66.4341,-0.6733,-0.0153,-127.5574,378.4991,93,76.9925,32.1324,107.0832,128.513,0.8066,8.4191,80.5472,1,8.9508,39,7.7628,0.8234,0
43.2909,0.741,-0.9134,123.9364,353.0157,112,95.3073,41.8778,78.9062,170.4249,0.8495,9.7774,77.8223,0,9.9428,30,6.6067,1.1283,0
22.2159,0.8496,-0.1693,132.2489,738.2577,98,96.0507,69.6065,118.8872,353.5784,0.61,8.1939,92.9569,0,6.1268,33,2.8444,1.0571,1
31.9946,-1.2071,0.4372,81.0647,534.832,103,74.5516,-1.821,105.9482,265.8312,0.8814,9.7634,115.5396,0,9.6635,17,7.7434,0.9312,0
48.8311,-0.7584,0.764,-153.8044,469.7371,110,82.6455,76.1906,40.5145,321.9382,0.6295,3.703,54.278,1,7.1233,33,8.3733,0.8918,0
46.6846,-1.3404,-0.7829,147.2912,469.3981,105,76.3275,42.8398,108.4086,341.4303,0.8601,1.4578,123.2677,0,7.0779,19,4.8238,1.0711,0
44.6364,0.4231,-0.4716,173.071,292.7657,103,87.679,25.514,99.857,132.7854,0.6239,1.4828,122.085,0,8.137,39,6.0923,1.1038,0
51.502,0.1279,0.1817,99.221,703.4293,102,76.4616,52.8364,118.8904,474.2316,0.7197,7.7307,130.7972,0,7.0106,25,1.3418,1.0615,1
62.0043,-1.6011,0.377,-52.7714,447.2949,95,60.6787,55.6257,109.9793,289.422,0.9536,5.6367,38.661,0,6.76,34,2.4322,1.0089,0
54.5403,-0.652,0.4054,-33.9211,588.9676,105,69.6864,67.417,62.1613,293.021,0.984,9.8246,124.6104,0,6.6544,35,5.5379,0.8267,0
56.4855,0.3083,0.7376,133.0692,401.5234,105,90.4181,72.9332,87.771,280.9165,0.6209,0.7031,93.9204,0,7.6488,30,7.5854,1.0753,0
39.2021,0.113,0.3643,-79.133,491.0057,121,72.8007,56.9181,87.3593,355.4145,0.9293,6.5454,81.7614,0,5.3325,32,4.5239,1.0004,0
44.8055,1.2102,-0.0599,-128.9313,362.1692,95,87.8537,60.116,114.7128,375.5192,0.8403,1.9056,80.1615,0,6.5105,28,4.9443,1.0029,0
57.0036,-1.1519,0.531,116.2095,462.7937,102,83.7145,51.2859,45.5703,7.7337,0.9738,8.4549,82.0793,0,8.856,39,7.1839,0.9688,0
51.0801,-0.0089,0.0349,-110.4003,656.1174,98,72.8751,63.301,69.7098,380.2102,0.7552,3.891,106.513,0,6.0005,36,8.1955,1.0406,0
54.7706,-1.0018,0.1374,146.6279,515.8732,106,78.4511,37.7926,82.3051,172.9284,0.8742,2.857,94.2317,0,8.7956,23,7.9364,0.8653,0
56.1372,0.1102,-0.2471,34.4456,556.1187,119,73.7464,42.1619,30.5419,246.8607,0.6338,0.0971,92.8925,0,11.3363,31,7.6984,0.9533,0
51.6619,-0.1811,0.0784,19.9331,509.3977,104,76.1969,18.657,43.1624,192.1226,0.7212,6.1407,19.253,0,11.3257,34,3.8482,1.0218,0
65.8191,0.2718,-0.8148,99.2698,744.6736,102,62.1494,83.0234,88.2573,244.1455,0.7858,7.2362,71.923,1,4.5968,33,4.4537,0.9725,0
44.6846,-0.4092,0.5174,-174.0725,377.5191,104,78.8506,37.3743,72.5053,263.9151,0.773,8.3789,96.0143,0,8.4567,28,5.2819,0.862,0
41.8091,0.7623,-0.5046,76.874,479.2852,127,74.2138,71.5101,53.2645,277.0387,0.9102,11.8443,18.784,0,5.9442,30,3.8888,1.0222,0
32.3503,-0.7147,-0.444,35.4578,528.1862,104,80.7654,75.1751,47.0383,133.2927,0.639,6.7861,112.8314,0,5.6724,28,5.9108,0.8712,0
57.486,-1.0153,-1.1633,8.561,350.605,117,85.27,19.0882,97.977,300.6217,0.6238,7.8273,79.7681,1,8.0763,37,5.1295,0.9148,0
44.2995,0.2252,-0.4113,-101.7626,518.9696,96,86.2064,52.7302,74.7376,345.8581,0.6336,7.1053,76.6504,1,10.1121,29,4.9912,1.0893,0
62.6601,1.8539,-0.4792,118.5964,504.4467,110,74.326,63.1289,55.9628,290.4669,0.6012,8.26,89.4595,1,9.9074,41,5.8456,0.944,0
52.4795,-1.5213,0.1086,-89.7659,517.0868,100,73.5575,38.9721,60.784,241.8819,0.7178,11.0615,54.7625,0,4.79,28,3.7137,0.9073,0
46.6117,-1.1446,-0.6473,-3.6818,517.7444,107,78.4839,22.6535,98.6285,205.0909,0.9671,11.5909,53.4176,1,8.5769,28,9.0094,0.9833,0
39.4536,0.2316,-0.222,-123.0911,399.2601,98,90.9389,79.6712,63.7143,29.8542,0.8784,6.9748,111.951,0,7.3894,29,6.2796,1.1915,0
58.4651,1.1272,-0.34,170.5357,256.3139,93,74.8589,62.9642,65.3599,349.209,0.7345,7.0616,109.7244,1,4.7892,29,7.7473,0.9935,0
49.4611,0.3064,-0.8801,-109.9682,527.4622,106,73.1579,50.8266,76.4329,325.8644,0.6822,9.9568,73.4988,1,9.3506,38,6.2982,1.0888,0
52.678,-0.608,0.1191,109.1586,365.9933,78,68.9932,29.079,35.4034,257.606,0.891,0.1896,114.5514,0,5.0182,25,3.9524,0.9224,0
56.0444,0.4203,-0.1096,-85.2915,486.1333,124,85.076,29.7033,94.8549,131.3701,0.8783,2.3145,119.7303,0,7.9356,24,8.4598,0.9087,0
52.6575,0.5163,0.02,-87.8244,387.7336,85,77.087,53.3479,38.1064,279.2995,0.8402,2.1025,30.2383,0,9.6789,26,7.1625,1.1259,0
41.5018,-0.6802,0.4151,-28.1843,277.8864,125,69.9452,40.6959,109.767,241.9199,0.9493,0.8663,113.9807,1,8.2111,31,5.7418,1.0446,0
55.2127,0.8248,0.0038,124.5051,554.0951,95,72.0314,54.3823,78.7495,433.3868,0.8451,4.3175,88.7692,1,7.6692,25,5.4588,0.9261,0
58.202,-0.0345,-0.1665,67.5207,605.0525,93,86.6908,57.459,114.7389,411.7518,0.7451,9.0244,121.0658,0,8.986,24,6.1377,0.9329,0
53.6023,-1.7497,0.4613,133.7885,665.4933,98,81.44,40.975,66.219,219.7532,0.8943,7.1454,120.2013,0,8.7831,29,4.3276,1.0946,0
56.3235,-0.1348,-0.1628,-163.0036,432.9424,91,73.3076,83.8711,118.5056,373.138,0.6949,3.2113,92.2771,0,9.8049,24,6.6883,1.121,0
57.2554,-0.5691,-0.2523,164.0494,505.9535,102,85.7434,34.8957,84.8818,188.3192,0.8462,10.7005,101.9174,0,8.4177,25,6.4251,0.8707,0
46.0394,1.3049,0.3348,-152.2307,551.0937,109,90.3498,31.0214,41.1071,426.8037,0.615,3.7487,107.9762,0,9.7785,29,3.408,1.0627,0
45.6644,-1.329,-0.39,79.5835,653.1833,125,86.5617,58.3963,80.6446,318.1343,0.7708,6.2793,127.8688,0,9.665,33,5.6811,1.0457,0
72.2679,-0.4831,0.5836,-105.4177,237.4891,123,82.0675,59.6328,34.7099,507.6607,0.6327,0.5172,101.7336,0,9.8805,29,4.5886,1.0947,0
63.2576,0.2572,0.0802,122.7041,279.692,112,96.7729,29.9696,69.6072,229.6237,0.9855,10.0911,76.8554,0,4.0196,27,5.1805,0.8877,0
49.5179,2.419,0.7845,130.4502,708.2429,105,93.2433,43.1357,90.5806,424.5164,0.66,11.7278,76.3824,0,6.8301,35,5.8342,1.2051,0
56.8283,1.9549,-0.03,18.4499,247.2403,106,80.6256,19.1918,42.1324,446.2643,0.7215,10.6946,75.7797,0,9.8282,32,6.4284,0.8849,0
40.6232,-0.0452,0.4741,-34.9665,637.6054,97,90.0927,38.6993,44.7803,253.2147,0.7054,4.9034,88.944,0,9.0949,30,4.293,1.1558,0
44.0112,0.3493,-0.8196,105.6136,699.6517,100,86.5123,66.0577,98.606,162.674,0.7258,1.8828,174.6616,0,8.3515,34,4.6794,1.0849,0
37.5309,0.602,0.641,134.6513,620.5102,102,74.663,24.1216,54.4971,375.0149,0.7774,3.6318,103.4103,0,9.162,33,8.6602,1.0261,0
52.8566,-1.0124,0.3446,85.7735,349.5164,98,96.0048,28.1722,106.8821,200.5966,0.706,10.9948,158.7877,0,9.6755,25,3.4532,0.9002,0
52.9737,0.0101,-0.3227,146.49,366.2287,94,96.8724,33.4209,85.2835,264.5791,0.7506,11.6877,125.6289,0,7.8093,37,3.9814,1.0359,0
60.8383,1.3562,0.4325,45.5514,491.3625,105,91.9783,72.8152,79.2059,218.0678,0.7067,0.7186,77.9814,0,4.9575,33,4.9646,0.9608,0
47.8797,0.1416,-0.6336,61.3699,762.7249,100,86.3032,69.9911,65.5491,490.1494,0.9906,1.5877,98.0595,0,12.187,33,3.4141,1.1302,0
60.6659,1.9498,-0.2487,25.8703,761.5075,98,89.4566,8.0498,116.3011,304.6834,0.7153,9.8527,90.7972,0,7.5048,27,5.1831,0.8245,0
56.5291,-0.4456,-0.4255,-4.2616,544.84,90,76.6523,14.263,86.2016,334.3515,0.7212,2.0621,90.8936,1,8.3667,45,5.9742,0.9937,0
74.5923,-0.0887,0.46,55.7498,260.8419,89,90.9559,51.7676,37.0369,299.7262,0.7481,4.6419,101.5884,0,3.8757,33,5.0756,1.2049,0
66.6712,-0.0807,0.6242,22.0159,524.3464,101,67.1014,17.8437,66.7458,222.9848,0.8518,0.4377,198.5239,0,9.36,24,1.8618,1.1207,0
64.9216,-1.3013,-0.2245,83.2464,468.8376,96,76.7396,74.142,41.053,359.1522,0.988,2.4898,115.582,1,6.3019,20,7.6729,0.9838,0
58.3568,1.106,-0.6357,156.3244,503.4119,95,54.92,6.0121,96.1161,392.1229,0.8353,2.1249,81.7658,0,7.2511,25,4.9421,1.0077,0
41.0577,-0.3337,-0.4884,-45.703,251.5354,73,84.0019,34.9621,52.4997,237.2842,0.9938,9.7965,82.9539,0,7.7019,28,4.7872,0.8734,0
52.9279,0.2581,0.046,-31.9794,536.5754,110,90.2967,54.1574,31.4718,308.6269,0.7385,0.7173,89.8184,0,10.6943,26,2.137,0.9815,0
72.4756,-0.5984,0.0146,-174.5879,274.5032,95,96.4918,79.4699,119.4877,404.6822,0.9681,7.1509,85.934,0,11.674,40,6.9142,1.1221,0
55.0695,1.7252,-0.17,9.7324,120.5028,103,77.8494,49.9155,72.4869,182.1238,0.7556,7.0117,77.4137,0,8.6822,34,6.9836,1.0287,0
41.7822,1.2327,-0.4149,-132.6957,533.6604,74,82.3176,56.3293,33.1404,283.2217,0.8515,11.3894,122.0491,0,9.2282,30,6.0115,1.036,0
53.3597,0.0584,0.8142,77.7603,787.794,98,79.856,53.5496,70.9394,382.0806,0.6207,1.1985,77.0946,0,8.6216,29,6.8968,1.0142,0
40.104,-1.2242,-0.31,100.6513,374.6547,109,98.0855,68.8129,54.5747,197.8151,0.6017,7.7024,33.7261,0,7.0655,38,5.1836,1.1515,0
41.4381,0.744,-0.4164,80.1866,429.0827,90,83.3184,56.1571,95.359,312.5985,0.6901,9.1191,71.3978,0,4.688,30,8.7876,1.112,0
54.129,1.083,0.5737,16.792,634.3625,88,98.5447,64.7547,30.6884,246.0987,0.6155,0.0981,115.0843,0,10.7931,25,7.9427,0.8087,1
57.3955,-0.9273,-0.1412,12.3182,674.3953,110,92.45,65.1503,42.3262,228.8968,0.7695,7.7715,79.7103,1,8.7557,27,5.2634,1.0343,0
42.0208,-0.1434,0.256,52.7594,515.8284,89,87.5294,71.7916,61.8472,230.0707,0.7786,1.377,106.7409,0,8.5818,41,5.5847,1.0346,0
44.4044,0.0768,-0.4376,19.6923,393.7376,110,74.433,6.5329,65.7053,165.7064,0.982,7.5621,47.1706,0,10.4198,31,2.049,1.0972,0
35.7362,1.087,0.253,90.1047,698.9176,101,69.1634,19.5754,73.9021,77.3628,0.6693,3.4414,42.2003,0,5.8679,23,4.7867,0.911,0
48.7071,-0.1513,0.3676,142.03,315.4613,100,80.8915,63.5329,61.7901,203.9338,0.7811,1.3145,65.4618,0,6.332,25,6.0872,1.2037,0
30.5397,0.962,-0.5581,13.0066,421.8254,100,80.974,89.2732,65.8821,340.8721,0.7231,5.4695,100.344,0,8.2306,29,5.8369,1.0151,0
47.0085,-0.7729,-0.267,-140.277,588.242,90,68.363,56.5044,73.63,201.6154,0.6239,7.4793,71.8496,0,9.3011,30,2.4676,1.125,0
50.7958,-1.0554,-0.4524,-132.8282,264.697,106,90.8254,44.8444,113.9108,254.5953,0.6427,3.8035,78.9502,0,9.0477,33,7.4871,0.952,0
32.4421,1.8315,-0.264,-44.6694,558.2505,89,81.8383,69.7073,77.4186,161.9965,0.9509,6.3282,84.6209,0,9.7847,34,13.9537,0.988,0
39.9274,-1.3124,0.8005,-1.3346,670.793,107,85.8742,76.4289,68.7271,313.6059,0.759,4.4321,56.8524,1,10.4632,22,1.559,1.0787,0
49.3991,-0.7512,0.1284,-98.9819,751.4809,115,96.9876,63.4707,34.3061,473.4774,0.9062,11.2722,131.152,1,6.7861,36,8.3298,1.0968,0
48.0342,0.785,0.974,-17.0099,441.4898,124,72.2369,49.2872,43.476,356.1963,0.7795,7.151,141.1181,0,13.3977,28,8.6625,0.8593,0
48.4964,-0.5307,0.7414,-131.1358,433.9781,87,59.172,50.9896,98.1424,273.8417,0.9652,3.8974,113.4594,0,6.6932,36,6.2943,0.8515,0
52.8801,-0.5573,0.5654,-93.3012,607.244,98,74.139,55.2611,116.2683,340.861,0.8809,2.6057,128.1198,0,8.7631,32,6.6196,1.0899,0
33.2832,-0.1975,0.7272,84.2252,407.3294,104,97.2997,76.5063,64.5183,417.8954,0.7364,6.93,96.7113,0,7.9655,27,7.1626,0.8092,0
57.0866,-2.156,0.58,174.8053,453.6899,108,80.0842,58.4155,116.579,400.0628,0.9451,11.7652,95.0079,0,7.6658,31,8.499,1.1675,0
46.8127,1.1206,0.8523,-112.9669,548.3156,88,78.1035,58.6775,59.539,412.4824,0.6348,5.7494,103.7676,0,12.0505,28,8.0332,1.0987,0
44.038,0.1759,0.2723,-57.9252,555.8451,83,74.8329,69.1162,115.6904,324.0833,0.6304,10.9404,92.6833,1,10.8939,22,5.4765,1.1281,0
31.3514,-0.8114,0.3432,-53.7528,213.9327,86,79.9359,49.0107,84.8414,478.2663,0.8219,6.3624,115.1404,0,8.4827,22,4.3296,1.1014,0
47.3242,-1.7163,0.329,-99.6026,325.0389,109,74.2945,55.1541,32.5885,264.4499,0.8925,9.6486,65.7421,0,8.3714,24,7.5151,1.0444,0
55.1203,-1.3654,-0.2197,-106.5395,225.048,96,75.0807,89.2935,37.0345,444.5577,0.8404,7.0767,116.7346,1,3.6708,20,8.7549,1.2029,0
51.4157,-1.5943,0.4231,-132.59,249.8339,110,90.4628,37.2845,118.1788,370.9086,0.8651,7.0165,140.0788,0,6.7231,29,8.4149,0.8143,0
51.7081,0.2273,0.6289,146.7053,332.1934,106,105.9091,38.595,57.472,234.7771,0.7042,5.0567,81.8093,0,7.5738,36,2.6747,0.9712,0
46.6096,0.2372,-0.3002,53.774,466.6604,95,71.5746,32.8164,31.2598,127.0394,0.9512,8.2424,62.2173,0,7.1134,27,8.3883,1.1855,0
49.3945,0.6122,-0.4286,-75.4315,481.1793,102,74.6388,56.3145,37.0354,320.3545,0.9887,5.9275,126.389,0,8.5243,40,6.6133,0.9122,0
38.9254,0.7326,-0.2755,-87.086,177.2362,93,74.4218,57.511,77.6852,138.0107,0.7553,10.1396,106.0276,1,7.4942,24,7.1469,1.002,0
49.9523,0.6282,0.6784,32.3003,360.0238,105,95.9105,11.6626,50.5677,321.6003,0.7636,11.0686,99.8467,0,8.5834,31,3.0276,1.1041,0
45.089,1.5378,-0.1186,71.0001,272.2694,101,87.584,69.2839,97.8705,202.6719,0.7815,5.896,76.558,0,8.1812,28,6.2823,0.9478,0
38.752,1.1952,-0.5521,-88.9169,469.9654,96,77.4287,28.3596,109.5937,380.1346,0.68,3.1573,103.7162,0,9.345,35,6.3282,1.0538,0
57.5472,0.9584,-0.5193,-55.0214,401.5611,111,74.9752,59.0031,62.6369,166.9228,0.6564,5.3966,92.4642,1,8.6096,31,5.7324,1.131,0
34.25,0.2368,-0.4519,-75.3796,688.7802,117,95.6251,52.5451,92.6146,491.149,0.9108,8.4505,96.8334,0,11.5562,29,6.9775,0.8597,0
55.2429,0.7207,-0.3564,-148.425,479.08,110,80.4115,-6.6695,95.247,327.0128,0.8425,6.0322,104.32,1,7.8927,29,5.6569,1.0222,0
55.8715,-0.4106,-0.6995,-40.8498,408.9506,99,79.6087,2.6588,72.6038,127.6483,0.6601,4.7556,77.8783,0,10.4197,24,2.0997,0.8067,0
44.7276,-0.221,0.3028,12.1,460.6566,101,58.394,27.5681,53.3642,377.1432,0.7984,0.3229,69.2652,1,5.5754,36,4.6465,0.8583,0
60.3041,1.7214,-0.0947,55.9319,403.4539,93,87.9582,73.5584,98.2046,139.0793,0.9984,2.2045,54.009,0,6.6316,33,7.0478,1.192,0
44.5166,-0.5571,0.2672,-29.9748,701.2163,100,79.9282,12.5232,34.5754,358.5705,0.8106,10.0908,76.2509,0,5.391,20,3.8697,0.8177,0
43.8884,-0.6307,-1.1487,174.0132,449.713,105,81.0679,72.2381,37.4337,218.1146,0.9649,9.1712,82.0005,1,11.7775,34,5.0575,1.0168,0
37.9964,-0.3621,0.5362,45.3016,568.4071,93,81.0302,14.6758,40.5339,526.4805,0.9342,1.0048,111.6471,0,8.1314,27,8.3414,0.89,0
49.9156,-0.5493,-0.0411,139.1704,618.4498,109,89.4012,6.2831,58.6235,292.9389,0.6442,1.2745,117.0002,0,4.6776,27,5.9486,0.8659,0
40.4134,-0.4645,0.25,149.7556,400.8537,118,57.6741,55.9335,56.8423,84.0286,0.7618,11.2061,8.0634,0,5.9852,23,7.2293,1.0586,0
42.0835,0.2423,0.7607,115.7038,229.4544,78,68.0357,49.3054,58.5996,281.6151,0.8239,9.5696,90.2622,0,8.7985,25,8.4635,1.14,0
49.3463,0.275,0.1839,-82.8052,427.8938,95,99.5883,14.8062,38.7642,200.5533,0.8597,4.8732,102.3615,0,7.0405,25,3.7933,0.9953,0
49.7649,0.9111,1.0558,-24.7402,595.595,111,67.7344,25.9597,67.8767,445.3852,0.7166,11.6718,83.2634,0,6.6555,36,4.3011,0.8128,0
62.5593,2.1881,-0.9399,-179.8613,245.677,91,72.3696,56.1008,73.5004,331.6253,0.6031,11.6762,89.3259,0,5.4183,23,4.6858,1.074,0
59.3103,-0.3683,-0.1588,-17.4935,537.9212,95,92.5094,42.5785,109.3877,257.2286,0.7239,11.9727,94.741,0,10.4495,32,6.1188,1.0537,0
55.5099,-0.0656,-0.9017,-74.249,625.9598,103,80.5021,62.4136,113.6253,341.8213,0.8266,4.5578,82.546,0,10.8829,30,3.9714,1.1942,0
48.5345,-1.8379,0.1572,-139.7174,708.742,90,80.5938,43.2747,59.9639,386.275,0.7402,6.3941,96.8592,0,10.2384,25,9.0046,1.0753,0
45.9598,-1.2923,0.0383,121.8916,601.6732,104,95.9054,69.7406,116.535,378.9686,0.7523,7.8123,44.9911,0,10.8997,34,3.1374,0.9798,0
49.7341,-0.1462,-0.5461,62.4409,543.9053,88,74.2518,27.0668,72.7962,76.2546,0.9347,9.8217,67.4077,0,8.6125,24,7.6793,1.0076,0
44.4372,0.4636,1.0868,179.6773,527.912,102,74.6352,61.7518,105.6476,436.4548,0.7668,2.3313,82.8868,0,7.3923,33,8.6509,1.1096,0
42.9907,0.4914,-0.1797,-0.5802,318.813,99,87.6051,24.6419,30.5749,117.424,0.9873,3.9271,74.2257,0,3.9632,35,1.7889,1.0478,0
49.2121,0.6171,-1.1031,-60.9458,358.0173,109,81.5969,56.1516,37.4256,408.8923,0.6656,4.2892,65.4737,0,6.3469,32,3.1812,0.9354,0
41.2162,1.2575,0.3401,-85.0279,240.1668,121,90.2825,62.7915,68.2222,240.0449,0.636,10.0158,108.6191,0,7.8779,28,5.3088,0.9046,0
41.8307,1.7057,0.3478,-23.27,510.7917,97,73.5538,28.7419,65.5995,265.8494,0.6852,5.7328,66.314,0,9.0558,29,6.7393,1.0943,0
59.5487,-0.2434,-0.2397,-68.446,566.1082,105,81.9917,57.5601,71.6353,271.4011,0.6352,6.9463,140.8323,0,7.4274,40,4.7956,0.9865,0
36.2032,-0.8021,0.3942,176.6731,517.6562,79,79.2694,61.2743,53.8091,310.0247,0.6998,9.385,69.2881,0,7.8713,33,4.5896,0.934,0
39.6022,0.6549,-0.4751,-114.1942,542.5517,108,76.0877,59.9952,81.7789,426.3436,0.8175,7.6486,80.7603,0,5.6862,31,5.8414,1.1374,0
62.7327,0.9338,-0.2086,-173.1133,613.9499,117,67.1782,35.0717,96.523,429.9009,0.7035,10.9661,63.1884,1,10.9983,30,4.4938,0.9317,0
46.0786,0.1358,0.1969,-133.2002,300.9328,92,75.7927,42.7273,42.1338,318.9505,0.9272,1.845,58.6588,0,8.0055,42,1.6019,1.125,0
63.7603,-0.179,0.4622,140.9516,509.4268,95,74.6115,84.1836,79.2052,383.366,0.7435,5.6585,101.8982,0,7.1989,44,4.7857,1.0724,0
38.3263,-0.5042,-0.1121,69.8109,536.9756,103,92.53,32.3029,51.3031,277.2234,0.7615,4.6546,59.9568,0,5.2805,32,3.5192,1.0474,0
50.7378,-0.0422,-0.2412,102.23,429.6631,106,85.6721,52.8047,109.7788,264.8828,0.6347,9.7909,93.2225,0,11.0721,33,6.2757,0.8116,0
57.7183,0.6901,-0.0206,-64.6302,181.1377,99,84.4436,45.8678,111.7675,386.4535,0.7082,5.7885,114.5562,0,3.992,35,4.5271,1.1885,0
40.9403,-0.6683,-1.0232,44.1733,346.37,102,78.1798,56.7516,94.02,403.9882,0.6482,11.0547,58.2648,0,8.545,25,3.8533,0.966,0
66.7433,-0.801,-0.1398,74.8435,423.7599,95,71.0811,78.0886,45.015,240.8948,0.6931,3.3662,42.3005,1,6.7803,32,5.6465,1.1404,0
46.0965,0.5996,-0.9903,-62.4902,522.4396,100,82.2266,38.1676,115.6833,462.975,0.8634,2.9569,132.893,1,7.9136,35,4.0348,1.0036,0
55.0909,-0.848,-0.4208,80.83,505.0186,104,94.1815,57.3057,96.561,432.2081,0.7527,7.0377,48.4439,0,7.8318,31,2.3014,0.9401,0
43.2195,0.1512,-0.7112,46.6771,788.4979,112,71.4154,64.1754,39.2326,123.2759,0.6076,0.596,104.1877,0,8.9981,31,5.9658,1.09,0
64.9161,0.0982,0.2641,-73.3554,641.5507,100,84.5378,43.3675,82.2707,215.6013,0.707,7.92,50.4172,0,8.0471,36,3.6659,0.9764,1
53.0336,0.0004,-0.3655,-160.9719,496.547,93,75.4675,33.0252,85.6454,236.4872,0.9486,9.2001,98.9476,0,8.7035,32,7.035,1.192,0
70.9728,-0.6427,0.619,-94.3687,518.177,93,79.9448,52.0167,83.2908,263.3877,0.7512,3.1504,109.9586,0,7.2852,30,6.8932,0.8289,0
61.7907,1.7339,-0.9236,43.033,690.6016,86,78.4435,50.4565,78.1647,191.2679,0.8251,4.2792,73.2907,0,7.4493,37,4.4055,0.8558,0
58.3703,0.3983,-0.1218,35.651,696.3623,99,84.498,17.2419,36.2625,284.2292,0.7915,7.982,46.1292,0,9.7409,30,8.5001,0.9035,0
40.4488,-0.5144,0.0423,2.7537,550.1142,105,78.4387,34.2693,47.6572,320.9174,0.9895,6.6884,67.1046,0,8.567,31,7.2857,0.908,0
50.8385,0.3309,0.245,-89.469,759.9969,98,74.9687,64.5215,113.9105,472.7232,0.7115,7.5328,69.6445,0,9.8539,36,4.1576,1.1281,0
46.8332,1.8322,1.0768,-19.9668,365.3006,88,64.2312,40.9903,99.4367,407.6012,0.8828,6.7226,68.9492,1,6.4372,29,8.8866,0.9695,0
50.2623,0.0895,-0.9834,-128.1442,495.6723,95,82.2013,59.2291,80.9388,537.338,0.8386,5.9724,0.0,0,7.7804,34,0.0,1.1448,0
51.4772,1.5334,-0.3788,58.4579,974.936,105,86.1061,28.99,82.6417,170.3439,0.8478,0.3621,50.5653,0,6.6104,20,8.3243,1.1562,0
40.993,-1.1478,0.9985,132.8976,606.5424,102,80.6254,52.5075,56.8977,313.0283,0.9226,4.4671,67.6296,0,7.7841,27,7.1619,1.169,0
48.4344,-0.8511,-0.4605,-13.0731,478.8552,83,79.2712,52.4719,59.0943,285.7841,0.6667,7.2455,86.6096,0,6.1324,31,4.674,1.1673,0
49.0361,-2.1404,0.2209,-103.3209,515.5905,89,94.8669,55.9829,41.6694,287.4124,0.9376,9.5925,65.8283,0,6.5704,29,4.575,1.0478,1
39.8977,1.9758,-0.4699,118.0391,526.9466,74,96.2094,42.4562,113.5716,242.4761,0.6413,10.3513,101.254,0,9.5558,26,5.3416,0.8092,0
58.0042,-1.7019,-0.697,-67.2914,750.4908,77,90.7153,53.1762,89.0468,255.5521,0.8659,4.341,69.4971,0,6.0606,39,5.5087,1.084,0
52.2249,0.1742,-0.4078,33.8283,620.6298,100,83.3473,87.9039,54.1924,260.2359,0.6829,8.3934,105.1749,0,8.4212,23,2.7517,0.9973,0
58.1325,1.7376,0.9888,-152.8483,488.192,100,80.9706,58.3891,94.1457,373.3041,0.8569,0.9895,124.5811,0,10.4944,38,6.5765,1.0628,0
54.8722,0.9712,-0.5833,78.4575,248.5954,111,69.4647,79.4461,106.7307,332.8672,0.6461,4.3461,98.6392,0,6.1908,38,8.2535,1.1579,0
32.8637,0.3763,-0.1491,-14.1582,390.996,74,60.9412,46.5401,93.0833,232.3501,0.8838,1.9104,108.843,0,9.7461,21,8.4915,0.8653,0
41.6669,1.2831,-0.1273,-27.5945,509.0098,103,93.7085,-1.8111,55.0938,393.9275,0.7288,5.6403,67.9178,0,6.4234,36,4.9862,0.9565,0
66.5321,-0.6684,0.4582,156.5411,480.5592,89,81.1406,65.0277,49.6211,144.6354,0.8661,7.6843,113.9309,0,7.5023,37,6.3837,0.9772,0
57.8509,0.5177,0.5644,-3.0638,664.3793,123,113.9174,89.3054,39.6378,381.2937,0.819,11.293,53.3931,0,10.0083,32,8.3979,1.1376,0
33.7836,-0.1126,0.0539,-173.9698,465.297,81,74.162,52.7606,66.184,349.7137,0.6899,10.1336,84.48,0,5.8358,30,5.879,0.913,0
54.7001,-0.1332,-1.5949,165.5355,625.8004,106,84.2696,38.5858,113.3222,198.9792,0.8127,1.9709,102.4387,1,13.2423,28,9.0639,0.9079,0
41.6809,0.1906,-0.4446,-175.6034,279.1888,101,90.22,51.7786,47.9527,321.8721,0.6636,9.1562,83.9502,1,7.8211,31,4.0383,0.8316,1
29.0351,1.1753,-0.599,12.913,421.3275,84,73.4716,73.3286,73.2422,194.3374,0.9969,6.9346,95.2951,1,12.4133,37,5.197,0.9573,0
66.5721,1.5665,0.5793,48.0949,604.2019,115,77.3037,52.7286,30.8954,345.5788,0.8385,9.8319,59.4287,0,11.3871,34,3.0105,0.9323,0
50.7533,-0.267,-0.4605,142.0143,810.0929,117,78.0564,36.5017,105.9496,140.5441,0.8043,5.7221,112.7294,0,8.6699,24,7.2437,0.8998,1
52.1698,-1.0887,0.8417,64.5165,478.6977,99,75.9312,30.2584,85.9217,346.8602,0.9674,2.4201,56.8827,0,5.2717,28,4.1233,0.8673,0
37.4323,-0.8196,0.2041,112.0078,624.3189,101,83.9889,64.2911,58.8464,89.8092,0.7201,0.93,55.9506,0,9.4074,22,7.7132,1.0086,0
38.4686,1.9478,0.5674,97.1721,700.4219,103,80.5484,112.6314,41.5171,347.0089,0.6913,3.1957,118.4655,1,5.9096,27,7.4199,1.1576,0
34.0836,1.4808,1.1279,-103.1274,642.9802,102,59.6344,26.6042,86.7149,179.1713,0.8546,2.3297,127.7689,0,8.0281,35,9.4518,0.8431,0
64.1698,-1.0913,-0.4719,72.1685,612.241,114,81.1024,62.5266,78.2864,320.0934,0.963,7.321,98.616,0,7.9627,19,6.8546,0.8568,0
33.5667,1.661,-0.81,49.5296,446.906,106,83.7385,63.7549,118.5257,397.566,0.8599,7.7355,81.5752,0,7.8062,30,6.21,0.9458,0
66.1678,-0.7117,0.0935,-92.1705,727.922,80,79.5935,27.5741,72.2382,180.7852,0.6087,5.3026,56.7645,0,7.7268,26,3.1194,0.8391,0
40.1324,0.6646,0.477,-133.8009,302.295,109,96.4688,66.1112,44.2335,38.6924,0.945,5.46,57.6777,0,6.8551,25,6.8914,0.9002,0
37.7212,-0.7124,-0.3324,90.5902,309.9594,102,83.4796,90.7192,106.2709,157.2897,0.7189,10.3937,76.8469,0,6.5266,29,8.783,1.1063,0
49.4463,2.1629,0.0182,169.6055,780.1094,91,80.2354,69.1032,110.5137,248.457,0.9477,1.7303,76.7973,0,6.9278,28,9.0596,0.901,0
43.1579,-0.5701,0.6085,85.8405,554.243,96,89.0945,42.6699,39.2585,177.8208,0.9926,1.302,21.0444,0,10.1376,40,5.3973,1.0018,0
50.973,-1.0498,0.559,89.802,314.303,99,102.6648,22.7704,104.4231,112.8116,0.8605,0.8653,101.4075,1,5.3076,37,6.1625,0.8569,0
41.2284,-0.4565,-0.2909,-119.9864,284.9588,102,78.5667,58.9562,53.5207,188.5544,0.7123,5.7098,36.9659,0,6.6625,26,8.1442,1.0682,0
46.8652,2.6269,0.1357,-91.0601,278.6321,104,90.537,47.0926,78.4464,415.8978,0.6903,9.3711,47.9154,0,11.9922,36,6.3132,1.0905,0
42.4161,0.2606,-0.4679,30.8745,805.1535,104,98.3891,63.1507,83.3804,445.0601,0.8818,8.0358,73.4085,1,7.5931,24,7.5818,0.9951,1
58.6123,-1.0282,-0.725,-168.6849,487.8133,109,77.6925,44.0114,110.5516,154.5884,0.6215,1.0583,97.364,0,9.3694,30,9.1354,0.9724,0
55.1262,-0.7884,0.6791,60.4523,422.4042,91,68.2748,31.7075,44.2011,350.5656,0.8601,6.0503,93.1418,1,6.4269,27,7.0236,0.8134,0
52.4772,-1.7477,-1.0666,-127.8679,744.3174,91,84.3832,51.4532,31.7726,342.8454,0.7237,0.4912,88.6703,0,5.4616,33,2.481,1.1535,0
60.5355,0.5401,0.0955,-31.1773,537.6915,105,93.4732,73.2937,83.7099,202.3283,0.6011,1.5281,57.1085,0,8.8366,25,8.4543,1.1399,0
52.6318,-1.2505,-0.1851,-64.7323,450.886,109,77.1467,66.2732,86.6703,528.5858,0.8534,2.5105,88.3271,0,7.2604,30,4.6814,0.8657,0
51.788,1.1057,0.2744,-141.676,659.131,89,90.9563,44.3675,116.8793,283.1191,0.8328,5.1416,127.6107,0,10.1622,36,3.9806,1.0292,0
48.8005,0.7901,-0.3425,28.3577,589.6562,84,71.4062,26.4168,38.9951,305.8001,0.8115,4.3955,90.1953,1,6.8338,22,4.3864,0.9856,0
42.8375,-0.1,0.5708,-49.9515,590.0686,100,77.5298,44.196,66.7004,118.2419,0.6995,8.1715,109.4123,0,7.9958,25,5.9446,1.1419,1
42.8596,1.2361,-0.1111,-164.1654,459.4673,113,79.076,43.6785,94.0039,357.5153,0.9659,9.1294,26.2121,0,10.9478,20,5.3349,0.9426,0
51.4712,0.9256,0.7257,-20.0088,365.6986,91,78.608,48.9901,80.0408,114.8547,0.6128,10.8869,93.3851,1,9.5459,23,4.2773,0.864,0
60.1791,0.1569,0.1094,32.4932,348.4296,96,71.4048,89.592,115.86,316.7606,0.6443,7.2864,115.116,0,7.9082,32,3.8709,1.051,0
55.7036,-0.7681,-0.5249,-133.0508,515.4364,105,76.646,43.7966,37.9795,243.9649,0.7554,3.1164,104.4575,1,8.6064,26,4.9671,0.8171,0
55.6462,0.4135,0.2713,30.5978,501.129,85,60.3273,52.645,43.1566,230.543,0.7555,6.1259,103.2993,0,9.7012,23,6.0065,0.8818,0
38.9384,0.4077,0.2088,-71.2713,572.4213,111,86.9297,65.5451,85.2744,229.0672,0.6512,7.6715,65.5839,0,7.6603,37,9.9356,0.8914,0
55.2283,0.4915,-0.0535,-86.5267,436.277,90,80.3613,60.142,86.5962,438.3093,0.9933,2.2049,95.7571,0,4.6892,31,8.825,1.1775,0
46.0079,0.079,-0.3742,106.374,692.046,101,91.4981,79.3134,71.9005,393.505,0.995,5.0002,121.0701,0,4.6654,38,5.0192,0.9683,0
51.7574,0.3272,0.4303,-11.613,301.1685,105,79.1046,39.1265,96.6176,383.5905,0.9093,3.8311,85.3373,0,8.0443,23,9.3286,0.9097,0
55.5201,0.3021,-0.4826,-43.9477,562.7073,94,62.0165,36.7433,60.1147,293.326,0.7217,7.7489,142.3059,1,7.5285,26,5.8876,0.8283,0
38.4379,1.3621,-0.43,112.6881,363.5778,91,83.19,42.6448,54.6534,206.2474,0.7364,1.1046,55.9334,1,9.9929,32,10.5195,0.8258,0
51.574,-1.2741,0.2637,147.7239,463.5244,92,73.3778,31.4044,46.9027,240.6194,0.9567,9.8494,99.8754,0,10.6916,30,6.498,0.9884,0
52.3626,-1.0016,-0.1054,-66.5699,361.8896,101,90.6905,51.0867,84.5918,231.2514,0.603,1.1475,83.0649,0,9.2173,23,6.7449,1.032,0
59.9863,0.0751,-0.9824,-161.8567,444.8543,104,77.8828,53.1253,102.3973,332.6234,0.6622,9.9821,42.5035,0,9.3376,25,6.6188,0.8912,0
44.8312,-0.76,-0.4809,14.6583,339.4564,102,100.152,43.342,32.6914,331.5754,0.7116,1.6641,95.2491,0,11.1523,17,4.6972,0.9184,0
49.3879,0.2109,0.2029,77.4553,349.8751,92,71.0583,60.9397,44.4562,301.2287,0.9995,9.2943,86.2394,0,4.2016,25,9.4404,1.1804,0
51.6996,-1.1132,-0.1349,31.6047,644.5646,99,82.4628,61.5157,106.7427,394.1434,0.6181,10.3916,55.7378,1,5.0422,37,5.2244,0.8908,0
44.8321,-0.9554,-0.0505,67.7001,291.5854,98,85.9862,35.3979,31.9865,272.6759,0.8594,6.9378,41.1728,0,5.7965,27,5.2298,1.0108,0
44.6495,2.0605,0.131,52.8207,597.4937,97,76.6969,61.4913,33.9847,347.6192,0.9238,10.8595,95.8043,0,5.4081,36,7.5859,1.156,0
44.2636,-0.2293,0.2282,164.1582,627.7746,89,66.67,26.9273,76.3573,173.9583,0.6417,3.5111,90.3232,0,7.7198,34,3.0754,1.0477,0
48.7228,-1.1712,0.0581,131.7305,609.5621,100,77.9977,31.4468,63.0299,493.7771,0.6495,4.0235,92.0577,0,8.5019,29,6.029,1.0545,0
67.4709,-0.1148,-1.664,-132.5363,496.0056,103,61.8105,78.6163,99.2856,397.507,0.7123,4.5095,120.782,0,8.5211,26,5.1815,1.0204,0
49.0792,1.0364,-0.0276,-17.0626,336.1874,82,73.0154,45.4545,88.7078,221.2084,0.8351,11.5494,95.8673,1,9.0029,32,3.005,1.0268,0
54.8754,1.2055,-0.2582,-16.2833,268.2173,96,78.2188,45.952,46.8648,389.2859,0.6983,0.8484,68.5511,0,8.5889,27,5.4135,1.0676,0
50.3159,-1.4611,0.0153,-15.7199,322.9888,91,90.0084,83.3393,60.4241,384.4698,0.8021,0.0951,167.0292,1,7.7464,26,6.2676,0.9648,0
46.9247,-0.767,0.5338,155.0534,323.9269,84,82.7962,53.5077,37.8083,131.7651,0.6755,0.6238,144.6524,0,6.9347,25,6.8863,1.0346,0
49.758,0.2227,-0.5362,-62.2106,541.2501,107,75.9596,44.8239,38.4905,401.6353,0.9006,5.8713,83.9527,0,5.1652,39,3.3023,0.8249,1
57.6935,-0.034,0.0351,41.1383,287.6701,107,75.3437,32.0078,118.3347,194.2796,0.7618,2.6448,94.6116,0,7.8278,32,3.0807,1.1193,0
49.4653,-1.6,0.2385,142.6728,468.9907,102,74.4909,59.3068,33.5018,360.7922,0.6833,5.8453,24.5333,0,9.1125,28,8.0211,1.084,0
48.3907,-1.438,-0.1548,-161.8061,506.0255,129,89.1959,78.9896,46.3426,477.3117,0.9189,6.3862,111.0185,0,10.2387,29,9.7256,1.1068,0
47.6523,-1.0676,-0.6545,136.2794,454.5403,113,65.1541,48.6576,65.7357,336.1225,0.6961,5.8146,80.5597,0,6.3647,24,3.8904,1.0232,0
40.0652,-1.7709,-0.6019,95.3852,459.4194,101,71.5313,75.7739,83.2357,605.7651,0.8078,5.3797,100.5571,0,12.5796,35,4.1129,1.018,0
60.4009,-0.4585,-0.0173,-105.1659,691.4554,104,65.1056,47.0991,115.7925,381.4037,0.6146,4.7181,49.0497,0,9.7632,27,4.6508,0.8515,0
45.5306,1.1945,-0.3102,-62.8159,574.9568,87,85.8564,34.8945,64.9864,288.9064,0.7242,3.8766,106.851,0,9.3679,32,3.9598,0.9541,0
64.6941,-0.6658,-0.9639,-68.1888,605.4565,103,95.1426,40.2806,46.6592,284.4877,0.6693,3.8777,32.9357,0,8.44,37,5.1724,0.8535,0
52.4471,1.0823,-0.3991,-100.3297,444.2582,92,85.7397,35.1024,74.0367,339.9051,0.7023,2.5315,8.3054,0,2.5692,28,4.3672,0.9816,0
64.0589,0.0297,-0.6503,49.8677,617.679,120,86.4619,77.5475,99.4294,295.7431,0.9944,4.7664,136.892,0,8.7706,36,6.7629,0.8584,0
48.0006,-0.1834,0.3742,173.8182,545.5554,98,74.7481,72.623,53.3589,129.131,0.748,6.5847,26.3674,0,7.5059,27,5.605,1.0393,0
42.6682,-1.6657,-0.7421,-120.0198,531.5265,99,84.8785,57.7971,45.222,262.3403,0.6596,11.2743,37.8495,1,10.539,24,6.4862,0.9363,0
60.4323,1.1698,0.7102,-96.412,441.2953,81,72.4901,2.5835,94.3828,219.729,0.9951,8.7014,57.8418,0,7.9183,26,9.0663,0.8726,1
44.3899,0.1164,1.0799,-75.4653,535.5194,96,74.2498,79.5562,76.8599,381.4967,0.72,10.9287,82.0068,1,10.3943,39,8.132,1.124,0
62.8554,-1.5999,-0.3703,157.5256,816.2462,98,79.6236,42.3722,91.5243,226.1062,0.8967,2.6217,19.3731,0,6.6346,24,5.3685,1.1654,0
55.7871,0.3819,-0.3069,45.2958,590.535,110,80.4221,37.562,62.8523,342.554,0.9541,2.9807,42.6325,0,7.3145,39,7.2099,1.2053,0
64.6446,-0.5878,0.4719,-103.4394,756.3668,102,97.9232,43.3396,103.245,312.2467,0.741,3.6443,49.2313,0,7.2808,22,10.5505,1.1953,1
40.2353,0.0613,0.542,109.4361,216.9581,87,88.6651,50.7975,68.2259,269.3413,0.858,11.6068,75.8949,0,8.9881,30,2.5,0.9888,0
59.5651,0.2401,-0.2462,152.2342,510.8451,107,81.1578,58.6082,89.1548,235.5185,0.6212,6.3332,142.2475,1,9.8787,33,5.5319,0.8463,0
42.5725,1.2157,-0.2199,-34.7608,623.1459,83,97.0944,71.7542,64.4587,308.8904,0.7574,9.8675,106.0274,0,7.749,21,5.315,1.0266,1
26.0358,-1.1273,-0.2158,-117.7859,558.0019,111,104.0331,60.5661,81.1753,306.9907,0.9583,9.7639,89.2412,0,9.7358,21,6.5494,1.1942,0
58.9592,0.5719,-0.4258,-68.43,577.253,98,80.1995,50.5765,80.8981,223.274,0.9205,10.6259,62.9624,0,8.537,23,4.7209,0.9341,0
49.936,1.3283,0.4557,-101.8387,441.688,82,83.8293,42.5663,101.8003,274.1767,0.6978,2.4693,80.5982,0,5.0717,30,7.398,0.8578,0
59.6241,2.5205,0.0777,-107.4863,681.6949,105,67.614,32.4398,38.8514,270.982,0.6074,6.2122,80.9997,1,9.7946,37,9.835,1.0048,0
50.9201,1.0496,-0.3627,-118.5161,259.8842,87,81.6524,57.6006,50.3318,348.444,0.8475,7.1103,99.797,0,5.3164,28,2.8201,0.8625,0
50.2148,0.3614,0.0323,135.3772,477.561,91,73.2187,60.5922,56.3326,302.5008,0.6479,6.162,95.4533,1,4.0594,37,5.8248,1.1057,0
64.977,0.275,-0.1892,-149.0803,518.6298,97,61.138,34.728,75.6446,322.2004,0.9258,10.248,81.8766,0,6.8416,29,5.2247,1.0736,0
51.1829,1.5521,1.2517,-31.1942,414.0786,97,89.8963,28.9173,111.7485,309.5634,0.7865,11.2487,105.2589,0,5.7297,33,6.0233,0.8108,0
45.245,-0.2864,-0.1244,-174.6954,504.1906,104,81.0636,65.673,101.9119,263.2482,0.7589,2.6544,91.6369,0,8.7828,28,3.6576,0.8433,0
49.1162,0.7959,0.3701,-74.3777,205.2876,81,71.3088,41.5608,105.4011,247.549,0.6989,0.6946,38.8337,0,9.1049,31,5.4447,1.1404,0
51.5764,2.1941,0.2174,74.4967,305.5408,104,61.7253,26.6449,60.9811,426.3489,0.8197,8.8295,51.3691,1,9.4016,27,7.4579,0.902,0
21.5535,-0.1094,-0.0753,-106.9791,690.5359,110,73.9117,31.0655,60.1014,220.5661,0.928,6.1141,63.2386,0,7.6845,29,6.1303,1.0054,0
54.9111,-2.014,0.2201,179.5427,536.5117,99,73.2586,60.3242,92.7149,467.2216,0.7887,11.2651,123.1245,0,6.7399,34,8.3812,0.8681,0
63.589,-0.8608,0.1052,-162.6123,443.1799,105,78.8947,81.4322,107.2603,469.8629,0.6389,8.5118,116.2201,0,6.778,29,8.0022,1.1005,0
49.5101,0.2934,1.2434,-130.8659,646.9636,93,62.5686,70.3119,116.283,233.7078,0.8229,3.7486,85.4606,0,7.8212,32,5.219,1.1077,0
45.7924,-0.837,-0.0485,103.2771,708.0777,90,84.2949,12.4374,62.6498,357.5166,0.7307,6.375,92.8098,1,8.5037,37,6.4406,1.0465,0
53.8777,-0.3472,-1.3034,171.3594,771.4593,100,86.414,48.0756,86.5522,355.7119,0.8066,10.7825,79.4965,0,10.0804,31,3.2873,0.9391,0
67.4355,-0.295,1.0945,163.4447,216.9562,99,66.9795,66.3201,93.1351,375.4031,0.6344,10.1796,94.5668,0,4.8645,31,5.4091,1.0286,0
54.6919,0.5609,-0.2548,107.3651,707.4304,91,63.0525,20.4848,111.2613,342.8902,0.6298,5.6063,108.6608,1,9.5759,32,9.1042,0.8639,1
52.1437,-0.946,0.0432,170.2752,325.8551,101,90.1448,82.3765,96.3252,203.3576,0.8941,2.6616,98.6416,1,8.5226,35,4.8919,1.1797,0
46.0942,-0.5838,-0.2719,122.686,545.2483,90,78.5102,13.9698,68.267,446.3428,0.7954,1.2762,68.0794,0,12.1569,36,6.1611,1.1428,0
39.305,1.407,-0.2995,-159.1111,591.6993,113,86.3964,62.0967,99.133,468.148,0.763,2.0604,80.6131,0,8.4442,34,3.9768,0.8839,0
50.2341,-0.482,-0.5593,124.4283,741.3317,107,81.1048,42.9897,70.4277,246.8453,0.9816,5.3056,95.5542,0,11.0835,32,3.7112,1.062,0
50.4158,0.7258,-1.0012,-5.8392,570.3932,89,79.1177,54.3653,119.1645,225.9493,0.6771,8.5988,64.8979,0,8.1019,33,8.3027,0.9061,0
30.679,0.0139,-0.3587,-15.5688,541.8484,100,90.3485,51.7168,62.8721,97.3747,0.9623,2.061,98.0045,0,8.6606,37,5.7728,0.8706,0
42.7322,-0.0231,0.2571,-179.0902,374.3307,90,88.4041,32.4931,36.5969,348.4296,0.9331,8.1921,108.0398,0,8.4402,27,6.0526,0.8982,0
61.5886,0.7381,-0.8232,43.2926,246.8516,99,83.8471,60.7157,93.9249,275.8248,0.8121,3.6557,89.2251,0,8.0835,21,4.337,1.0246,0
47.4193,-1.8625,0.2527,61.7791,370.4167,101,84.5327,45.4659,56.8823,182.5375,0.7807,7.5103,121.6407,0,8.4473,23,5.5817,0.8648,0
25.4417,0.4433,1.1599,104.6576,710.9901,121,75.6592,61.6626,93.5313,316.2523,0.6498,5.8346,100.9912,0,10.0375,25,5.8223,0.8949,0
66.0118,0.5528,0.1434,-62.6569,504.9218,98,85.5433,36.9919,36.8285,216.9852,0.7483,10.4754,109.6495,0,10.4696,31,3.8328,1.1677,0
41.0849,0.8484,-0.6947,-133.8719,749.1875,91,95.5349,45.1187,118.839,344.2924,0.8165,11.095,66.7188,1,8.8062,27,7.9164,0.9729,0
45.2973,-0.3755,0.2013,-21.6539,392.3859,88,90.2392,61.1321,101.6446,231.1678,0.7412,4.6198,127.2935,0,9.7196,28,5.4905,1.1108,0
60.6225,0.0005,0.4788,-49.5763,617.8063,89,61.278,35.5368,91.9408,219.2677,0.9671,4.4337,107.1468,0,7.0487,30,4.8605,0.8339,0
42.5793,-2.4525,0.6521,91.128,525.1646,102,84.5182,73.4275,87.8431,309.0233,0.618,7.3549,84.7828,1,10.2154,43,4.1191,1.1601,0
30.3004,-0.6698,0.0938,-97.402,694.2887,91,85.3401,55.9062,42.6465,263.0243,0.7207,3.519,103.0443,1,8.1109,28,5.5977,1.052,0
52.1757,0.1756,0.3022,-130.2584,466.5024,84,91.3273,89.6576,43.005,155.2156,0.9721,7.0294,90.3571,1,10.1794,22,4.9881,1.0581,0
57.9684,1.4707,0.4251,-21.5332,480.8747,103,92.3805,46.7188,36.9357,417.1309,0.6327,4.9402,116.0249,1,9.7792,37,6.3474,0.8988,0
45.3089,1.8458,0.3011,46.0763,682.5677,94,84.9562,55.4633,98.737,262.0378,0.7863,5.7184,85.942,1,6.2279,32,8.8263,0.9216,0
48.7716,-0.3424,0.1592,-78.8409,186.556,103,67.6138,45.4895,94.234,385.996,0.8992,9.4931,78.8292,0,7.6336,28,7.1399,1.0014,0
38.202,0.874,-0.3194,-138.8041,478.5297,105,78.8716,50.1136,107.876,328.4075,0.7353,1.3282,76.4895,0,8.458,25,6.154,1.0953,0
40.0454,-0.1472,0.4772,-21.9181,250.8387,90,72.0631,61.1113,88.5144,111.6018,0.9237,1.7849,111.9747,0,4.9493,25,5.2744,0.9141,0
46.7832,-1.616,-0.2679,166.2758,495.5808,96,68.3416,82.3682,65.6041,352.1706,0.6596,1.3781,101.8378,1,5.0327,40,7.4667,1.1493,0
56.4861,0.6051,1.3012,168.2332,436.9403,108,93.9684,78.6199,111.0494,261.4281,0.9946,7.4618,154.6826,0,8.6867,33,3.98,1.201,0
50.9777,1.8313,-0.3199,75.1268,590.3374,99,75.3606,65.6208,85.4972,277.1092,0.8573,10.4116,88.2194,0,6.617,27,5.0213,1.012,0
60.2005,-0.3814,0.4013,99.7752,569.933,103,99.8935,28.6519,34.2324,519.8088,0.7175,10.824,43.066,1,6.403,27,5.6818,1.0651,0
66.5361,-0.9073,-0.6388,-106.7364,457.1597,93,76.1534,42.6301,110.8396,347.8988,0.6281,6.2776,104.7874,1,10.1491,40,4.5483,1.1875,0
58.8657,0.0674,-0.2384,-45.1246,355.7403,98,72.8576,61.6894,108.5918,285.3989,0.8229,7.7804,94.1532,0,11.9788,29,5.6879,1.065,0
34.1004,-0.1228,-0.2946,37.7115,511.7495,116,86.0183,34.0818,98.2002,257.5913,0.8354,8.2844,94.5046,0,8.3483,21,2.5645,1.0684,0
47.1622,2.61,-0.6836,90.15,695.7566,111,79.2144,49.6705,113.5242,495.6402,0.7768,5.5319,84.2714,0,10.0749,29,6.4323,0.8258,0
58.77,1.0059,-0.2872,-120.015,352.9583,86,82.777,53.21,65.8873,299.1337,0.9752,7.8278,88.7585,0,10.6434,28,12.4689,1.093,0
48.8046,0.1294,0.1802,-15.2538,274.5119,104,74.6082,86.4073,105.9865,402.3291,0.7289,4.2457,107.9808,0,4.7547,26,6.7051,1.0021,0
33.8066,-2.8953,-0.1237,-121.4084,223.5229,104,74.6067,46.856,114.0009,334.3814,0.8318,7.5293,106.3925,0,8.75,32,6.3235,1.0704,0
44.4802,-0.1433,0.5965,48.0091,269.8036,101,75.1067,18.5355,101.1848,316.0835,0.6274,5.9557,67.8481,0,10.704,21,3.6943,1.1205,0
27.2755,1.8522,-0.4657,97.9784,498.9117,88,69.5782,65.4129,95.8138,402.2443,0.7829,1.9306,82.7953,0,10.1653,22,4.2007,1.0211,0
47.225,0.08,0.3487,119.991,289.1891,101,89.6632,70.8976,62.0674,324.4291,0.914,10.14,133.6515,0,8.8056,33,4.3869,0.9048,0
43.1508,0.8218,-0.2963,83.6515,443.7567,106,82.0583,95.5725,60.4696,298.1184,0.899,3.1906,125.8607,0,7.0449,29,3.8597,1.149,0
46.3935,0.392,0.5646,-122.7077,569.2454,95,81.5346,41.1962,110.8561,351.9081,0.7911,1.252,96.9714,0,10.208,28,7.0727,1.1349,0
61.8148,-0.4867,0.3917,118.2283,180.7156,110,86.6613,22.5437,46.1716,185.6885,0.9428,9.9692,89.8226,0,8.2026,29,4.892,0.8603,0
36.686,1.6913,0.5065,-59.611,648.0234,106,83.5703,57.0521,33.8287,346.0858,0.9799,10.3775,14.5399,1,8.2977,27,5.0921,0.9508,0
42.8178,0.1889,-0.0807,120.8759,714.1173,108,102.641,60.487,87.6438,312.1066,0.7736,0.5777,87.966,1,4.4431,28,10.6661,1.1568,1
38.5824,-0.7069,0.6647,-89.6758,779.6879,91,84.2655,61.568,60.3658,250.1667,0.7401,11.2463,71.7569,0,9.6352,29,4.8688,1.1242,0
60.7134,0.0215,-0.83,-8.7468,721.1084,102,59.4836,41.9307,95.6803,335.4875,0.8534,0.8409,53.792,0,6.5447,36,7.4931,1.1671,0
61.3124,1.4275,0.2231,27.5658,861.9054,84,75.0611,58.5653,119.7739,237.4006,0.9992,2.5054,47.5473,0,8.0069,24,7.0319,0.8809,0
53.6008,-1.4795,0.0691,-167.5002,534.5081,99,70.6771,52.133,49.5167,215.0624,0.6159,0.0756,106.4415,0,7.8043,35,8.2404,1.0272,0
53.0829,0.2703,0.417,145.33,620.9006,107,84.6761,38.7362,58.7809,414.4482,0.7466,0.1757,45.0507,1,9.6485,27,6.2142,0.9966,0
37.9966,0.0736,-0.0379,4.1556,462.3234,100,75.8657,28.062,83.6758,381.561,0.7962,1.0193,72.2999,0,5.7654,24,7.1718,0.8901,0
51.9919,-1.5401,-0.492,-110.865,599.4184,94,85.0109,43.5288,89.8329,381.9173,0.9921,10.625,95.68,0,7.208,32,3.7837,1.0073,0
38.7809,0.7668,-0.5459,-122.1077,520.6219,93,73.162,48.6498,119.3951,427.3132,0.9303,0.6854,150.3137,1,7.4686,21,5.453,0.9111,0
50.4119,0.2565,-0.0059,67.1574,250.5507,90,81.941,63.7367,74.6152,369.6583,0.7189,8.9384,88.7442,0,5.5466,28,6.5108,1.1237,0
46.5665,0.8785,-0.1301,-150.5761,274.3577,108,74.7305,49.3701,49.7153,145.7707,0.9131,6.8523,69.0328,0,10.7603,28,10.4514,1.1928,0
44.0583,1.1381,0.4285,-21.6642,771.3486,110,76.6058,39.759,109.4672,396.8888,0.6833,9.4514,128.5398,0,8.0981,25,5.5748,1.1346,1
50.283,-0.0556,0.4769,14.4995,523.2715,112,82.2571,60.7365,93.9033,259.3283,0.8361,9.9878,102.7374,0,4.9125,41,6.2806,1.0912,0
56.7726,-0.5556,0.0239,-96.0728,713.049,79,84.5128,48.5489,85.7898,247.7237,0.616,5.0685,89.6255,1,3.5318,33,5.7842,1.0348,0
67.7546,-1.4245,0.0128,-133.4881,414.9834,108,94.2864,36.1022,107.8372,359.5136,0.7698,1.8274,74.8497,1,8.8378,30,10.0683,0.8669,0
55.5098,-0.6443,0.5323,-3.3456,366.1307,95,91.3124,56.8149,36.8717,400.376,0.9066,0.0178,122.7589,0,7.5846,18,7.5133,1.202,0
72.7799,0.0109,-0.1225,-57.482,487.1273,108,89.4321,63.3624,70.9318,348.3454,0.7147,10.6602,136.512,1,9.0759,27,6.501,0.9876,0
52.0093,-0.9636,-0.1021,-129.513,617.7773,85,84.3175,48.219,110.0238,283.7669,0.8915,6.5334,137.1928,0,8.7804,23,4.6804,0.846,0
67.8389,0.5835,-0.6614,-104.2655,708.8127,100,75.1192,82.9991,37.4531,389.511,0.731,6.1683,59.3487,0,6.6363,32,6.7745,0.9301,0
54.3558,-0.9034,0.4393,-10.4617,527.9338,77,86.2205,74.7115,81.5978,323.9084,0.6288,8.8908,95.6639,0,5.2069,33,7.1311,1.1987,0
52.3979,-1.7628,-0.0449,-132.1019,598.0481,103,91.94,60.427,57.9614,340.449,0.9605,3.9331,84.041,0,10.2303,27,5.3977,0.8167,0
48.3177,-0.5779,0.5684,157.003,478.4525,114,91.9463,42.7006,80.9415,199.964,0.7681,11.9222,58.3128,1,8.0588,30,3.8558,0.8891,0
52.991,0.1842,-0.6035,99.1641,718.3735,97,80.1616,13.5979,38.6388,171.6528,0.8958,6.8172,43.3484,0,4.7435,25,3.794,1.0881,0
54.3158,-1.2594,-0.2457,-62.7992,720.6543,86,76.5631,25.6696,78.7079,266.8713,0.8376,0.8531,65.7853,0,11.6578,28,4.0774,1.0987,0
35.8255,-0.8883,0.473,-86.9919,382.2128,106,87.92,67.8042,76.0677,201.0173,0.8696,2.0746,130.2421,0,8.2101,41,6.9899,1.0795,0
57.0005,-0.6302,0.1631,134.7464,557.4614,103,55.6449,31.5244,35.8262,434.919,0.8153,3.5854,146.8353,0,5.1163,41,9.2737,1.0077,0
35.1601,-0.4989,-0.5916,-26.3059,350.6635,103,95.9669,58.2022,51.0581,152.5268,0.8192,1.8618,64.7309,1,6.1357,29,8.6497,0.8922,0
57.0117,0.2979,0.4613,130.5784,622.4404,112,92.2798,32.122,42.0793,229.1826,0.9469,10.8992,0.0,0,9.0315,32,7.8222,0.9065,0
55.9895,0.6379,-0.6524,87.2843,440.846,101,77.1971,46.3835,72.7809,127.0036,0.8265,5.4955,101.6258,0,5.2701,33,7.657,0.8946,0
64.2125,-0.4744,0.414,-146.8375,380.4082,92,76.6868,40.392,55.5162,339.664,0.9236,5.0235,149.735,0,6.1696,36,6.6564,1.2056,0
41.379,-1.0389,-0.4898,112.8974,193.9985,98,100.7603,66.728,76.6409,236.8162,0.7788,9.0523,96.3773,0,6.8398,24,6.4627,0.8406,0
40.129,0.1367,0.6057,14.3572,662.4501,114,69.6543,68.1305,80.7309,466.9986,0.9892,9.8917,54.9049,0,7.9824,27,5.0818,1.1109,0
61.0726,0.5177,0.0564,63.9361,528.9214,97,77.3803,17.6557,30.6829,338.2121,0.6249,3.1468,79.6971,0,8.9362,39,6.1989,1.1329,0
39.2516,1.6138,0.172,-101.1584,537.6612,86,97.5215,76.9893,108.2816,271.2785,0.7515,0.5675,36.0916,1,7.9961,35,7.0795,0.8137,0
38.2677,1.1462,-0.0405,-179.9026,624.7714,106,69.2687,44.7652,43.2644,324.8725,0.6714,1.7069,122.3188,1,4.5538,27,5.9277,0.8059,0
52.0862,-1.2588,0.0438,-59.8723,385.7252,115,81.6168,71.717,105.7989,344.1259,0.7188,10.3232,101.5775,0,10.1096,27,1.4447,1.0932,0
49.5331,-0.141,0.0415,-111.3742,362.2692,121,77.6109,76.3077,78.9396,378.8962,0.6487,5.0013,89.8222,0,8.2964,31,4.401,1.1966,0
51.5536,0.4562,0.3528,-23.3221,582.3963,102,100.6044,38.725,50.577,399.8494,0.7996,2.689,103.715,0,5.1859,33,6.4993,0.9783,0
55.3773,-0.8502,-0.0315,-147.2768,673.7174,110,74.5691,82.4008,100.248,261.3673,0.6053,11.8419,47.935,1,10.0781,31,5.655,1.1312,0
55.4331,-0.3507,0.7312,142.2167,579.817,90,66.4318,14.2311,88.0924,214.6747,0.8338,2.6192,77.1613,1,8.266,30,7.6571,1.0837,0
49.2213,0.674,-0.3681,-137.2594,740.4159,99,82.4199,29.2858,88.8057,337.9127,0.9756,9.6401,125.3063,0,9.5982,33,4.35,0.8613,1
50.4815,0.25,0.4303,95.1066,584.659,99,74.5698,41.6335,57.9728,471.9411,0.6648,11.9966,49.5822,0,7.5201,34,6.6434,0.9314,0
49.3301,0.0017,0.2821,158.1568,576.478,97,85.9723,29.3401,66.2452,427.168,0.8632,1.6875,121.0003,1,5.6674,37,8.4602,1.1643,0
50.3527,-0.6535,0.6167,-126.6378,623.3337,77,84.3375,21.0709,78.2444,490.6262,0.7037,8.1634,81.7357,0,6.4034,22,5.9428,1.1143,0
36.1255,-1.4456,0.0605,-55.2684,465.21,90,68.3029,70.5225,63.3138,462.2659,0.6582,10.009,47.8345,0,8.3346,31,5.6226,0.8114,0
57.5639,-0.3124,0.1647,83.1825,313.6273,102,98.3987,41.052,62.7337,185.3785,0.9351,11.0483,99.9797,0,7.0467,22,8.0402,0.9754,0
60.4903,-0.0912,0.159,77.2063,502.8515,98,73.8934,51.5674,105.9549,296.0481,0.7891,3.5466,134.9118,0,6.7453,38,3.4782,0.8355,0
56.3743,-1.4684,-0.608,-166.5378,607.0773,104,74.9614,63.5306,116.6898,288.4106,0.6267,0.9466,74.7589,0,3.3696,25,5.2845,0.8581,0
55.605,0.048,0.1969,-154.5501,371.0787,120,85.777,71.8091,73.2849,311.4795,0.8168,0.4606,114.8593,0,5.4796,20,2.9083,1.0803,0
40.094,0.392,1.635,-136.7497,289.0903,90,96.329,81.0308,107.8133,318.1655,0.9915,4.2938,110.0032,0,6.5491,30,5.8432,1.0628,0
35.8474,-0.692,0.8046,24.4879,391.1013,100,67.14,32.5419,101.9619,409.4947,0.9218,1.8292,84.2651,0,9.092,26,8.0791,0.8192,0
58.3089,0.4034,-0.3899,-160.1845,700.3025,92,75.3767,80.9447,73.9027,128.9725,0.8225,4.3626,118.134,0,8.861,23,5.8554,0.9589,0
50.2857,0.2757,-0.9003,31.8276,574.3476,102,89.5696,53.2337,89.5873,379.6808,0.9803,10.7727,107.8124,0,8.7487,26,3.7047,0.9005,0
51.6953,-0.3045,0.0261,-56.7137,481.1027,99,74.2732,53.3654,35.8869,359.4253,0.9209,2.7915,44.3036,0,9.5759,34,8.1173,1.1287,0
52.1449,-0.416,0.5417,60.9878,354.8457,95,81.5733,44.429,87.8573,360.0145,0.779,6.9943,53.9639,0,9.0454,33,6.6738,0.9837,0
52.5705,-0.3322,-0.0193,101.5352,541.2951,95,75.8628,56.1763,51.9425,240.295,0.7881,11.7272,84.937,0,5.6098,30,4.5435,0.956,0
56.4654,-0.8562,0.9446,104.9038,527.774,102,84.9479,80.8741,114.3889,360.718,0.9709,4.5577,121.3492,0,7.5168,29,7.7591,0.9951,0
49.0457,0.3446,-0.3901,-166.4515,568.4384,108,67.5208,63.1498,90.0946,248.7053,0.6181,2.5712,82.1055,0,8.0385,24,6.7855,1.1319,0
30.9491,-0.8453,0.1125,160.9903,875.6241,108,83.1659,71.9765,85.8483,326.506,0.7313,11.3599,150.1788,0,9.595,36,9.2475,0.9454,0
56.8841,-0.7811,-0.0543,31.1927,574.0805,95,84.8558,32.5992,111.4867,284.0487,0.7755,6.9643,118.6162,0,5.873,32,5.7818,1.0529,0
55.7755,0.4973,0.3657,142.4517,395.8889,83,86.8103,41.3584,97.2282,225.887,0.6807,0.6558,74.4464,0,6.9133,34,7.5964,0.855,0
37.0536,-0.2421,0.4,41.4523,292.2382,107,74.757,51.6517,67.6731,135.0671,0.671,1.5504,38.3723,0,8.881,36,2.1758,1.0301,0
38.3395,0.0617,0.5943,-5.7179,416.0701,117,94.4789,60.0865,100.8819,385.8485,0.8006,6.9704,87.6883,0,7.6793,41,3.683,1.0622,0
58.8299,-1.7116,-0.062,82.7023,431.4638,98,59.0062,56.9146,113.7793,252.9569,0.8345,5.8004,96.5392,0,11.3308,40,5.3171,0.899,0
61.1907,-0.5233,0.6289,-101.0083,624.3168,95,73.3678,85.9571,114.9234,278.4582,0.7837,5.3768,100.0613,0,6.0253,37,6.6437,0.9727,0
23.3636,1.6808,0.1725,-142.8386,407.2769,94,104.4397,36.6828,52.4817,344.9783,0.7628,6.5661,103.5967,0,9.8703,31,5.6188,1.0439,0
54.4084,-1.7808,0.6799,-147.4206,351.2193,99,80.2892,59.3274,79.3847,175.8537,0.8823,4.3586,71.1396,0,7.7771,29,5.1458,0.9428,0
47.7935,1.7496,0.7498,125.689,580.7063,98,91.2484,60.1862,101.5278,361.7982,0.8964,10.0044,124.7512,0,7.1219,36,5.8719,0.8649,0
50.7416,0.2612,0.0092,148.4801,407.1636,110,81.8959,41.9832,118.188,327.4674,0.6696,11.3537,59.8859,0,9.5783,19,7.346,0.8191,0
51.3128,-0.533,-0.337,113.189,586.4838,107,97.3828,48.7003,38.0035,167.4299,0.626,3.7792,126.0385,0,12.5631,36,5.378,0.9549,0
42.3786,-0.2044,0.1018,145.5961,373.0973,83,78.0781,36.7386,99.4131,237.0043,0.626,8.1437,61.2435,0,2.722,33,5.7316,0.8196,0
56.5267,1.2305,0.4953,174.5193,429.2098,106,82.2373,55.91,70.6228,394.6139,0.8939,4.5488,93.8767,1,6.7782,23,6.8564,0.912,0
43.1185,-2.2775,-0.7525,9.3812,412.7065,127,88.7453,23.6296,105.8214,419.6167,0.6063,1.8806,110.3145,0,5.0385,28,10.1024,1.003,0
57.4701,1.4154,-0.2474,-124.603,561.6983,106,95.3289,83.8311,97.5909,391.5173,0.9902,2.516,104.094,1,8.2939,27,5.1423,0.9889,0
59.6903,0.2656,0.3413,38.8535,478.4112,114,61.5491,45.1201,70.5775,223.5177,0.8824,2.905,61.9621,0,7.0771,37,8.6629,1.0269,0
41.2784,1.0122,-1.294,-52.5984,316.7469,90,85.1831,35.7316,113.3832,242.7399,0.8388,5.9098,60.4964,1,9.2836,30,4.504,1.0081,0
41.5228,-1.7483,-0.5171,-55.2785,304.1986,122,71.4717,15.2517,63.0701,187.4324,0.6128,3.1452,46.1791,0,4.7467,33,7.1389,0.9965,0
51.1366,-0.2275,-0.3065,82.0109,452.608,98,79.4495,42.9122,65.5381,373.3986,0.6128,6.1762,51.1886,0,5.651,26,3.976,0.9023,0
65.0366,-2.3284,-0.0417,-147.3658,287.684,104,74.642,45.2605,98.0836,174.8208,0.7826,0.0013,47.516,0,6.9735,27,7.7238,0.8335,0
44.0729,1.1976,-0.1609,-166.4887,437.8682,93,57.5877,56.1148,53.8077,474.1115,0.7534,3.7461,128.6495,0,5.8637,27,6.97,0.8428,0
45.968,-0.9827,-0.1514,70.2988,538.4576,111,90.5781,45.807,99.6881,293.8242,0.7158,4.6827,144.4817,0,3.5945,32,8.2339,1.0417,0
53.2107,-0.9974,-0.6655,-86.1373,322.6292,92,66.8791,107.9283,101.8383,270.2672,0.6517,7.4709,103.8642,0,7.5639,24,3.8668,1.1039,0
56.5678,-1.9344,0.8849,-41.2196,627.2628,99,79.3063,24.5952,95.1382,252.0315,0.709,0.5697,107.2832,0,8.8931,28,5.7072,0.8318,0
55.2697,0.4444,-0.3039,-69.2521,707.5388,111,78.9282,62.2801,63.796,230.7864,0.8539,11.0762,111.4716,0,7.5803,30,4.6931,1.1606,1
50.3229,0.0719,-0.9515,41.3428,662.5224,100,72.047,58.1195,72.285,297.6743,0.7594,3.7273,83.3143,0,11.1693,34,5.0107,1.1592,0
46.9448,-0.7479,0.5676,-124.3744,600.322,107,86.3879,23.0448,79.9194,207.6563,0.7249,5.9393,72.778,0,7.851,35,3.368,1.0847,0
53.3182,0.2631,-0.3875,79.4117,563.2751,94,76.3456,43.4875,41.5359,397.985,0.9699,8.3404,84.6603,1,9.0389,24,4.7913,1.0108,0
17.9943,-0.7799,-0.606,152.9737,535.982,91,72.8459,96.982,63.31,383.815,0.7328,4.4227,38.0938,0,8.143,30,7.2155,0.8212,0
68.6925,-1.7593,0.339,120.9991,555.49,101,65.4462,39.5348,44.7032,321.6738,0.9643,7.5585,91.7914,0,8.6769,20,5.717,1.0045,0
48.1419,-0.3638,-0.2594,146.5333,409.2533,102,70.7491,90.4122,54.8862,384.8031,0.6324,5.9213,150.1684,0,8.7674,30,9.3973,1.0712,0
51.823,1.6447,0.0842,157.3455,496.2369,116,84.2259,47.7867,111.0788,215.1978,0.9305,5.6921,84.9113,0,9.9034,30,6.2603,1.1831,0
70.9938,0.9717,-0.3168,-45.9597,522.2906,90,60.0128,50.6496,35.0685,188.4306,0.8047,2.2044,77.8267,0,7.0391,25,7.8169,0.8288,0
42.5869,0.4554,-0.2315,106.4665,596.1576,86,96.78,42.5083,79.8517,346.4926,0.8038,4.7091,107.7173,0,7.6857,32,4.7017,1.1074,0
73.3212,0.244,-0.4963,-1.8628,261.4876,96,78.4795,30.1448,69.1624,286.3651,0.8386,2.4834,72.7332,0,7.8309,29,2.8996,1.06,0
57.3966,-0.3633,-0.607,-82.8817,531.6513,96,71.3234,25.7255,90.2177,307.2582,0.8654,9.4898,56.2762,0,7.7219,26,6.6371,1.0422,0
54.4654,0.736,1.7358,88.8775,659.2927,91,85.9513,37.8672,116.6389,196.1551,0.9273,1.592,64.3212,0,6.3521,26,7.5052,0.8184,0
56.439,0.5653,-0.414,-92.1137,409.6231,98,75.8195,65.0524,71.2549,305.136,0.6215,0.5103,132.5908,0,1.38,37,6.1639,0.8204,0
41.5852,-0.0831,-0.7314,-140.5366,483.5815,94,88.9004,60.8245,75.4859,186.456,0.7252,4.7202,75.7735,0,5.3634,39,6.2699,1.0781,0
33.5104,0.1991,0.5652,73.663,220.4771,82,69.3745,42.5861,40.7627,408.1188,0.7853,0.1877,48.842,0,9.3644,33,8.487,0.8776,1
38.1954,-1.6059,0.1333,-76.4802,509.957,103,70.0998,87.5856,112.016,295.1928,0.9858,4.2931,110.636,0,8.7808,32,5.8785,1.1406,0
60.8742,-0.4803,0.0087,-69.8692,276.7006,92,85.9579,33.1404,64.9784,440.0344,0.6245,9.3655,98.7163,1,8.3173,33,4.4329,0.9823,0
40.6443,-1.1931,-0.244,137.2042,416.9966,97,91.9817,59.1548,33.7935,317.5661,0.758,9.5916,68.9378,0,8.8102,31,9.4353,0.8888,0
33.459,-1.2122,-0.2033,-131.2059,492.6734,97,81.9546,23.8356,77.6877,224.8135,0.913,4.5532,105.5254,0,8.5697,29,9.9067,1.15,0
49.2068,0.4703,-0.1487,95.3446,408.9773,92,82.3074,56.0405,106.0244,378.2055,0.9722,7.4437,111.2177,0,11.9474,22,9.0888,0.892,0
55.747,-1.2646,0.5683,-40.9635,475.3969,112,71.6589,60.3007,83.1852,186.6396,0.9223,7.448,54.5791,0,8.0307,25,7.933,1.0438,0
50.3865,0.7681,-0.1242,141.4837,555.9948,102,74.8446,46.0681,83.8766,270.4097,0.9908,5.2036,119.3597,0,10.3487,43,5.7036,0.9905,0
56.0639,1.032,0.572,-21.4761,494.2423,108,73.428,50.8944,31.9362,282.9111,0.8109,6.4828,80.748,0,9.5625,33,7.2736,1.0731,0
61.5501,-0.0617,-0.0268,-32.7518,521.1872,92,92.9538,40.4649,117.352,72.6486,0.8913,7.4853,40.3091,0,7.106,32,6.1236,0.9407,0
55.7128,-0.6055,-0.1026,-25.2482,219.545,92,93.9071,68.6107,66.526,445.8215,0.9525,5.2879,42.2449,1,6.1541,30,5.1137,0.9344,0
48.4595,1.031,-0.5107,121.5686,476.3523,104,85.2041,67.4999,42.7678,354.0037,0.7657,11.3472,69.4773,0,7.3634,23,3.0221,1.0552,0
44.5568,0.5524,1.0724,-176.2163,166.9609,112,100.1086,58.7664,42.6235,157.3251,0.6324,10.3773,97.8383,0,7.7884,25,6.7888,1.1981,0
57.708,1.1952,0.0075,73.7507,440.6158,104,86.182,64.0064,90.1374,332.0398,0.6221,8.4253,112.3885,0,7.1378,32,7.9164,1.1909,0
52.7531,-1.0815,-0.0006,-106.1135,776.1775,107,91.8262,61.0565,68.8404,187.7482,0.9689,6.7794,82.4549,1,7.7939,30,6.1019,0.8297,1
41.3923,-0.2603,0.9294,137.5652,640.4726,98,77.8108,41.7903,34.8224,331.25,0.6008,8.297,38.972,1,6.3228,34,8.769,1.0385,0
63.0218,-0.2186,0.2083,-44.6664,285.861,109,78.4257,57.1188,37.7568,208.1647,0.7269,9.9606,126.802,0,7.29,32,7.4926,0.8132,0
52.6216,0.2094,0.2636,-57.976,418.5281,105,78.4354,65.077,68.3665,306.9528,0.9402,1.3971,127.2336,0,8.0999,31,3.3986,1.0851,0
56.5291,0.6249,0.0299,76.5448,473.6049,102,70.6357,45.912,101.6066,340.2171,0.759,1.3303,96.9125,0,7.7305,28,8.3675,1.095,0
46.0798,0.1378,-0.387,80.0816,575.9731,91,75.5916,61.4009,42.8219,325.5164,0.6788,4.5381,75.9331,0,8.4746,23,5.1652,0.8897,0
61.3072,1.3354,0.6084,48.136,627.5896,103,83.2904,23.5684,40.248,268.1397,0.6522,11.3238,78.6862,0,7.0748,42,3.6735,1.0835,0
34.1464,-0.3747,-0.7082,-61.269,744.4093,101,74.0103,26.2964,72.4695,233.5368,0.6139,1.6344,33.312,0,6.9059,25,4.6594,0.839,0
66.755,-1.049,-0.4884,39.7271,356.8308,99,85.5634,51.6607,77.2019,272.5278,0.8589,6.1531,77.482,0,8.2353,31,9.5598,0.8604,0
30.6116,-0.6657,-0.3885,-160.4643,532.6975,112,72.5938,43.7509,76.1961,401.3166,0.7302,2.7076,49.0295,0,9.6131,23,9.501,1.0127,0
36.2338,-0.7901,0.1256,163.8647,235.5215,92,72.133,72.0111,75.281,347.7292,0.6048,1.8428,97.6073,1,7.8919,31,5.2982,0.9527,0
52.5183,-0.4559,-0.0079,-17.0237,561.47,96,80.1273,46.3136,110.0851,376.4217,0.6332,10.5161,68.8782,0,8.4614,24,7.9899,1.1816,0
44.6924,-0.2692,-0.9313,-70.388,573.8994,107,59.5763,72.9726,65.3159,296.948,0.9408,8.3217,140.8096,0,8.4986,30,6.888,1.0532,0
46.7167,-0.2268,1.1587,129.8804,503.0074,117,90.7918,49.4767,33.0197,402.1975,0.6493,7.7354,131.328,0,7.8265,33,5.3536,1.082,0
44.6891,0.2319,0.3799,-63.2981,598.0361,95,87.0617,57.0217,30.8988,448.9201,0.7991,6.8593,58.2162,0,9.3178,34,6.605,1.1387,0
42.1692,-0.4611,-0.2455,178.9824,370.8239,104,88.161,41.5762,66.2968,164.1069,0.7388,8.6321,71.7867,0,8.1053,40,2.3907,1.1364,0
53.1698,1.0488,0.2167,68.6158,302.0694,103,87.4386,47.5945,110.4188,194.1965,0.6811,9.1475,98.9489,0,10.6172,28,4.9249,1.1149,0
49.5144,-1.9382,0.2235,53.8481,357.3954,97,78.853,35.3922,94.0511,407.9768,0.6499,4.4437,100.331,0,6.766,26,5.8393,1.0961,0
58.8483,-2.2269,-0.1651,-125.3316,555.5044,103,82.4402,28.7957,81.3224,472.5331,0.8556,4.7169,113.3023,0,8.3291,26,6.6689,1.1239,0
50.8017,1.0013,0.1969,39.5506,696.5789,104,83.8977,68.6012,93.164,189.2613,0.9502,2.3608,87.9701,0,7.5282,31,8.561,0.8289,0
45.8318,0.9227,0.2028,-124.155,371.2249,80,65.4886,71.5013,45.062,163.9384,0.8405,10.3532,26.6504,0,7.249,34,10.5546,1.0456,0
57.7447,1.239,0.5457,102.0975,397.4888,112,82.0165,68.6181,56.929,224.2778,0.7504,1.6164,78.229,0,6.6937,28,4.5088,1.083,0
31.6776,0.6367,0.0345,-130.1751,517.2898,114,76.229,72.1703,101.1725,251.2743,0.7226,6.5866,79.2262,0,9.376,34,6.9066,0.9822,0
24.1826,0.0025,0.1608,-50.8202,1016.9319,102,98.4688,54.3205,30.9649,315.1837,0.7451,0.3579,94.9025,0,8.615,31,7.0593,1.1327,0
34.1218,-0.2584,-0.1044,-8.3762,432.8519,102,78.0831,41.2087,57.4182,377.4075,0.7465,6.1043,117.14,0,11.1868,24,0.399,1.0893,0
46.5648,-1.6021,-0.2167,109.8697,644.6072,91,78.7426,36.0206,115.6141,281.5822,0.8042,10.306,119.6965,0,7.9766,33,7.1795,0.8377,0
53.9147,0.1477,-0.3848,47.7937,473.2204,109,67.795,14.8935,84.9833,473.03,0.7471,11.1253,104.9971,0,9.5516,19,4.6884,1.137,0
23.2882,-1.4368,-0.402,89.2682,418.95,103,76.0885,60.7126,95.8322,295.3341,0.8346,10.1216,83.3553,0,6.8734,33,2.3846,0.9467,0
49.8839,2.4661,-0.2324,-92.1693,300.5939,83,58.8573,52.563,65.612,231.2693,0.6418,9.1646,95.1699,0,7.759,31,6.0751,0.9943,0
46.4542,-1.032,-0.1179,-94.5852,454.4072,92,98.5915,57.5462,39.3014,204.6156,0.71,1.9022,69.6008,0,5.8006,32,7.8739,0.934,0
51.3696,-0.0754,0.5029,-42.9768,627.3907,83,85.8366,62.044,91.4062,256.6794,0.8887,7.1678,124.7701,1,8.5229,17,4.4576,1.1569,0
30.9242,1.5064,-0.1896,-173.2749,369.5225,88,76.33,77.7481,68.185,318.9236,0.9032,1.465,78.1798,0,9.662,48,9.4086,0.962,0
76.1527,-0.366,-0.1663,119.0535,514.4517,85,85.0415,43.4315,42.9456,287.4375,0.8704,0.9689,88.802,0,10.9292,24,4.7964,1.1787,0
50.3251,-0.3593,-0.1462,-46.8113,371.9361,92,70.3934,59.5518,110.691,260.7529,0.7364,0.1322,33.4053,0,7.7415,35,10.0136,1.1639,0
37.8282,-2.5868,-0.024,-155.6807,437.3547,87,78.1841,40.0589,52.6537,268.6881,0.7785,2.6975,83.6523,0,8.243,22,5.7964,1.0259,0
51.2944,-1.3098,0.8491,133.9976,272.8349,109,68.9161,15.8867,61.3641,221.1146,0.6729,8.9101,122.145,0,10.0058,32,9.0551,0.9385,0
64.9484,0.5615,-0.1896,168.4175,847.7361,99,64.6921,46.4594,48.8204,322.804,0.9865,5.7626,88.3616,0,10.9325,28,5.7877,0.8272,1
37.1335,1.6728,0.2806,52.7704,545.9655,83,87.6431,79.2019,65.2773,499.3743,0.948,1.9882,75.9425,0,7.1608,23,5.8064,0.8167,0
35.052,-0.8912,0.1749,-51.6282,451.0343,98,78.9493,46.3253,85.0115,268.7552,0.9767,2.9783,135.957,0,10.1018,34,5.0742,1.1463,0
48.8196,0.1967,0.031,-31.0475,693.6143,99,62.7087,32.2479,48.6386,337.5386,0.8278,3.1993,59.1025,0,8.8468,25,5.4585,1.0566,0
49.673,2.7085,-0.4791,-87.784,486.4271,98,71.7221,57.6969,62.3091,251.6082,0.7863,9.8705,63.6669,0,8.6282,32,4.9453,0.9207,0
57.094,0.5668,0.2618,76.0591,568.8687,109,93.053,67.8,31.2101,470.1694,0.9475,3.3524,45.6968,0,11.2272,24,5.5066,0.8814,0
64.7529,0.9761,-0.9628,-51.8141,734.374,108,72.7642,60.2326,44.3528,242.7273,0.7633,2.5427,129.02,0,4.4138,39,8.6588,0.8318,0
57.8,-0.7661,-0.5103,-168.3058,721.0571,95,86.22,77.1073,111.6215,259.2226,0.7073,5.0902,35.0314,1,6.5958,30,7.2826,0.9762,0
36.1231,1.5524,-0.2708,-163.3816,328.4652,92,72.6386,31.2911,87.1812,140.7813,0.801,10.6103,85.5181,0,7.1577,32,2.7479,0.946,0
39.2896,-0.6923,-0.1123,41.3098,501.9044,94,82.4367,77.781,75.372,112.7244,0.6678,8.9612,76.3817,1,9.1292,31,5.6545,0.9828,0
42.017,-0.868,0.042,-75.4618,691.5621,79,85.245,8.9403,76.3339,278.3721,0.9076,8.0294,90.9841,0,6.0627,25,8.9134,1.0036,0
57.7768,1.4794,0.6956,-119.307,337.7989,82,73.3879,9.3894,87.7877,244.3298,0.7766,11.0315,126.0618,0,9.2081,32,7.8529,1.064,0
56.0671,-0.6369,0.3151,18.8514,461.3322,96,78.662,20.7397,48.9542,350.2766,0.862,9.5658,78.0324,0,6.7303,31,4.3972,0.9412,0
62.6154,-0.0037,0.0844,-79.7629,455.8598,104,83.0816,59.6039,33.0618,352.4933,0.8336,4.0377,79.1758,1,9.1913,25,5.0857,0.82,0
55.5811,1.6262,-0.168,-153.5993,575.1642,112,74.3222,19.8235,66.9164,319.81,0.834,0.6609,49.3249,0,7.8261,33,7.2554,0.9962,0
43.7253,-0.9141,-0.1627,-110.3103,620.3782,114,77.9066,37.2336,111.8206,348.3132,0.9724,1.1567,104.3463,0,11.6626,35,4.6112,1.0297,0
48.032,-0.2368,-0.5673,100.0464,672.5097,108,70.5638,41.5314,75.9608,361.7814,0.6223,4.5732,88.7373,0,5.855,31,3.6322,0.8999,0
35.3858,-0.6102,-1.0537,126.7241,512.3981,112,81.0464,64.9268,109.4458,341.5335,0.8455,4.267,91.9791,0,9.3604,43,5.9854,0.9342,0
56.2814,-0.3287,-0.6376,133.9731,343.8869,86,90.7612,75.5629,41.3393,242.69,0.705,10.1116,128.2715,0,8.6568,27,7.3079,1.0924,0
43.7394,0.0392,0.5854,12.5398,446.8101,105,68.3652,68.0415,54.6139,218.2134,0.6499,11.7817,97.9268,1,7.4598,27,6.6005,0.9718,0
62.243,1.3401,-0.3559,162.3424,341.3344,112,72.9421,21.3843,87.6208,274.1434,0.6219,11.4918,48.3344,0,8.8577,38,5.6797,0.9855,0
56.003,1.6423,-0.2623,-125.3992,397.683,93,59.561,53.5736,32.1116,260.4781,0.932,7.8889,67.8894,0,6.8665,38,5.1696,1.0645,0
69.38,0.1558,0.5105,64.2082,606.3412,98,85.1183,42.5903,43.5267,318.0131,0.7595,4.8528,162.6958,0,8.2509,30,7.8633,1.1042,0
54.198,-0.7266,-1.321,73.5342,284.7416,100,64.007,46.7258,39.9283,400.0428,0.8796,4.446,117.1526,1,6.8488,26,4.1389,1.0205,0
54.0107,0.678,-0.293,-160.8533,417.0815,131,85.0235,48.6858,76.5449,267.002,0.9729,0.2906,71.8814,0,8.3796,18,7.5466,1.0674,0
48.1748,0.0053,-0.549,-78.3188,633.6192,86,85.7049,40.717,109.3366,318.2607,0.9419,10.4313,58.7633,1,8.7044,40,7.6167,1.1334,0
46.1542,0.0379,0.1468,161.6573,602.6809,116,89.099,35.485,30.2874,497.3068,0.6969,10.8264,39.8319,1,7.7412,37,5.1093,0.8589,0
47.4135,-1.0318,0.2784,93.2504,379.6513,101,83.688,41.0339,35.0357,332.9064,0.8541,2.4508,109.9804,0,9.2273,31,6.6058,0.8721,0
59.9915,-1.6171,0.2866,-160.3102,365.0252,88,64.9082,36.1733,89.7378,350.4552,0.7192,4.223,81.9171,0,7.3906,23,7.1069,1.0595,0
36.5139,-0.0189,0.7541,14.6858,736.3142,101,78.6769,70.3253,63.1626,465.7822,0.6196,7.429,72.5453,0,8.5359,26,5.777,1.1918,0
50.6333,-1.0695,0.277,53.504,556.2184,99,81.9589,48.7207,110.4041,279.7189,0.9632,3.5335,95.2477,0,5.674,27,4.2468,0.8086,0
33.3367,-0.5303,0.1245,170.31,378.0664,102,85.3276,70.206,78.4076,364.4552,0.8819,4.2441,113.1835,0,7.1252,25,3.3811,0.9234,0
53.7298,1.4827,1.2167,77.9163,493.8374,85,85.707,71.8594,35.3663,214.4809,0.934,5.5297,59.8158,0,7.7491,28,3.9024,0.9191,0
45.4147,-0.0702,-1.064,49.9154,662.9722,115,75.7269,77.7137,30.6228,264.0041,0.7092,4.3606,185.9338,0,10.948,26,7.6462,0.8673,0
55.0362,1.1071,1.1004,147.0699,365.8941,104,78.9157,24.8431,69.5211,264.409,0.7116,1.3034,54.4231,1,8.4345,33,3.2828,1.0075,0
42.575,0.2961,0.871,57.9374,362.7702,98,79.0133,55.2552,65.742,347.2476,0.6818,8.7334,101.3569,0,8.1717,30,6.6469,1.0596,0
47.4302,0.5838,-0.0742,155.5639,533.0919,114,67.3384,25.1772,73.3222,508.0583,0.7139,1.9157,79.4279,0,9.8344,29,5.1614,1.0539,0
56.3236,-0.55,-0.3535,-2.6006,297.1597,94,70.3326,86.7384,68.6646,221.4401,0.6424,10.2848,90.8214,0,6.281,33,3.9173,1.1935,0
51.2588,1.1529,-0.3291,78.6834,399.0115,105,79.2793,61.7773,84.1694,411.3713,0.893,3.8943,140.2319,0,8.9765,32,3.1829,0.9198,0
65.4279,0.3108,-0.1443,47.4317,434.7464,104,71.6188,40.611,111.0687,385.2794,0.9884,3.0683,121.6872,0,8.9106,28,5.6876,1.0249,0
45.1845,-0.2644,0.5982,18.9094,101.4592,104,65.3728,43.6957,98.0415,323.3153,0.9632,8.5252,37.209,1,6.8509,29,8.563,0.8349,0
44.3201,0.3103,-1.2334,-63.3259,512.4693,112,64.8089,66.7869,77.6267,327.2316,0.6587,9.2697,86.9748,0,9.0911,39,6.1582,1.0699,0
62.3679,-0.7152,1.0049,145.3602,591.8804,91,86.9504,42.6328,77.4736,371.75,0.6844,3.74,59.5801,0,5.2741,23,11.5425,1.1448,0
46.3281,-0.2937,-0.0005,-82.7839,792.5365,89,83.5467,22.8564,118.4596,302.5555,0.7442,10.8221,68.8046,1,8.9743,40,9.6513,1.185,0
45.8678,-0.0553,0.5884,-122.6198,589.508,93,81.4808,58.9938,114.7649,257.1767,0.6798,7.97,47.5383,0,11.4847,21,4.0618,1.0308,0
53.831,-0.5257,-0.6148,76.338,346.0868,101,76.729,74.6583,44.1473,411.9522,0.8746,1.5411,46.3052,0,9.5741,34,3.6565,1.086,0
48.3615,1.5587,0.3618,16.759,432.222,113,74.181,48.5374,87.2713,286.4118,0.8989,1.7352,103.606,1,8.1131,26,7.7684,1.142,1
46.8845,-0.4152,0.1934,-85.3702,779.1772,113,59.8374,65.0027,58.0646,313.6249,0.9025,2.7019,107.9491,0,6.8694,31,4.2271,1.146,0
43.07,2.0825,0.282,133.3108,568.0823,106,85.9381,38.1695,47.9481,199.9325,0.8334,9.3891,81.112,0,11.4898,42,4.4288,0.9195,0
63.6232,0.0673,-0.3459,-76.9655,657.2198,78,75.9306,52.5176,114.8033,293.2037,0.7015,11.2266,76.8825,0,3.426,24,7.1899,1.0679,0
48.4936,-0.2343,-0.1913,-157.0385,413.9935,93,86.2153,51.9971,37.736,157.5275,0.6483,9.2828,104.3976,0,6.9378,24,9.3025,1.1838,0
44.3785,-0.5044,-0.6175,-174.468,467.5803,83,70.6219,42.9941,32.4564,314.509,0.7952,0.2958,64.2582,0,7.6724,31,7.7099,1.1821,0
47.0312,0.4224,0.382,152.2278,489.6531,90,96.4754,31.1089,72.3472,157.4356,0.9556,1.78,18.0036,0,6.81,25,6.2187,0.8802,0
53.5492,0.8942,0.6713,-35.2159,638.052,95,81.8745,35.407,78.2435,125.7283,0.7098,6.3641,125.3257,0,7.1896,23,8.3035,1.1766,0
64.6128,-2.5379,0.1412,-103.144,435.7293,101,78.7908,36.2962,39.6465,154.8058,0.7305,6.9225,114.2207,0,10.3273,32,9.3703,1.1814,0
48.3088,0.0049,-1.3397,24.1565,590.4063,107,69.8059,40.8085,115.2507,345.5932,0.887,10.0616,92.0655,0,7.1766,27,5.6728,1.0289,0
41.3721,-1.9881,0.6784,-4.3612,499.8967,93,81.6526,47.2649,38.2933,203.0949,0.737,4.3358,113.5725,0,8.9149,34,4.178,0.8908,0
69.1887,0.9818,0.0596,179.9434,318.0307,104,86.1653,52.8895,94.9519,287.1965,0.9488,10.336,109.1535,1,7.82,22,4.6312,0.8263,0
51.3555,0.9997,-1.3272,139.8618,499.5681,88,57.59,52.8582,62.8495,236.1886,0.9462,1.9129,102.5187,1,6.8792,22,5.8039,0.8827,0
48.9407,0.041,-0.8516,-82.4032,665.635,93,78.6516,47.9492,53.6635,342.7723,0.9599,2.3303,124.2464,0,10.7506,30,5.1809,0.8595,0
50.7183,0.2084,-0.5268,71.1754,500.9153,105,78.8131,50.2964,48.995,123.594,0.9081,3.435,51.1261,0,7.1916,29,6.6709,0.8828,0
37.5454,-1.4298,-0.0002,-40.6171,450.7037,98,84.5136,32.8676,45.8277,294.7238,0.6236,2.9384,57.9843,0,10.4195,30,3.9042,1.1966,0
49.5459,-0.5473,-0.5107,-48.8024,713.5577,99,63.2258,53.8201,77.5088,258.9048,0.8123,9.3981,112.24,0,9.9448,40,6.5732,0.8711,0
57.5961,-0.6122,-0.445,-47.8414,558.4836,105,88.0012,18.6794,34.0286,373.4876,0.7905,4.0862,95.9804,1,6.1369,31,5.1098,1.0174,0
62.2012,-0.449,0.457,50.1319,292.7565,103,87.3682,29.771,99.3423,360.6903,0.7848,1.3466,102.584,0,7.8638,34,6.0729,0.8997,0
46.4179,0.8722,0.5937,13.6742,456.6717,96,87.7485,29.1903,51.0104,85.7782,0.862,6.2123,101.571,0,12.415,30,8.8001,0.835,0
51.8795,1.2817,0.4747,91.818,540.1789,90,73.3844,38.5791,69.0754,417.4263,0.9008,1.5187,144.4022,1,6.9766,30,10.0848,0.9032,0
62.3797,0.6106,-0.818,-124.9251,535.3002,102,91.223,55.7849,37.2221,403.367,0.8165,9.8825,68.0813,0,9.3023,35,6.1048,1.0821,0
50.3753,-0.3234,0.4715,-26.8463,576.6443,94,71.8708,53.4887,72.2807,345.8987,0.9016,3.9884,122.5768,0,9.4281,31,8.8848,0.8853,0
57.1947,-0.7462,-0.2395,129.7163,475.8005,111,58.8655,55.4646,86.3962,160.8505,0.6972,5.9316,62.48,0,7.0146,41,6.4955,0.8637,0
54.2431,0.0905,0.9813,-178.8608,468.2177,105,83.1084,66.1789,34.445,351.0916,0.8562,10.6058,67.7488,1,9.3954,32,3.1205,0.8462,0
43.3572,0.2965,0.1301,44.4572,502.1121,91,79.3883,53.6107,108.1521,369.9681,0.8447,4.8173,48.3789,1,5.1911,26,6.4007,0.8644,0
40.8387,-0.221,0.6082,102.8653,619.1725,94,92.2002,29.861,56.8735,268.1497,0.7339,1.1556,115.9544,1,9.7751,34,3.4801,0.8182,0
60.5932,-0.6591,0.2781,-41.8124,397.339,91,69.6568,50.5957,60.637,394.4015,0.8016,10.3841,59.4951,0,8.2494,33,8.5716,0.8798,0
23.2537,0.6153,0.2164,138.1018,489.1909,103,76.5443,31.3391,44.9324,468.6097,0.9959,1.6482,71.3207,1,3.9881,22,5.3686,1.1748,0
43.3138,0.7135,-0.184,84.849,537.1912,101,75.642,43.3054,109.5431,260.741,0.8799,9.0215,172.2614,0,7.3534,25,1.7402,1.2066,0
36.047,-1.3119,0.6037,38.1773,419.279,123,88.0331,57.9588,61.1088,210.7168,0.7779,5.2946,36.37,0,5.0636,34,3.1175,1.103,0
60.6079,-0.3837,0.4655,-108.6039,569.3593,97,69.1564,46.6215,56.782,279.2573,0.8832,9.2441,89.7167,0,6.2269,25,4.7852,1.0241,0
63.6478,0.7779,-0.1655,61.2374,552.3368,95,92.7331,62.8558,94.775,352.9001,0.7532,1.2409,103.6005,0,7.2291,32,1.9205,0.8313,0
42.7567,0.9886,-0.2202,120.1561,189.6729,110,72.646,50.1669,58.401,298.5451,0.727,8.9159,93.6403,0,9.3347,37,6.6127,1.1339,0
77.649,0.0646,-0.3562,82.7673,505.0866,93,75.5731,19.7148,71.5372,204.1448,0.8009,7.297,146.9657,0,5.7475,27,8.2476,0.8787,0
63.7722,0.3653,0.4088,26.9485,712.5888,116,80.4189,42.1051,119.9685,416.3857,0.7795,2.7002,81.1638,0,7.1561,39,5.0614,1.1012,1
51.9716,0.2525,0.1182,77.2477,724.4673,113,69.8539,62.7066,74.1255,282.9436,0.9802,5.2069,111.0258,1,5.5913,29,6.2346,1.1999,0
64.9999,0.9543,0.1438,171.6799,602.3715,111,83.9156,59.1304,71.6898,360.4925,0.9915,10.3081,56.4618,1,6.3093,33,9.7441,1.1357,0
43.5827,-1.1092,-0.1803,-176.1104,690.5015,109,82.628,28.5677,101.8387,364.3987,0.7296,6.4674,122.7715,1,10.9193,27,4.7371,1.0517,0
47.2341,0.2676,0.7289,59.0143,477.0512,98,73.8037,40.7934,33.8378,281.9291,0.6266,1.6015,72.6635,0,8.5347,21,4.7711,0.8805,0
54.6321,-0.8889,-0.7445,105.4773,585.4305,100,82.8516,54.1354,63.8008,362.2689,0.6808,9.0692,117.3848,0,5.2361,26,4.988,1.2062,0
43.0795,1.0881,0.3911,50.0009,524.5744,97,83.1304,39.5564,93.0477,473.1795,0.9707,1.4851,98.7185,0,10.3172,26,7.4561,0.8447,0
37.1569,-1.0583,0.491,-81.6868,600.3044,96,85.7123,43.2175,112.1192,391.3976,0.6606,4.2244,112.1529,0,10.1837,26,4.2468,1.1056,0
40.6201,0.4085,-0.1587,116.1927,776.7238,116,91.0125,54.9771,88.3873,138.0994,0.8471,1.2585,66.4759,1,7.4285,39,5.8616,0.9175,0
48.0332,-0.8835,-0.7249,148.7877,650.3478,93,84.1708,86.6532,77.689,282.4137,0.6156,4.7563,57.3916,0,9.6576,31,9.1565,0.8112,0
54.6932,0.7524,0.1913,66.0617,448.6278,120,84.8484,56.1996,71.5059,230.8108,0.8028,10.2776,68.3593,0,11.3059,42,3.5663,0.9371,0
46.6211,0.4393,0.5982,3.9687,737.0516,88,68.9671,63.8634,73.0995,420.3737,0.7628,9.338,103.2759,0,8.1525,22,7.3452,1.0688,1
33.6016,0.2397,0.886,-48.1245,537.1942,99,64.6644,32.2598,72.4186,299.7362,0.8842,10.9186,69.3701,0,6.2149,29,8.1848,1.1752,0
54.7032,1.9609,0.3286,-61.1796,597.7739,91,74.4716,25.1016,114.5299,285.0984,0.8045,6.4793,97.6242,1,9.6049,36,7.6822,0.8236,0
62.7337,-0.7025,-0.3069,80.362,464.5882,110,83.2741,32.4915,102.9109,150.0596,0.794,7.8648,107.3284,0,6.6845,27,8.001,1.1326,0
43.4006,0.9261,0.3467,38.5644,610.6058,95,84.152,46.4905,59.1925,606.108,0.8498,7.588,31.6205,1,6.6526,36,4.5868,1.0245,0
66.6279,1.172,0.2503,-123.5338,559.8466,106,54.7435,54.5369,35.4566,310.8196,0.8805,0.5978,81.9549,1,6.2488,34,7.8506,0.9992,0
58.6887,0.9264,0.1609,-129.2052,669.754,102,81.3183,59.6091,91.5474,284.8351,0.8591,7.2741,71.4841,0,9.301,29,4.3088,1.1081,0
39.4584,-0.6773,-0.4423,-154.4043,424.6448,94,91.2599,67.827,95.6092,148.7399,0.9534,5.6523,114.9748,1,10.056,42,5.8733,0.8995,0
43.5209,-0.2346,0.2992,66.0643,642.5941,94,102.596,75.1524,99.4891,317.4737,0.6457,4.3248,149.139,0,7.3725,26,3.3795,1.0744,0
46.8702,-0.606,0.235,-66.8288,134.1928,90,94.4121,8.4032,50.9616,294.4352,0.9832,1.91,78.2438,1,10.4429,26,6.2157,0.9314,0
48.1472,-0.2973,1.2138,-172.7127,407.6109,106,74.7855,30.3805,87.303,312.8351,0.871,1.5024,138.9447,0,7.1978,31,6.0923,1.0609,0
25.6162,-0.8412,0.0438,-58.4306,298.2005,111,74.2012,83.2673,87.5313,160.8261,0.6791,6.0865,102.4076,0,7.7627,32,8.9362,0.8146,0
42.4684,-0.3632,0.8477,119.562,550.6115,92,84.9176,56.9817,39.985,133.3224,0.7654,2.0065,74.6732,0,6.1243,33,3.8847,1.1837,0
44.4637,1.4676,0.6957,-90.8415,644.205,88,88.0892,47.8644,99.6395,469.3235,0.7236,8.9909,91.142,0,6.9718,30,5.4325,1.1726,0
68.9056,-0.3192,0.025,48.0778,498.6226,89,91.2337,5.4342,83.2864,183.0516,0.8868,9.2721,87.7944,0,10.0706,34,4.2597,1.1821,0
52.2693,0.1058,0.6186,-21.7184,703.358,89,85.9755,24.0933,74.7853,352.4556,0.9982,3.4591,117.7351,0,6.9351,19,4.9016,0.8353,0
42.0198,-0.7254,-0.3917,17.6025,383.848,109,67.7485,67.6947,33.5748,271.8969,0.9474,7.4087,32.6379,0,6.3588,27,2.9079,0.8671,0
45.6147,-0.015,-0.0961,34.4782,289.7834,97,66.083,40.6312,71.2549,399.5115,0.9448,0.7492,96.5218,0,6.1052,46,3.609,1.1681,0
54.2509,0.8267,-0.2679,-16.268,608.4718,100,94.5905,60.8953,106.5623,319.0708,0.7648,10.888,131.4844,0,4.3305,31,7.3395,1.0973,0
46.2205,0.4894,-0.0788,-159.1719,675.5647,101,78.3474,41.9904,63.488,309.2043,0.7744,7.5168,111.0063,0,6.0481,27,3.16,0.9873,0
44.1465,1.4183,-1.0021,24.3704,515.8168,111,70.313,93.6387,118.1622,314.2971,0.6814,4.2617,90.67,0,5.0972,24,1.8647,0.9241,0
44.4679,-1.2098,0.8997,-36.8911,773.3297,99,68.6766,49.1187,100.8217,222.9092,0.7486,6.6221,100.5176,0,6.6244,30,7.5498,1.1462,0
54.7973,-0.7564,-0.1523,-108.0432,576.258,80,74.5703,20.2013,104.1307,183.9303,0.8516,4.1958,80.3273,0,7.5156,23,4.3035,1.1378,0
36.1828,-0.4129,0.3935,142.743,559.653,103,95.9388,61.608,82.9323,275.6183,0.9367,0.9718,91.7301,0,7.4246,28,8.4846,0.913,0
39.131,1.5249,0.1227,84.9842,435.4519,110,77.5656,51.4968,55.2758,146.9174,0.6235,3.1466,107.4195,0,8.403,25,5.7681,1.0032,0
40.7236,0.2988,-0.1358,-77.7354,304.5228,98,87.2307,37.5485,66.223,88.0492,0.9785,0.1244,82.1334,1,8.8336,30,6.0356,1.0563,0
38.9591,-1.4171,-0.6386,14.0246,459.9937,98,83.4962,54.0108,85.613,314.4418,0.6971,9.2703,49.1526,0,5.9209,36,3.005,0.8524,0
41.7637,1.0922,-0.457,166.7207,737.1347,97,79.4182,70.9209,109.6621,272.6349,0.6801,11.5994,43.295,1,10.5906,22,4.7898,1.194,0
58.9686,0.1096,-0.1178,-91.6338,528.6375,104,60.2584,45.2097,95.3984,397.5721,0.7592,3.6746,105.5769,0,9.3627,30,5.1697,1.124,0
60.3636,0.8903,-0.2373,161.0584,441.3166,106,88.3689,30.9,62.4147,384.4252,0.8549,8.6055,93.4493,0,9.6291,43,7.8105,1.0694,0
52.7171,1.5836,-0.4869,66.0101,364.2505,97,72.5686,54.1378,53.2041,351.6513,0.8277,6.2828,115.1463,0,7.9463,29,6.5231,1.1528,0
52.1481,-0.9776,-0.3435,14.7012,580.8191,93,63.4395,37.1596,87.028,350.1849,0.7009,0.255,66.9969,0,9.5695,23,6.3485,0.8684,0
43.3002,1.5832,0.2306,173.9548,331.2501,97,61.5331,56.5527,37.2761,220.8344,0.9834,11.694,56.7181,0,11.7677,32,4.7871,1.078,0
29.1891,-0.0742,0.4384,-59.8648,553.545,99,85.8879,75.34,63.7139,347.3547,0.8392,11.5498,114.3106,0,9.9762,29,5.8871,0.8445,0
51.4385,-0.4139,-0.5832,-79.8368,430.8219,90,88.0613,27.1556,52.5583,238.9122,0.9287,10.6766,99.1633,0,9.3404,38,8.3511,0.8792,0
52.9774,0.1547,-0.44,-57.7464,460.9008,91,57.1487,13.0795,108.3204,358.186,0.966,3.7795,77.8139,0,3.5953,29,6.9767,0.9089,0
43.2632,-1.1925,0.1075,90.309,596.318,98,74.7778,95.8518,89.0659,575.544,0.7601,1.607,85.9681,0,9.2808,25,5.9061,1.014,0
39.2393,-0.0199,-0.0817,-58.6776,357.5102,114,83.6376,52.6584,40.8867,59.6189,0.6925,3.7773,66.6131,0,8.604,34,4.8435,0.8593,0
37.2658,-0.2427,-0.1831,-143.0056,500.9804,119,81.5489,25.0707,76.0038,373.5789,0.856,8.8434,114.4016,0,6.94,20,7.7624,1.0685,0
51.6764,-0.9382,0.4612,51.9524,270.9199,115,74.8563,29.9734,101.0327,307.2649,0.7346,5.735,96.0598,0,6.736,32,6.3431,0.851,0
50.819,-0.6464,0.0924,-99.7259,483.0415,130,79.1587,40.5032,39.8802,237.8906,0.7538,11.0034,93.8117,1,9.5286,28,6.8582,0.918,0
61.9456,1.1381,-0.8116,-178.5013,574.5486,128,89.4674,56.0416,81.479,374.9021,0.655,0.2338,111.1771,1,11.0556,38,6.5346,1.1041,0
41.9456,-0.1777,-0.3997,-108.3033,618.7098,87,84.3705,1.6661,98.2143,173.7793,0.928,11.5384,72.2287,0,7.7348,34,7.6755,1.0871,0
47.1207,-0.9807,-0.8305,114.8924,670.1387,109,86.471,63.9746,48.8022,505.4331,0.9121,11.4963,137.9991,0,7.04,28,2.8363,1.1672,0
50.172,0.4482,-0.0896,158.4893,598.7859,98,75.6316,36.2586,113.5793,406.0887,0.8551,9.4121,52.1667,1,6.1661,24,6.1132,1.0404,0
44.5014,0.7667,-0.6641,58.303,438.9816,97,67.2753,79.6645,79.7108,244.5431,0.7523,6.0874,83.1828,1,4.9045,26,4.2578,1.1557,0
58.3902,-0.002,-0.8806,-68.2237,228.4433,106,82.4292,57.7221,86.8755,107.2104,0.9879,4.2989,137.246,0,7.7911,20,4.8296,1.149,0
62.3815,-1.2341,-1.0276,-22.861,648.5985,112,88.003,67.8882,61.7782,237.4658,0.7436,11.4669,90.1564,1,9.4261,26,4.2345,0.9885,0
38.9443,-2.5465,0.9922,-109.9625,421.3102,107,73.2232,45.3183,99.6604,443.1038,0.8475,8.2691,81.9026,0,9.0159,24,6.7841,1.1484,0
45.4192,-0.9008,-0.6827,137.0801,283.0075,91,82.3316,54.9053,83.8787,492.0551,0.6595,9.1728,89.6217,0,6.0504,37,8.9088,1.0928,0
63.2455,1.0543,-0.1578,59.6094,780.7344,108,79.9708,77.6855,112.5871,276.2768,0.6563,9.6989,124.7892,1,9.0334,36,8.6752,0.8785,0
53.2316,0.9628,0.0297,-149.6115,490.9171,114,63.3748,32.9569,73.6319,371.1658,0.9822,10.3259,71.0455,0,7.5847,25,7.519,1.0437,0
51.1721,-0.796,0.0595,-47.9039,573.3459,92,78.4209,58.8421,84.6493,258.8949,0.8909,6.0175,77.4063,0,5.1777,36,9.245,0.9681,0
53.4124,-0.2359,0.3104,13.6881,534.2174,96,81.7421,60.719,81.7632,271.1658,0.6104,11.4779,111.5456,1,4.1884,22,5.9977,0.9373,0
56.5589,0.6978,-0.0255,107.0388,497.838,107,75.3515,77.2492,82.0113,212.557,0.8554,3.5413,80.6542,0,8.3854,35,4.1044,1.0494,0
53.8916,-0.1385,-0.2268,151.3817,441.947,103,90.9243,37.183,94.2899,439.8708,0.6189,9.4886,58.0557,0,11.2716,28,5.6452,0.9969,0
52.136,0.9363,0.1099,-132.2376,412.4316,95,67.5372,33.0319,39.4428,229.1975,0.8977,1.5246,88.6824,0,4.2749,25,6.907,1.2046,0
50.0958,-0.0972,0.1047,120.44,833.8234,99,101.5122,73.784,84.2992,339.5674,0.622,4.4204,61.9803,0,8.7156,41,8.2504,1.198,0
63.4822,0.4816,0.0254,-156.3178,281.3607,92,79.9624,45.4986,67.6529,317.3948,0.7472,5.3298,92.4966,0,7.802,32,8.5988,1.069,0
47.3372,-0.3228,0.3204,-93.4234,435.0437,86,78.0809,32.023,70.5463,561.8785,0.7509,6.6488,79.2258,1,7.6344,33,2.5077,0.8999,1
50.0124,-0.7839,-0.3129,-172.4356,366.4586,92,89.1521,40.0911,69.0671,303.2311,0.8367,0.9051,86.483,0,9.1044,24,1.8887,1.049,0
65.5199,1.1657,-0.1004,-157.0218,577.6711,102,65.042,22.2875,39.9647,249.5446,0.685,4.7462,71.397,0,6.4616,33,5.4864,0.8765,0
53.2573,-1.502,-0.6629,-168.3287,437.9032,100,102.7693,49.4423,31.3188,226.9717,0.8771,3.7421,114.1494,0,9.511,31,7.9172,1.1235,0
49.3341,-0.5997,-0.1225,-127.4372,425.1545,94,73.1782,-7.6207,39.6213,391.4046,0.8143,5.5431,98.4115,0,9.7329,32,5.1129,1.196,0
56.3075,-0.0943,-0.3191,135.5501,596.2659,97,88.8707,55.3171,69.1905,502.2805,0.7341,8.7584,86.2688,0,9.9117,27,5.025,0.8966,0
52.2729,0.8587,0.5277,-77.8224,790.2683,81,80.0226,19.1631,63.9828,480.8974,0.9094,1.8155,71.4027,0,9.4049,26,4.8432,0.9831,0
42.6088,-0.8789,-0.7312,-7.3025,375.4382,94,69.8202,75.3731,42.7488,250.9677,0.8413,8.1902,77.0982,0,6.4098,28,5.1475,0.9202,0
52.451,0.1268,-0.2376,-4.6381,267.2999,113,90.1851,35.8859,95.1302,381.1951,0.9592,4.2838,78.917,1,7.4322,24,6.7986,0.8088,0
41.9123,-1.3865,-0.2621,178.2947,509.3806,100,85.2912,33.4386,94.3206,196.0486,0.8079,3.6769,80.8122,0,6.0944,23,2.0671,1.1958,0
68.2677,0.4404,0.3354,-48.7178,625.6419,97,110.5046,50.8416,112.0196,297.6805,0.7267,4.8271,110.3508,0,7.1623,26,7.9503,1.0473,0
52.3878,1.8237,-0.6382,-84.5642,467.7051,108,83.8725,57.8679,106.3433,162.7499,0.6022,10.2718,64.9009,0,7.1739,23,7.4653,1.1218,0
40.6179,-1.9596,0.0019,166.7681,594.9333,101,73.6646,50.7076,104.5166,304.5059,0.8283,0.808,85.8055,0,9.4381,32,3.048,1.2047,0
46.0737,-0.7274,0.0393,33.3092,417.7617,109,61.4497,17.5768,102.174,198.8159,0.961,6.8935,86.5904,0,7.8988,28,6.5444,0.8595,0
57.5958,0.8369,0.4618,-75.7867,858.7813,90,72.5612,52.3507,109.3563,293.2703,0.6521,8.8181,115.4638,0,4.5899,26,6.7401,0.854,0
39.0887,2.9436,-0.4274,-76.5051,592.1404,104,82.5627,48.4221,76.2895,432.6171,0.991,7.4902,120.1181,0,8.6441,31,3.9686,1.0438,0
77.2046,0.5881,-0.6537,-148.9094,427.33,104,76.2619,47.6591,37.039,215.0809,0.8573,6.4246,104.1228,0,7.4174,29,4.9578,1.0927,0
35.4475,-0.7294,0.2375,20.4727,387.1964,97,87.6323,61.5783,80.9979,259.6414,0.6983,7.466,121.7622,0,9.7401,33,5.0347,0.9398,0
59.2565,-0.1486,-0.6974,80.5276,540.5562,103,83.6243,34.5312,106.1853,395.6694,0.9785,4.2495,107.4916,0,9.0101,32,2.0033,1.0123,0
45.1339,-1.2269,-0.2614,-9.103,601.0698,101,67.5279,27.3466,38.5473,262.1522,0.9959,5.0969,91.9734,0,6.7797,32,4.629,0.8913,0
41.9113,0.8051,-0.1193,138.3973,303.8523,100,75.9077,62.2961,103.8309,179.6571,0.6121,4.656,138.2843,0,8.464,29,7.8563,1.0584,0
55.3773,1.0461,0.3079,-5.7727,501.668,112,71.3442,11.0188,42.381,258.4135,0.9817,6.96,74.1538,0,11.0963,28,4.0541,0.8648,0
45.4604,1.4063,-0.7709,-55.311,611.4298,101,83.4475,55.6613,32.3339,302.5531,0.7053,10.6164,106.9862,0,4.4188,33,6.1357,0.939,0
65.9155,-0.3301,-0.1481,-89.7182,550.0631,93,84.3114,25.7559,93.1982,361.8212,0.8943,5.6727,72.6077,0,9.2367,22,6.83,0.811,0
35.9871,-0.8075,0.013,-92.4144,593.5878,96,73.9873,78.048,88.054,120.4951,0.7124,4.8617,60.9187,0,6.3221,37,4.1371,0.9853,0
55.6228,1.495,-0.4305,-66.055,723.6375,99,63.6014,20.899,109.031,356.8372,0.782,8.1312,124.6277,0,5.4945,27,8.095,0.894,0
47.2478,1.3808,-0.1788,177.111,33.5916,94,108.1222,21.3269,89.6478,319.6626,0.7079,2.3779,90.9204,0,7.7962,39,5.225,0.8118,0
52.9628,-0.9879,0.4445,-50.1025,532.7616,95,83.2256,96.5958,53.7131,89.663,0.8882,10.7081,135.4177,0,7.6663,26,5.2143,1.18,0
55.1409,-0.3756,-0.2535,8.856,147.2895,85,83.2025,75.2527,112.9218,273.2025,0.9214,9.083,125.3909,0,8.0228,19,6.1938,0.9135,0
32.6838,0.7895,-0.182,-81.117,493.2405,131,61.2561,33.8619,111.2472,310.9388,0.8926,4.1977,96.1163,0,7.9031,35,13.0223,1.1953,0
52.3401,-0.2522,0.4428,-128.3271,694.8647,80,87.2397,25.275,114.84,212.9822,0.9837,2.5003,93.3965,1,6.0545,25,7.7965,1.1361,0
60.8905,0.0316,-0.1091,52.5,480.711,82,90.6368,31.4719,96.4673,194.7406,0.6573,7.6749,163.0405,1,9.5811,22,6.0986,1.1309,0
54.6639,-1.4691,0.6692,16.2792,359.8353,82,83.3822,57.2048,108.2636,294.6888,0.8312,11.5102,91.7633,0,7.1062,28,4.8139,1.1327,0
46.3123,-1.1223,-0.8192,-155.5825,623.8358,104,81.3405,55.6869,51.6918,297.3905,0.9783,10.4947,28.1318,0,11.816,33,8.3478,0.8555,0
35.862,-0.0914,-0.1367,137.8033,520.9768,102,81.3617,42.0221,82.68,86.9359,0.7855,0.9266,128.3467,0,9.1613,32,9.128,1.1236,0
55.0795,-0.6988,0.3881,2.7756,528.3642,114,71.1182,84.3141,54.0927,230.4158,0.9553,3.3324,117.0203,0,9.8663,35,7.2993,1.1407,0
68.7611,-1.148,-0.3597,-59.2849,823.613,112,73.0333,34.2786,59.4646,218.6502,0.6042,8.2481,105.257,0,8.3761,23,6.2077,0.8889,0
56.6187,-0.3141,-0.1172,100.5693,273.9471,109,77.6993,12.1928,104.4705,165.9412,0.9781,6.5124,89.3459,1,11.7736,31,8.0843,1.1787,0
61.5772,-0.8775,0.6317,-139.6475,404.5464,107,90.9963,103.394,93.945,385.6931,0.6202,2.336,90.0278,0,9.5395,23,7.6897,0.9111,0
59.3302,0.0281,-0.3873,-9.4391,556.4166,94,82.6745,68.2958,113.3608,394.215,0.6235,10.3927,98.4033,1,10.6291,26,5.3533,1.186,0
46.0692,0.9925,0.2413,17.5581,682.8504,110,72.586,45.8996,100.4132,154.4143,0.7443,11.5886,91.3634,1,9.3722,23,7.4142,0.857,0
50.9049,-0.3013,0.3733,99.045,355.9304,90,73.531,54.1714,56.1465,282.0752,0.9347,4.6547,122.2014,0,8.3839,29,4.7711,1.202,0
58.6852,-0.4261,0.0383,-46.7119,438.3705,123,58.3784,52.4152,109.4144,343.2284,0.6346,7.1238,130.8758,0,7.8018,32,6.6357,1.202,0
34.2028,1.0737,0.02,127.787,489.7304,102,84.4983,17.544,36.8575,399.1026,0.9715,4.2497,62.4372,0,8.5734,28,2.7134,0.9344,0
56.5174,0.7335,-0.5125,71.1622,477.1788,98,77.9027,49.6649,37.3452,387.2344,0.6892,2.479,102.018,0,7.7558,31,7.8968,1.0802,0
62.5892,0.798,0.3655,97.5871,604.621,101,81.8685,58.643,54.5867,264.4427,0.6198,10.7777,50.2586,1,9.9032,33,4.1028,1.194,0
49.4864,-2.5207,-0.6272,168.868,492.477,107,110.3104,57.668,102.4538,308.7176,0.8255,5.0592,131.8532,0,8.5622,34,7.6572,0.9581,0
58.1402,-0.4483,0.1956,124.1113,597.4382,99,75.5272,2.3209,113.4706,409.3546,0.9317,0.3298,76.7989,0,9.5919,23,5.0188,1.1438,0
44.4563,-0.5717,-0.2592,-55.1562,319.5669,87,82.1441,53.7636,88.1054,258.681,0.9889,3.8758,92.4669,0,9.1151,24,4.2222,0.8798,0
50.3823,-0.8256,-0.1974,52.492,521.6978,97,73.6876,59.2981,113.5426,207.9949,0.6948,4.7553,122.6756,0,7.364,39,3.6241,1.1278,0
47.2689,1.0536,-0.1006,132.7002,505.1861,113,78.3279,48.9872,84.0242,412.7234,0.9394,2.0383,66.5612,0,6.6437,31,6.0675,0.8403,0
54.5981,-0.5435,0.2497,9.0438,626.5518,102,70.264,25.7087,113.9,195.3993,0.6567,8.8221,95.3951,0,9.8922,26,7.5348,0.921,0
48.9547,-1.3904,0.781,65.8079,877.9707,109,69.016,76.2265,68.1975,127.5077,0.8995,2.1239,55.3463,0,9.4045,23,3.2095,1.0274,1
33.2382,0.2462,0.0557,-117.986,643.4434,101,61.9542,49.3307,117.5019,328.9518,0.613,10.4042,92.4846,0,7.0919,29,4.821,0.8973,0
